JvmtiExport can_access_local_variables 1
JvmtiExport can_hotswap_or_post_breakpoint 1
JvmtiExport can_post_on_exceptions 1
# 835 ciObject found
ciInstanceKlass java/lang/Cloneable 1 0 7 100 1 100 1 1 1
instanceKlass java/util/AbstractList$SubList$1
instanceKlass org/springframework/cglib/core/DuplicatesPredicate
instanceKlass org/springframework/cglib/core/RejectModifierPredicate
instanceKlass java/lang/invoke/DirectMethodHandle$1
instanceKlass java/lang/runtime/ObjectMethods$1
instanceKlass sun/invoke/util/ValueConversions$WrapperCache
instanceKlass java/lang/invoke/MethodHandleImpl$Makers$2
instanceKlass java/lang/invoke/MethodHandleImpl$Makers$1
instanceKlass java/lang/invoke/MethodHandleImpl$Makers
instanceKlass java/lang/runtime/ObjectMethods
instanceKlass org/springframework/cglib/core/MethodWrapper
instanceKlass org/springframework/cglib/proxy/Factory
instanceKlass org/springframework/cglib/core/VisibilityPredicate
instanceKlass org/springframework/cglib/transform/TransformingClassGenerator
instanceKlass org/springframework/asm/ByteVector
instanceKlass org/springframework/asm/Symbol
instanceKlass org/springframework/asm/SymbolTable
instanceKlass org/springframework/asm/RecordComponentVisitor
instanceKlass org/springframework/asm/ModuleVisitor
instanceKlass org/springframework/asm/FieldVisitor
instanceKlass org/springframework/cglib/core/internal/LoadingCache
instanceKlass org/springframework/cglib/core/internal/Function
instanceKlass org/springframework/cglib/core/AbstractClassGenerator$ClassLoaderData
instanceKlass org/springframework/cglib/core/MethodInfo
instanceKlass org/springframework/cglib/core/ClassInfo
instanceKlass org/springframework/cglib/core/ReflectUtils
instanceKlass org/springframework/cglib/proxy/ProxyRefDispatcher
instanceKlass org/springframework/cglib/proxy/FixedValueGenerator
instanceKlass org/springframework/cglib/proxy/FixedValue
instanceKlass org/springframework/cglib/proxy/DispatcherGenerator
instanceKlass org/springframework/cglib/proxy/Dispatcher
instanceKlass org/springframework/cglib/proxy/LazyLoaderGenerator
instanceKlass org/springframework/cglib/proxy/LazyLoader
instanceKlass org/springframework/cglib/proxy/InvocationHandlerGenerator
instanceKlass org/springframework/cglib/proxy/InvocationHandler
instanceKlass org/springframework/cglib/proxy/MethodInterceptorGenerator
instanceKlass org/springframework/cglib/proxy/NoOpGenerator
instanceKlass org/springframework/cglib/proxy/CallbackGenerator
instanceKlass org/springframework/cglib/proxy/CallbackInfo
instanceKlass org/springframework/cglib/core/SpringNamingPolicy
instanceKlass org/springframework/cglib/core/DefaultNamingPolicy
instanceKlass org/springframework/cglib/core/DefaultGeneratorStrategy
instanceKlass org/springframework/cglib/core/AsmApi
instanceKlass org/springframework/cglib/core/Constants
instanceKlass org/springframework/cglib/core/Signature
instanceKlass org/springframework/cglib/core/CollectionUtils
instanceKlass org/springframework/cglib/core/TypeUtils
instanceKlass org/springframework/cglib/core/AbstractClassGenerator$Source
instanceKlass org/springframework/cglib/core/Transformer
instanceKlass org/springframework/cglib/proxy/CallbackGenerator$Context
instanceKlass org/springframework/cglib/core/ProcessSwitchCallback
instanceKlass org/springframework/cglib/core/ObjectSwitchCallback
instanceKlass org/springframework/cglib/core/Predicate
instanceKlass org/springframework/cglib/core/AbstractClassGenerator
instanceKlass org/springframework/cglib/core/ClassGenerator
instanceKlass org/springframework/context/annotation/ConfigurationClassEnhancer$EnhancedConfiguration
instanceKlass org/springframework/aop/framework/autoproxy/AutoProxyUtils
instanceKlass org/springframework/objenesis/instantiator/ObjectInstantiator
instanceKlass org/springframework/objenesis/strategy/BaseInstantiatorStrategy
instanceKlass org/springframework/objenesis/strategy/InstantiatorStrategy
instanceKlass org/springframework/objenesis/SpringObjenesis
instanceKlass org/springframework/objenesis/Objenesis
instanceKlass org/springframework/context/annotation/ConfigurationClassEnhancer$ConditionalCallbackFilter
instanceKlass org/springframework/cglib/proxy/NoOp$1
instanceKlass org/springframework/cglib/proxy/NoOp
instanceKlass org/springframework/context/annotation/ConfigurationClassEnhancer$BeanFactoryAwareMethodInterceptor
instanceKlass org/springframework/context/annotation/ConfigurationClassEnhancer$BeanMethodInterceptor
instanceKlass org/springframework/context/annotation/ConfigurationClassEnhancer$ConditionalCallback
instanceKlass org/springframework/cglib/proxy/MethodInterceptor
instanceKlass org/springframework/cglib/proxy/Callback
instanceKlass org/springframework/cglib/proxy/CallbackFilter
instanceKlass org/springframework/cglib/core/GeneratorStrategy
instanceKlass org/springframework/cglib/core/NamingPolicy
instanceKlass org/springframework/context/annotation/ConfigurationClassEnhancer
instanceKlass org/springframework/beans/Mergeable
instanceKlass org/springframework/security/config/annotation/web/configuration/WebMvcSecurityConfiguration$HandlerMappingIntrospectorCacheFilterFactoryBean
instanceKlass org/springframework/security/web/access/HandlerMappingIntrospectorRequestTransformer
instanceKlass org/springframework/security/web/access/AuthorizationManagerWebInvocationPrivilegeEvaluator$HttpServletRequestTransformer
instanceKlass org/springframework/security/config/annotation/web/configuration/WebMvcSecurityConfiguration$1
instanceKlass org/springframework/cloud/context/scope/StandardScopeCache
instanceKlass org/springframework/cloud/context/scope/GenericScope$BeanLifecycleWrapperCache
instanceKlass org/springframework/cloud/context/scope/ScopeCache
instanceKlass org/springframework/beans/factory/support/ConstructorResolver
instanceKlass org/springframework/boot/actuate/autoconfigure/web/server/ManagementContextAutoConfiguration
instanceKlass org/springframework/boot/actuate/autoconfigure/web/server/ManagementContextAutoConfiguration$SameManagementContextConfiguration
instanceKlass org/springframework/boot/actuate/autoconfigure/web/server/ManagementContextAutoConfiguration$SameManagementContextConfiguration$EnableSameManagementContextConfiguration
instanceKlass org/springframework/boot/actuate/autoconfigure/security/servlet/SecurityRequestMatchersManagementContextConfiguration
instanceKlass org/springframework/web/cors/CorsConfiguration
instanceKlass org/springframework/boot/actuate/autoconfigure/web/server/ManagementServerProperties
instanceKlass org/springframework/boot/actuate/autoconfigure/security/servlet/SecurityRequestMatchersManagementContextConfiguration$MvcRequestMatcherConfiguration
instanceKlass org/springframework/boot/autoconfigure/security/servlet/RequestMatcherProvider
instanceKlass org/springframework/boot/actuate/autoconfigure/endpoint/web/servlet/WebMvcEndpointManagementContextConfiguration$EndpointObjectMapperWebMvcConfigurer
instanceKlass org/springframework/boot/actuate/autoconfigure/endpoint/web/servlet/WebMvcEndpointManagementContextConfiguration
instanceKlass org/springframework/boot/actuate/autoconfigure/endpoint/web/CorsEndpointProperties
instanceKlass org/springframework/boot/actuate/endpoint/web/ExposableServletEndpoint
instanceKlass org/springframework/boot/actuate/autoconfigure/endpoint/web/ServletEndpointManagementContextConfiguration
instanceKlass org/springframework/boot/actuate/endpoint/web/ServletEndpointRegistrar
instanceKlass org/springframework/boot/actuate/autoconfigure/endpoint/web/ServletEndpointManagementContextConfiguration$WebMvcServletEndpointManagementContextConfiguration
instanceKlass org/springframework/cloud/configuration/SpringBootVersionVerifier
instanceKlass org/springframework/cloud/configuration/SleuthPresentVerifier
instanceKlass org/springframework/cloud/configuration/CompatibilityVerifier
instanceKlass org/springframework/cloud/configuration/CompositeCompatibilityVerifier
instanceKlass org/springframework/cloud/configuration/CompatibilityVerifierAutoConfiguration
instanceKlass org/springframework/cloud/configuration/CompatibilityVerifierProperties
instanceKlass org/springframework/cloud/config/client/ConfigClientAutoConfiguration
instanceKlass org/springframework/cloud/config/client/ConfigClientHealthProperties
instanceKlass org/springframework/cloud/config/client/ConfigClientAutoConfiguration$ConfigServerHealthIndicatorConfiguration
instanceKlass org/springframework/cloud/commons/util/UtilAutoConfiguration
instanceKlass org/springframework/cloud/commons/security/ResourceServerTokenRelayAutoConfiguration
instanceKlass org/springframework/cloud/commons/security/ResourceServerTokenRelayAutoConfiguration$ResourceServerTokenRelayRegistrationAutoConfiguration
instanceKlass org/springframework/cloud/commons/config/DefaultsBindHandlerAdvisor
instanceKlass org/springframework/boot/context/properties/ConfigurationPropertiesBindHandlerAdvisor
instanceKlass org/springframework/cloud/commons/config/CommonsConfigAutoConfiguration
instanceKlass org/springframework/cloud/client/serviceregistry/ServiceRegistryAutoConfiguration
instanceKlass org/springframework/cloud/client/serviceregistry/AutoServiceRegistrationAutoConfiguration
instanceKlass org/springframework/cloud/commons/config/DefaultsBindHandlerAdvisor$MappingsProvider
instanceKlass org/springframework/cloud/client/loadbalancer/LoadBalancerDefaultMappingsProviderAutoConfiguration
instanceKlass org/springframework/cloud/client/serviceregistry/ServiceRegistry
instanceKlass org/springframework/cloud/client/serviceregistry/AutoServiceRegistrationConfiguration
instanceKlass org/springframework/cloud/client/serviceregistry/AutoServiceRegistrationProperties
instanceKlass org/springframework/cloud/client/ReactiveCommonsClientAutoConfiguration
instanceKlass org/springframework/cloud/client/loadbalancer/LoadBalancerClient
instanceKlass org/springframework/cloud/client/loadbalancer/ServiceInstanceChooser
instanceKlass org/springframework/cloud/client/discovery/health/DiscoveryCompositeHealthContributor
instanceKlass org/springframework/boot/actuate/health/CompositeHealthContributor
instanceKlass org/springframework/cloud/client/actuator/HasFeatures
instanceKlass org/springframework/cloud/client/discovery/health/DiscoveryClientHealthIndicator
instanceKlass org/springframework/cloud/client/CommonsClientAutoConfiguration$DiscoveryLoadBalancerConfiguration
instanceKlass org/springframework/cloud/client/discovery/health/DiscoveryHealthIndicator
instanceKlass org/springframework/cloud/client/discovery/health/DiscoveryClientHealthIndicatorProperties
instanceKlass org/springframework/cloud/client/CommonsClientAutoConfiguration$ActuatorConfiguration
instanceKlass org/springframework/cloud/client/actuator/FeaturesEndpoint
instanceKlass org/springframework/cloud/client/discovery/composite/CompositeDiscoveryClient
instanceKlass org/springframework/cloud/client/discovery/DiscoveryClient
instanceKlass org/springframework/cloud/client/discovery/composite/CompositeDiscoveryClientAutoConfiguration
instanceKlass org/springframework/cloud/client/discovery/simple/SimpleDiscoveryProperties
instanceKlass org/springframework/cloud/client/CommonsClientAutoConfiguration
instanceKlass org/springframework/cloud/client/discovery/simple/SimpleDiscoveryClientAutoConfiguration
instanceKlass org/springframework/cloud/autoconfigure/RefreshEndpointAutoConfiguration
instanceKlass org/springframework/cloud/autoconfigure/RestartEndpointWithIntegrationConfiguration
instanceKlass org/springframework/cloud/autoconfigure/PauseResumeEndpointsConfiguration
instanceKlass org/springframework/cloud/autoconfigure/RestartEndpointWithoutIntegrationConfiguration
instanceKlass org/springframework/cloud/context/restart/RestartEndpoint
instanceKlass org/springframework/cloud/endpoint/RefreshEndpoint
instanceKlass org/springframework/cloud/autoconfigure/RefreshEndpointAutoConfiguration$RefreshEndpointConfiguration
instanceKlass org/springframework/cloud/context/properties/ConfigurationPropertiesRebinder
instanceKlass org/springframework/cloud/autoconfigure/ConfigurationPropertiesRebinderAutoConfiguration
instanceKlass org/springframework/cloud/context/properties/ConfigurationPropertiesBeans
instanceKlass org/springframework/boot/devtools/autoconfigure/LocalDevToolsAutoConfiguration
instanceKlass org/springframework/boot/devtools/autoconfigure/LocalDevToolsAutoConfiguration$LiveReloadServerEventListener
instanceKlass org/springframework/boot/devtools/autoconfigure/OptionalLiveReloadServer
instanceKlass org/springframework/boot/devtools/autoconfigure/RemoteDevToolsProperties
instanceKlass org/springframework/boot/devtools/autoconfigure/DevToolsProperties$Livereload
instanceKlass org/springframework/boot/devtools/autoconfigure/DevToolsProperties$Restart
instanceKlass org/springframework/boot/devtools/autoconfigure/DevToolsProperties
instanceKlass org/springframework/boot/devtools/autoconfigure/LocalDevToolsAutoConfiguration$LiveReloadConfiguration
instanceKlass org/springframework/boot/devtools/livereload/LiveReloadServer
instanceKlass org/springframework/boot/devtools/autoconfigure/ConditionEvaluationDeltaLoggingListener
instanceKlass org/springframework/boot/devtools/autoconfigure/LocalDevToolsAutoConfiguration$RestartingClassPathChangeChangedEventListener
instanceKlass org/springframework/boot/devtools/filewatch/FileSystemWatcher
instanceKlass org/springframework/boot/devtools/filewatch/FileSystemWatcherFactory
instanceKlass java/io/FileFilter
instanceKlass org/springframework/boot/devtools/classpath/ClassPathRestartStrategy
instanceKlass org/springframework/boot/devtools/autoconfigure/LocalDevToolsAutoConfiguration$RestartConfiguration
instanceKlass org/springframework/boot/devtools/classpath/ClassPathFileSystemWatcher
instanceKlass org/springframework/boot/autoconfigure/web/servlet/MultipartAutoConfiguration
instanceKlass org/springframework/boot/autoconfigure/web/servlet/HttpEncodingAutoConfiguration$LocaleCharsetMappingsCustomizer
instanceKlass org/springframework/boot/autoconfigure/web/servlet/MultipartProperties
instanceKlass org/springframework/boot/autoconfigure/web/servlet/HttpEncodingAutoConfiguration
instanceKlass org/springframework/boot/autoconfigure/web/embedded/EmbeddedWebServerFactoryCustomizerAutoConfiguration
instanceKlass org/springframework/boot/autoconfigure/web/embedded/TomcatWebServerFactoryCustomizer
instanceKlass org/springframework/boot/autoconfigure/web/embedded/TomcatVirtualThreadsWebServerFactoryCustomizer
instanceKlass org/springframework/boot/autoconfigure/web/embedded/EmbeddedWebServerFactoryCustomizerAutoConfiguration$TomcatWebServerFactoryCustomizerConfiguration
instanceKlass org/springframework/boot/autoconfigure/web/embedded/NettyWebServerFactoryCustomizer
instanceKlass org/springframework/boot/autoconfigure/web/embedded/EmbeddedWebServerFactoryCustomizerAutoConfiguration$NettyWebServerFactoryCustomizerConfiguration
instanceKlass org/springframework/boot/autoconfigure/sql/init/SqlInitializationAutoConfiguration
instanceKlass org/springframework/security/provisioning/InMemoryUserDetailsManager
instanceKlass org/springframework/security/core/userdetails/UserDetailsPasswordService
instanceKlass org/springframework/security/provisioning/UserDetailsManager
instanceKlass org/springframework/boot/sql/init/dependency/DatabaseInitializationDependencyConfigurer$DependsOnDatabaseInitializationPostProcessor
instanceKlass org/springframework/boot/autoconfigure/sql/init/DataSourceInitializationConfiguration
instanceKlass org/springframework/boot/autoconfigure/sql/init/R2dbcInitializationConfiguration
instanceKlass org/springframework/boot/autoconfigure/sql/init/SqlInitializationProperties
instanceKlass org/springframework/security/authentication/AuthenticationManagerResolver
instanceKlass org/springframework/security/core/userdetails/UserDetailsService
instanceKlass org/springframework/security/authentication/AuthenticationProvider
instanceKlass org/springframework/boot/autoconfigure/security/servlet/SecurityFilterAutoConfiguration
instanceKlass org/springframework/boot/autoconfigure/security/SecurityProperties$User
instanceKlass org/springframework/boot/autoconfigure/security/SecurityProperties$Filter
instanceKlass org/springframework/boot/autoconfigure/security/servlet/SecurityAutoConfiguration
instanceKlass org/springframework/boot/autoconfigure/security/SecurityDataConfiguration
instanceKlass org/springframework/boot/autoconfigure/security/servlet/SpringBootWebSecurityConfiguration
instanceKlass org/springframework/boot/autoconfigure/security/SecurityProperties
instanceKlass org/springframework/boot/autoconfigure/security/servlet/UserDetailsServiceAutoConfiguration
instanceKlass org/springframework/boot/autoconfigure/security/servlet/SpringBootWebSecurityConfiguration$WebSecurityEnablerConfiguration
instanceKlass org/springframework/security/web/FilterChainProxy$FilterChainDecorator
instanceKlass org/springframework/security/authorization/AuthorizationManager
instanceKlass org/springframework/security/core/context/SecurityContextHolderStrategy
instanceKlass org/springframework/security/config/annotation/SecurityConfigurerAdapter
instanceKlass org/springframework/web/servlet/support/RequestDataValueProcessor
instanceKlass org/springframework/security/config/annotation/web/configuration/WebMvcSecurityConfiguration
instanceKlass org/springframework/security/web/FilterInvocation
instanceKlass org/springframework/security/web/access/WebInvocationPrivilegeEvaluator
instanceKlass org/springframework/security/access/expression/SecurityExpressionHandler
instanceKlass org/springframework/security/context/DelegatingApplicationListener
instanceKlass org/springframework/security/config/annotation/authentication/ProviderManagerBuilder
instanceKlass org/springframework/security/config/annotation/authentication/configuration/GlobalAuthenticationConfigurerAdapter
instanceKlass org/springframework/security/config/annotation/SecurityConfigurer
instanceKlass org/springframework/boot/autoconfigure/reactor/ReactorAutoConfiguration
instanceKlass org/springframework/boot/autoconfigure/netty/NettyAutoConfiguration
instanceKlass org/springframework/context/support/DefaultLifecycleProcessor
instanceKlass org/springframework/boot/autoconfigure/context/LifecycleAutoConfiguration
instanceKlass org/springframework/boot/autoconfigure/context/ConfigurationPropertiesAutoConfiguration
instanceKlass org/springframework/boot/autoconfigure/aop/AopAutoConfiguration
instanceKlass org/springframework/boot/autoconfigure/aop/AopAutoConfiguration$ClassProxyingConfiguration
instanceKlass jdk/internal/access/foreign/MemorySegmentProxy
instanceKlass org/springframework/security/config/annotation/configuration/ObjectPostProcessorConfiguration
instanceKlass org/springframework/boot/autoconfigure/reactor/ReactorProperties
instanceKlass org/springframework/boot/autoconfigure/netty/NettyProperties
instanceKlass org/springframework/boot/autoconfigure/context/LifecycleProperties
instanceKlass org/springframework/boot/actuate/autoconfigure/scheduling/ScheduledTasksObservabilityAutoConfiguration$ObservabilitySchedulingConfigurer
instanceKlass org/springframework/scheduling/annotation/SchedulingConfigurer
instanceKlass org/springframework/boot/actuate/autoconfigure/scheduling/ScheduledTasksObservabilityAutoConfiguration
instanceKlass org/springframework/boot/actuate/autoconfigure/observation/web/servlet/WebMvcObservationAutoConfiguration$MeterFilterConfiguration
instanceKlass org/springframework/http/server/observation/ServerRequestObservationConvention
instanceKlass org/springframework/boot/actuate/autoconfigure/observation/web/servlet/WebMvcObservationAutoConfiguration
instanceKlass org/springframework/boot/actuate/autoconfigure/observation/web/client/HttpClientObservationsAutoConfiguration
instanceKlass org/springframework/boot/actuate/autoconfigure/observation/web/client/RestClientObservationConfiguration
instanceKlass org/springframework/boot/actuate/autoconfigure/observation/web/client/WebClientObservationConfiguration
instanceKlass org/springframework/boot/autoconfigure/web/reactive/function/client/WebClientAutoConfiguration
instanceKlass org/springframework/boot/actuate/metrics/web/client/ObservationRestTemplateCustomizer
instanceKlass org/springframework/boot/web/client/RestTemplateCustomizer
instanceKlass org/springframework/boot/actuate/autoconfigure/observation/web/client/RestTemplateObservationConfiguration
instanceKlass org/springframework/boot/actuate/autoconfigure/observation/web/client/HttpClientObservationsAutoConfiguration$MeterFilterConfiguration
instanceKlass org/springframework/boot/autoconfigure/web/client/RestTemplateBuilderConfigurer
instanceKlass org/springframework/boot/autoconfigure/web/client/RestTemplateAutoConfiguration
instanceKlass org/springframework/boot/autoconfigure/web/client/AutoConfiguredRestClientSsl
instanceKlass org/springframework/boot/autoconfigure/web/client/RestClientSsl
instanceKlass org/springframework/boot/autoconfigure/web/client/RestClientBuilderConfigurer
instanceKlass org/springframework/boot/autoconfigure/web/client/RestClientAutoConfiguration
instanceKlass org/springframework/boot/autoconfigure/web/client/HttpMessageConvertersRestClientCustomizer
instanceKlass org/springframework/boot/web/client/RestClientCustomizer
instanceKlass org/springframework/boot/autoconfigure/http/client/HttpClientProperties$Ssl
instanceKlass org/springframework/boot/autoconfigure/http/client/HttpClientAutoConfiguration
instanceKlass org/springframework/boot/http/client/ClientHttpRequestFactoryBuilder
instanceKlass org/springframework/boot/autoconfigure/http/client/HttpClientProperties
instanceKlass org/springframework/boot/autoconfigure/http/HttpMessageConvertersAutoConfiguration
instanceKlass org/springframework/boot/autoconfigure/http/HttpMessageConvertersAutoConfiguration$HttpMessageConvertersAutoConfigurationRuntimeHints
instanceKlass org/springframework/boot/autoconfigure/http/JsonbHttpMessageConvertersConfiguration
instanceKlass org/springframework/boot/autoconfigure/http/GsonHttpMessageConvertersConfiguration
instanceKlass org/springframework/boot/autoconfigure/http/JacksonHttpMessageConvertersConfiguration
instanceKlass org/springframework/boot/autoconfigure/jsonb/JsonbAutoConfiguration
instanceKlass org/springframework/boot/autoconfigure/gson/GsonAutoConfiguration
instanceKlass org/springframework/boot/autoconfigure/http/JacksonHttpMessageConvertersConfiguration$MappingJackson2HttpMessageConverterConfiguration
instanceKlass org/springframework/boot/autoconfigure/http/HttpMessageConvertersAutoConfiguration$StringHttpMessageConverterConfiguration
instanceKlass org/springframework/boot/actuate/autoconfigure/observation/ObservationProperties$LongTaskTimer
instanceKlass org/springframework/boot/actuate/autoconfigure/observation/ObservationProperties$Http
instanceKlass org/springframework/boot/actuate/autoconfigure/observation/PropertiesObservationFilterPredicate
instanceKlass io/micrometer/observation/ObservationPredicate
instanceKlass io/micrometer/observation/ObservationFilter
instanceKlass org/springframework/boot/actuate/autoconfigure/observation/ObservationRegistryPostProcessor
instanceKlass org/springframework/boot/actuate/autoconfigure/observation/ObservationAutoConfiguration
instanceKlass org/springframework/boot/actuate/autoconfigure/observation/ObservationHandlerGrouping
instanceKlass org/springframework/boot/actuate/autoconfigure/observation/ObservationAutoConfiguration$OnlyMetricsConfiguration
instanceKlass org/springframework/boot/actuate/autoconfigure/observation/ObservationAutoConfiguration$MeterObservationHandlerConfiguration
instanceKlass io/micrometer/core/instrument/observation/DefaultMeterObservationHandler
instanceKlass org/springframework/boot/actuate/autoconfigure/observation/ObservationAutoConfiguration$MeterObservationHandlerConfiguration$OnlyMetricsMeterObservationHandlerConfiguration
instanceKlass org/springframework/boot/actuate/autoconfigure/observation/ObservationProperties
instanceKlass org/springframework/boot/actuate/autoconfigure/tracing/MicrometerTracingAutoConfiguration
instanceKlass io/micrometer/core/instrument/observation/MeterObservationHandler
instanceKlass io/micrometer/observation/ObservationHandler
instanceKlass org/springframework/boot/actuate/metrics/web/tomcat/TomcatMetricsBinder
instanceKlass org/springframework/boot/actuate/autoconfigure/metrics/web/tomcat/TomcatMetricsAutoConfiguration
instanceKlass org/springframework/boot/LazyInitializationExcludeFilter
instanceKlass org/springframework/boot/actuate/autoconfigure/metrics/task/TaskExecutorMetricsAutoConfiguration
instanceKlass org/springframework/boot/autoconfigure/task/TaskSchedulingAutoConfiguration
instanceKlass org/springframework/boot/autoconfigure/task/TaskSchedulingProperties$Shutdown
instanceKlass org/springframework/boot/autoconfigure/task/TaskSchedulingProperties$Simple
instanceKlass org/springframework/boot/autoconfigure/task/TaskSchedulingProperties$Pool
instanceKlass org/springframework/boot/autoconfigure/task/TaskSchedulingConfigurations$TaskSchedulerConfiguration
instanceKlass org/springframework/boot/autoconfigure/task/TaskSchedulingConfigurations$SimpleAsyncTaskSchedulerBuilderConfiguration
instanceKlass org/springframework/boot/autoconfigure/task/TaskSchedulingProperties
instanceKlass org/springframework/boot/task/SimpleAsyncTaskSchedulerBuilder
instanceKlass org/springframework/boot/autoconfigure/task/TaskSchedulingConfigurations$ThreadPoolTaskSchedulerBuilderConfiguration
instanceKlass org/springframework/boot/task/ThreadPoolTaskSchedulerBuilder
instanceKlass org/springframework/boot/actuate/autoconfigure/metrics/startup/StartupTimeMetricsListenerAutoConfiguration
instanceKlass org/springframework/boot/actuate/metrics/startup/StartupTimeMetricsListener
instanceKlass org/springframework/boot/actuate/autoconfigure/metrics/integration/IntegrationMetricsAutoConfiguration
instanceKlass org/springframework/boot/autoconfigure/integration/IntegrationAutoConfiguration
instanceKlass io/micrometer/core/instrument/binder/system/FileDescriptorMetrics
instanceKlass org/springframework/boot/actuate/metrics/system/DiskSpaceMetricsBinder
instanceKlass io/micrometer/core/instrument/binder/system/ProcessorMetrics
instanceKlass org/springframework/boot/actuate/autoconfigure/metrics/SystemMetricsAutoConfiguration
instanceKlass io/micrometer/core/instrument/binder/system/UptimeMetrics
instanceKlass org/springframework/boot/actuate/autoconfigure/metrics/LogbackMetricsAutoConfiguration
instanceKlass io/micrometer/core/instrument/binder/logging/LogbackMetrics
instanceKlass io/micrometer/core/instrument/binder/jvm/JvmCompilationMetrics
instanceKlass io/micrometer/core/instrument/binder/jvm/ClassLoaderMetrics
instanceKlass io/micrometer/core/instrument/binder/jvm/JvmThreadMetrics
instanceKlass io/micrometer/core/instrument/binder/jvm/JvmMemoryMetrics
instanceKlass io/micrometer/core/instrument/binder/jvm/JvmInfoMetrics
instanceKlass io/micrometer/core/instrument/binder/jvm/JvmHeapPressureMetrics
instanceKlass org/springframework/boot/actuate/autoconfigure/metrics/JvmMetricsAutoConfiguration
instanceKlass io/micrometer/core/instrument/binder/jvm/JvmGcMetrics
instanceKlass org/springframework/boot/actuate/autoconfigure/metrics/CompositeMeterRegistryConfiguration
instanceKlass org/springframework/boot/actuate/autoconfigure/metrics/NoOpMeterRegistryConfiguration
instanceKlass org/springframework/boot/actuate/autoconfigure/metrics/export/simple/SimpleMetricsExportAutoConfiguration
instanceKlass io/micrometer/core/instrument/simple/SimpleConfig
instanceKlass io/micrometer/core/instrument/config/MeterRegistryConfig
instanceKlass org/springframework/boot/actuate/autoconfigure/metrics/export/simple/SimpleProperties
instanceKlass org/springframework/boot/actuate/autoconfigure/metrics/MeterRegistryPostProcessor
instanceKlass org/springframework/boot/actuate/autoconfigure/metrics/MetricsAutoConfiguration$MeterRegistryCloser
instanceKlass org/springframework/boot/actuate/autoconfigure/metrics/PropertiesMeterFilter
instanceKlass io/micrometer/core/instrument/config/MeterFilter
instanceKlass org/springframework/boot/actuate/autoconfigure/metrics/MetricsProperties$Distribution
instanceKlass org/springframework/boot/actuate/autoconfigure/metrics/MetricsProperties$System
instanceKlass org/springframework/boot/actuate/autoconfigure/metrics/MetricsProperties$Data
instanceKlass org/springframework/boot/actuate/autoconfigure/metrics/MetricsProperties$Web
instanceKlass org/springframework/boot/actuate/autoconfigure/metrics/MetricsAutoConfiguration
instanceKlass org/springframework/boot/actuate/autoconfigure/system/DiskSpaceHealthContributorAutoConfiguration
instanceKlass org/springframework/boot/actuate/autoconfigure/metrics/MetricsProperties
instanceKlass org/springframework/boot/actuate/autoconfigure/metrics/CompositeMeterRegistryAutoConfiguration
instanceKlass org/springframework/boot/actuate/autoconfigure/system/DiskSpaceHealthIndicatorProperties
instanceKlass org/springframework/boot/actuate/health/AbstractHealthIndicator
instanceKlass org/springframework/boot/actuate/autoconfigure/ssl/SslHealthContributorAutoConfiguration
instanceKlass org/springframework/boot/actuate/autoconfigure/health/HealthContributorAutoConfiguration
instanceKlass org/springframework/cloud/autoconfigure/LifecycleMvcEndpointAutoConfiguration
instanceKlass org/springframework/boot/actuate/endpoint/web/WebOperation
instanceKlass org/springframework/boot/actuate/endpoint/Operation
instanceKlass org/springframework/boot/actuate/endpoint/web/annotation/ExposableControllerEndpoint
instanceKlass org/springframework/boot/actuate/autoconfigure/endpoint/web/WebEndpointProperties$Discovery
instanceKlass org/springframework/boot/actuate/autoconfigure/endpoint/web/WebEndpointProperties$Exposure
instanceKlass org/springframework/boot/actuate/endpoint/web/PathMappedEndpoints
instanceKlass org/springframework/boot/actuate/endpoint/web/annotation/ControllerEndpointsSupplier
instanceKlass org/springframework/boot/actuate/endpoint/OperationFilter
instanceKlass org/springframework/boot/actuate/endpoint/web/PathMapper
instanceKlass org/springframework/boot/actuate/autoconfigure/endpoint/web/WebEndpointAutoConfiguration
instanceKlass org/springframework/boot/actuate/endpoint/annotation/EndpointDiscoverer
instanceKlass org/springframework/boot/actuate/endpoint/web/EndpointMediaTypes
instanceKlass org/springframework/boot/actuate/autoconfigure/endpoint/web/WebEndpointAutoConfiguration$WebEndpointServletConfiguration
instanceKlass org/springframework/boot/actuate/endpoint/jackson/EndpointObjectMapper
instanceKlass org/springframework/boot/actuate/autoconfigure/endpoint/jackson/JacksonEndpointAutoConfiguration
instanceKlass org/springframework/boot/actuate/endpoint/web/annotation/ServletEndpointsSupplier
instanceKlass org/springframework/boot/actuate/endpoint/invoker/cache/CachingOperationInvokerAdvisor
instanceKlass org/springframework/boot/actuate/endpoint/invoke/OperationInvokerAdvisor
instanceKlass org/springframework/boot/actuate/autoconfigure/web/servlet/ManagementServletContext
instanceKlass org/springframework/boot/actuate/autoconfigure/endpoint/web/WebEndpointProperties
instanceKlass org/springframework/boot/actuate/autoconfigure/web/ManagementContextFactory
instanceKlass org/springframework/boot/actuate/autoconfigure/web/servlet/ServletManagementContextAutoConfiguration
instanceKlass org/springframework/boot/actuate/endpoint/invoke/ParameterValueMapper
instanceKlass org/springframework/boot/actuate/autoconfigure/info/InfoContributorProperties$Git
instanceKlass org/springframework/boot/info/SslInfo
instanceKlass org/springframework/boot/actuate/autoconfigure/info/InfoContributorAutoConfiguration
instanceKlass org/springframework/boot/actuate/autoconfigure/health/HealthEndpointAutoConfiguration
instanceKlass org/springframework/boot/actuate/endpoint/web/ExposableWebEndpoint
instanceKlass org/springframework/boot/actuate/endpoint/web/PathMappedEndpoint
instanceKlass org/springframework/boot/info/InfoProperties
instanceKlass org/springframework/boot/actuate/autoconfigure/ssl/SslHealthIndicatorProperties
instanceKlass org/springframework/boot/actuate/autoconfigure/info/InfoContributorProperties
instanceKlass org/springframework/boot/autoconfigure/info/ProjectInfoAutoConfiguration
instanceKlass org/springframework/boot/autoconfigure/info/ProjectInfoProperties$Git
instanceKlass org/springframework/boot/autoconfigure/info/ProjectInfoProperties$Build
instanceKlass org/springframework/boot/autoconfigure/info/ProjectInfoProperties
instanceKlass org/springframework/boot/actuate/autoconfigure/health/HealthEndpointProperties$Logging
instanceKlass org/springframework/boot/actuate/autoconfigure/health/HealthEndpointReactiveWebExtensionConfiguration
instanceKlass org/springframework/boot/actuate/autoconfigure/health/HealthEndpointWebExtensionConfiguration
instanceKlass org/springframework/boot/actuate/endpoint/web/WebEndpointsSupplier
instanceKlass org/springframework/boot/actuate/endpoint/EndpointsSupplier
instanceKlass org/springframework/boot/actuate/autoconfigure/health/HealthEndpointWebExtensionConfiguration$MvcAdditionalHealthEndpointPathsConfiguration
instanceKlass org/springframework/boot/actuate/autoconfigure/health/ReactiveHealthEndpointConfiguration
instanceKlass org/springframework/boot/actuate/health/ReactiveHealthContributorRegistry
instanceKlass org/springframework/boot/actuate/autoconfigure/health/HealthEndpointConfiguration$HealthEndpointGroupsBeanPostProcessor
instanceKlass org/springframework/boot/actuate/autoconfigure/health/HealthEndpointConfiguration$HealthEndpointGroupMembershipValidator
instanceKlass org/springframework/boot/actuate/autoconfigure/health/AutoConfiguredHealthEndpointGroups
instanceKlass org/springframework/boot/actuate/endpoint/web/AdditionalPathsMapper
instanceKlass org/springframework/boot/actuate/autoconfigure/health/HealthProperties
instanceKlass org/springframework/boot/actuate/health/HealthEndpointGroups
instanceKlass org/springframework/boot/actuate/health/HealthContributorRegistry
instanceKlass org/springframework/boot/actuate/health/ContributorRegistry
instanceKlass org/springframework/boot/actuate/health/NamedContributors
instanceKlass org/springframework/boot/actuate/health/HttpCodeStatusMapper
instanceKlass org/springframework/boot/actuate/autoconfigure/health/HealthEndpointConfiguration
instanceKlass org/springframework/boot/actuate/health/StatusAggregator
instanceKlass org/springframework/cloud/endpoint/event/RefreshEventListener
instanceKlass org/springframework/cloud/context/refresh/RefreshScopeLifecycle
instanceKlass org/springframework/cloud/logging/LoggingRebinder
instanceKlass org/springframework/cloud/autoconfigure/RefreshAutoConfiguration
instanceKlass org/springframework/cloud/autoconfigure/RefreshAutoConfiguration$RefreshScopeBeanDefinitionEnhancer
instanceKlass org/springframework/boot/autoconfigure/jackson/JacksonAutoConfiguration
instanceKlass org/springframework/boot/jackson/JsonMixinModuleEntries
instanceKlass org/springframework/boot/autoconfigure/jackson/JacksonAutoConfiguration$JacksonMixinConfiguration
instanceKlass org/springframework/cloud/autoconfigure/RefreshAutoConfiguration$RefreshProperties
instanceKlass org/springframework/boot/autoconfigure/orm/jpa/HibernateJpaAutoConfiguration
instanceKlass org/springframework/boot/autoconfigure/jackson/JacksonAutoConfiguration$JacksonObjectMapperConfiguration
instanceKlass org/springframework/boot/autoconfigure/jackson/JacksonAutoConfiguration$ParameterNamesModuleConfiguration
instanceKlass org/springframework/boot/autoconfigure/jackson/JacksonAutoConfiguration$JacksonObjectMapperBuilderConfiguration
instanceKlass org/springframework/boot/autoconfigure/jackson/JacksonAutoConfiguration$Jackson2ObjectMapperBuilderCustomizerConfiguration$StandardJackson2ObjectMapperBuilderCustomizer
instanceKlass org/springframework/boot/autoconfigure/jackson/Jackson2ObjectMapperBuilderCustomizer
instanceKlass org/springframework/boot/autoconfigure/jackson/JacksonAutoConfiguration$Jackson2ObjectMapperBuilderCustomizerConfiguration
instanceKlass org/springframework/boot/actuate/autoconfigure/availability/AvailabilityHealthContributorAutoConfiguration
instanceKlass org/springframework/boot/availability/ApplicationAvailabilityBean
instanceKlass org/springframework/boot/autoconfigure/jackson/JacksonProperties$Datatype
instanceKlass org/springframework/boot/autoconfigure/jackson/JacksonProperties
instanceKlass org/springframework/boot/autoconfigure/availability/ApplicationAvailabilityAutoConfiguration
instanceKlass org/springframework/boot/availability/ApplicationAvailability
instanceKlass com/azure/spring/cloud/autoconfigure/implementation/storage/blob/AzureStorageBlobResourceAutoConfiguration
instanceKlass com/azure/spring/cloud/autoconfigure/implementation/storage/blob/AzureStorageBlobProtocolResolverConfiguration
instanceKlass com/azure/spring/cloud/autoconfigure/implementation/storage/blob/properties/AzureStorageBlobPropertiesConfiguration
instanceKlass com/azure/spring/cloud/service/implementation/storage/blob/BlobServiceClientProperties
instanceKlass com/azure/spring/cloud/autoconfigure/implementation/storage/blob/properties/ConfigurationWithoutConnectionDetailsBean
instanceKlass com/azure/spring/cloud/autoconfigure/implementation/storage/blob/properties/ConfigurationWithConnectionDetailsBean
instanceKlass com/azure/spring/cloud/service/implementation/storage/common/StorageProperties
instanceKlass com/azure/spring/cloud/core/provider/connectionstring/ConnectionStringProvider
instanceKlass com/azure/spring/cloud/core/provider/authentication/SasTokenProvider
instanceKlass com/azure/spring/cloud/autoconfigure/implementation/storage/blob/properties/AzureStorageBlobConnectionDetails
instanceKlass com/azure/spring/cloud/autoconfigure/implementation/keyvault/jca/AzureKeyVaultJcaAutoConfiguration
instanceKlass com/azure/spring/cloud/autoconfigure/implementation/keyvault/jca/AzureKeyVaultSslBundleRegistrar
instanceKlass com/azure/spring/cloud/autoconfigure/implementation/keyvault/jca/properties/AzureKeyVaultSslBundleProperties
instanceKlass com/azure/spring/cloud/autoconfigure/implementation/keyvault/jca/properties/AzureKeyVaultJcaProperties
instanceKlass com/azure/spring/cloud/core/implementation/credential/resolver/AzureTokenCredentialResolver
instanceKlass com/azure/core/credential/TokenCredential
instanceKlass com/azure/spring/cloud/autoconfigure/implementation/AzureServiceConfigurationBase
instanceKlass com/azure/spring/cloud/autoconfigure/implementation/context/AzureServiceClientBuilderFactoryPostProcessor
instanceKlass com/azure/spring/cloud/core/implementation/factory/AbstractAzureServiceClientBuilderFactory
instanceKlass com/azure/spring/cloud/core/implementation/factory/AzureServiceClientBuilderFactory
instanceKlass com/azure/spring/cloud/autoconfigure/implementation/context/AzureServiceClientBuilderFactoryConfiguration
instanceKlass com/azure/spring/cloud/autoconfigure/implementation/context/AzureGlobalPropertiesAutoConfiguration
instanceKlass org/springframework/boot/autoconfigure/web/WebResourcesRuntimeHints
instanceKlass org/springframework/boot/autoconfigure/validation/ValidationAutoConfiguration
instanceKlass org/springframework/web/context/request/RequestContextListener
instanceKlass jakarta/servlet/ServletRequestListener
instanceKlass org/springframework/boot/autoconfigure/http/HttpMessageConverters
instanceKlass org/springframework/web/servlet/config/annotation/ResourceHandlerRegistration
instanceKlass org/springframework/boot/web/servlet/filter/OrderedFilter
instanceKlass org/springframework/boot/autoconfigure/web/servlet/WebMvcAutoConfiguration$WebMvcAutoConfigurationAdapter
instanceKlass org/springframework/lang/Nullable
instanceKlass org/springframework/web/servlet/mvc/HttpRequestHandlerAdapter
instanceKlass org/springframework/web/servlet/mvc/SimpleControllerHandlerAdapter
instanceKlass org/springframework/web/servlet/handler/HandlerMappingIntrospector
instanceKlass org/springframework/web/cors/PreFlightRequestHandler
instanceKlass org/springframework/web/cors/CorsConfigurationSource
instanceKlass org/springframework/web/util/UrlPathHelper
instanceKlass org/springframework/web/util/pattern/PathPatternParser
instanceKlass org/springframework/web/servlet/function/support/HandlerFunctionAdapter
instanceKlass org/springframework/web/method/support/CompositeUriComponentsContributor
instanceKlass org/springframework/web/method/support/UriComponentsContributor
instanceKlass org/springframework/web/servlet/config/annotation/ViewControllerRegistry
instanceKlass org/springframework/web/servlet/config/annotation/CorsRegistry
instanceKlass org/springframework/web/servlet/config/annotation/InterceptorRegistry
instanceKlass org/springframework/web/servlet/config/annotation/PathMatchConfigurer
instanceKlass org/springframework/web/servlet/config/annotation/ResourceHandlerRegistry
instanceKlass org/springframework/web/servlet/config/annotation/AsyncSupportConfigurer
instanceKlass org/springframework/web/servlet/config/annotation/DefaultServletHandlerConfigurer
instanceKlass org/springframework/web/servlet/config/annotation/ContentNegotiationConfigurer
instanceKlass org/springframework/web/servlet/config/annotation/ViewResolverRegistry
instanceKlass org/springframework/validation/MessageCodesResolver
instanceKlass org/springframework/web/accept/ContentNegotiationManager
instanceKlass org/springframework/web/accept/MediaTypeFileExtensionResolver
instanceKlass org/springframework/web/accept/ContentNegotiationStrategy
instanceKlass org/springframework/web/servlet/HandlerAdapter
instanceKlass org/springframework/web/servlet/handler/AbstractHandlerExceptionResolver
instanceKlass org/springframework/web/bind/support/ConfigurableWebBindingInitializer
instanceKlass org/springframework/boot/autoconfigure/web/servlet/WebMvcAutoConfiguration$WelcomePageHandlerMappingFactory
instanceKlass org/springframework/web/servlet/resource/ResourceUrlProvider
instanceKlass org/springframework/web/servlet/HandlerInterceptor
instanceKlass org/springframework/web/servlet/RequestToViewNameTranslator
instanceKlass org/springframework/web/servlet/FlashMapManager
instanceKlass org/springframework/web/servlet/ThemeResolver
instanceKlass org/springframework/web/servlet/LocaleResolver
instanceKlass org/springframework/web/servlet/handler/MatchableHandlerMapping
instanceKlass org/springframework/web/servlet/HandlerMapping
instanceKlass org/springframework/web/bind/support/WebBindingInitializer
instanceKlass org/springframework/boot/web/servlet/error/DefaultErrorAttributes
instanceKlass org/springframework/web/servlet/HandlerExceptionResolver
instanceKlass org/springframework/boot/autoconfigure/web/servlet/error/ErrorMvcAutoConfiguration$PreserveErrorControllerTargetClassPostProcessor
instanceKlass org/springframework/boot/autoconfigure/web/servlet/error/ErrorMvcAutoConfiguration$ErrorPageCustomizer
instanceKlass org/springframework/boot/web/server/ErrorPageRegistrar
instanceKlass org/springframework/boot/autoconfigure/web/servlet/error/AbstractErrorController
instanceKlass org/springframework/boot/web/servlet/error/ErrorController
instanceKlass org/springframework/boot/autoconfigure/web/servlet/error/ErrorMvcAutoConfiguration
instanceKlass org/springframework/boot/autoconfigure/web/servlet/error/DefaultErrorViewResolver
instanceKlass org/springframework/boot/web/servlet/error/ErrorAttributes
instanceKlass org/springframework/boot/autoconfigure/web/servlet/WebMvcAutoConfiguration
instanceKlass org/springframework/boot/autoconfigure/web/WebProperties$Resources
instanceKlass org/springframework/boot/autoconfigure/web/servlet/error/ErrorViewResolver
instanceKlass org/springframework/boot/autoconfigure/web/servlet/error/ErrorMvcAutoConfiguration$DefaultErrorViewResolverConfiguration
instanceKlass org/springframework/boot/autoconfigure/web/WebProperties
instanceKlass org/springframework/web/servlet/View
instanceKlass org/springframework/boot/autoconfigure/web/servlet/error/ErrorMvcAutoConfiguration$WhitelabelErrorViewConfiguration
instanceKlass org/springframework/boot/autoconfigure/task/TaskExecutionAutoConfiguration
instanceKlass org/springframework/context/support/ApplicationObjectSupport
instanceKlass org/springframework/web/servlet/ViewResolver
instanceKlass org/springframework/boot/autoconfigure/task/TaskExecutionProperties$Shutdown
instanceKlass org/springframework/boot/autoconfigure/task/TaskExecutionProperties$Simple
instanceKlass org/springframework/boot/autoconfigure/task/TaskExecutionProperties$Pool
instanceKlass org/springframework/boot/autoconfigure/task/TaskExecutorConfigurations$TaskExecutorConfiguration
instanceKlass org/springframework/boot/autoconfigure/task/TaskExecutorConfigurations$SimpleAsyncTaskExecutorBuilderConfiguration
instanceKlass org/springframework/boot/autoconfigure/task/TaskExecutionProperties
instanceKlass org/springframework/boot/task/SimpleAsyncTaskExecutorBuilder
instanceKlass org/springframework/boot/autoconfigure/task/TaskExecutorConfigurations$ThreadPoolTaskExecutorBuilderConfiguration
instanceKlass org/springframework/boot/autoconfigure/web/servlet/DispatcherServletAutoConfiguration
instanceKlass org/springframework/boot/autoconfigure/web/servlet/DispatcherServletPath
instanceKlass org/springframework/boot/task/ThreadPoolTaskExecutorBuilder
instanceKlass org/springframework/aop/scope/ScopedProxyUtils
instanceKlass org/springframework/boot/autoconfigure/web/servlet/DispatcherServletAutoConfiguration$DispatcherServletRegistrationConfiguration
instanceKlass org/springframework/boot/autoconfigure/web/servlet/WebMvcProperties$Problemdetails
instanceKlass org/springframework/boot/autoconfigure/web/servlet/WebMvcProperties$Pathmatch
instanceKlass org/springframework/boot/autoconfigure/web/servlet/WebMvcProperties$Contentnegotiation
instanceKlass org/springframework/boot/autoconfigure/web/servlet/WebMvcProperties$View
instanceKlass org/springframework/boot/autoconfigure/web/servlet/WebMvcProperties$Servlet
instanceKlass org/springframework/boot/autoconfigure/web/servlet/WebMvcProperties$Async
instanceKlass org/springframework/boot/autoconfigure/web/servlet/WebMvcProperties$Format
instanceKlass org/springframework/validation/MessageCodeFormatter
instanceKlass org/springframework/boot/autoconfigure/web/servlet/DispatcherServletAutoConfiguration$DispatcherServletConfiguration
instanceKlass org/springframework/boot/autoconfigure/web/servlet/WebMvcProperties
instanceKlass org/springframework/boot/web/server/ErrorPageRegistrarBeanPostProcessor
instanceKlass org/springframework/boot/autoconfigure/web/servlet/ServletWebServerFactoryCustomizer
instanceKlass org/springframework/boot/autoconfigure/web/servlet/TomcatServletWebServerFactoryCustomizer
instanceKlass org/springframework/boot/web/server/AbstractConfigurableWebServerFactory
instanceKlass org/springframework/boot/web/servlet/server/ConfigurableServletWebServerFactory
instanceKlass org/springframework/boot/web/servlet/WebListenerRegistry
instanceKlass org/springframework/boot/web/embedded/tomcat/ConfigurableTomcatWebServerFactory
instanceKlass org/springframework/boot/web/server/ConfigurableWebServerFactory
instanceKlass org/springframework/boot/web/server/ErrorPageRegistry
instanceKlass org/springframework/boot/web/server/WebServerFactoryCustomizerBeanPostProcessor
instanceKlass org/springframework/boot/autoconfigure/web/ServerProperties$Undertow
instanceKlass org/springframework/boot/autoconfigure/web/ServerProperties$Netty
instanceKlass org/springframework/boot/autoconfigure/web/ServerProperties$Jetty
instanceKlass org/springframework/boot/autoconfigure/web/ServerProperties$Tomcat
instanceKlass org/springframework/boot/autoconfigure/web/ServerProperties$Reactive
instanceKlass org/springframework/boot/autoconfigure/web/ServerProperties$Servlet
instanceKlass org/springframework/boot/web/server/Http2
instanceKlass org/springframework/boot/web/server/MimeMappings
instanceKlass org/springframework/boot/web/server/Compression
instanceKlass org/springframework/boot/web/server/Ssl
instanceKlass org/springframework/boot/autoconfigure/web/ErrorProperties
instanceKlass org/springframework/boot/autoconfigure/web/servlet/ServletWebServerFactoryConfiguration$EmbeddedUndertow
instanceKlass org/springframework/boot/autoconfigure/web/servlet/ServletWebServerFactoryConfiguration$EmbeddedJetty
instanceKlass org/springframework/boot/autoconfigure/web/servlet/ServletWebServerFactoryConfiguration$EmbeddedTomcat
instanceKlass org/springframework/boot/autoconfigure/web/ServerProperties
instanceKlass org/springframework/boot/autoconfigure/websocket/servlet/WebSocketServletAutoConfiguration
instanceKlass org/springframework/boot/autoconfigure/websocket/servlet/TomcatWebSocketServletWebServerCustomizer
instanceKlass org/springframework/boot/web/server/WebServerFactoryCustomizer
instanceKlass org/springframework/boot/autoconfigure/websocket/servlet/WebSocketServletAutoConfiguration$TomcatWebSocketConfiguration
instanceKlass org/springframework/boot/web/servlet/server/ServletWebServerFactory
instanceKlass org/springframework/boot/web/server/WebServerFactory
instanceKlass org/springframework/boot/autoconfigure/web/servlet/ServletWebServerFactoryAutoConfiguration
instanceKlass org/springframework/boot/autoconfigure/ssl/SslProperties$Bundles
instanceKlass org/springframework/boot/autoconfigure/ssl/SslPropertiesBundleRegistrar
instanceKlass org/springframework/boot/autoconfigure/ssl/FileWatcher
instanceKlass org/springframework/boot/autoconfigure/ssl/SslBundleRegistrar
instanceKlass org/springframework/boot/ssl/DefaultSslBundleRegistry
instanceKlass org/springframework/boot/ssl/SslBundles
instanceKlass org/springframework/boot/autoconfigure/ssl/SslAutoConfiguration
instanceKlass org/springframework/boot/ssl/SslBundleRegistry
instanceKlass org/springframework/boot/autoconfigure/ssl/SslProperties
instanceKlass org/springframework/boot/autoconfigure/context/PropertyPlaceholderAutoConfiguration
instanceKlass org/springframework/context/annotation/BeanAnnotationHelper
instanceKlass org/springframework/security/config/annotation/web/AbstractRequestMatcherRegistry
instanceKlass org/springframework/security/crypto/password/PasswordEncoder
instanceKlass org/springframework/security/web/SecurityFilterChain
instanceKlass org/springframework/security/config/annotation/AbstractSecurityBuilder
instanceKlass org/springframework/security/config/annotation/web/HttpSecurityBuilder
instanceKlass org/springframework/security/config/annotation/SecurityBuilder
instanceKlass org/springframework/boot/autoconfigure/condition/OnBeanCondition$MatchResult
instanceKlass org/springframework/core/io/support/PropertiesLoaderSupport
instanceKlass org/springframework/boot/context/properties/BindMethodAttribute
instanceKlass org/springframework/boot/context/properties/ConfigurationPropertiesBean
instanceKlass org/springframework/boot/context/properties/ConfigurationPropertiesBeanRegistrar
instanceKlass org/springframework/boot/validation/beanvalidation/MethodValidationExcludeFilter
instanceKlass org/springframework/boot/context/properties/BoundConfigurationProperties
instanceKlass org/springframework/boot/context/properties/ConfigurationPropertiesBinder$ConfigurationPropertiesBinderFactory
instanceKlass org/springframework/validation/Validator
instanceKlass org/springframework/boot/context/properties/ConfigurationPropertiesBinder
instanceKlass org/springframework/beans/factory/config/ConstructorArgumentValues$ValueHolder
instanceKlass org/springframework/beans/factory/config/ConstructorArgumentValues
instanceKlass org/springframework/boot/autoconfigure/AutoConfigurationPackages$BasePackages
instanceKlass org/springframework/boot/autoconfigure/AutoConfigurationPackages
instanceKlass org/springframework/boot/autoconfigure/AutoConfigurationPackages$PackageImports
instanceKlass org/springframework/core/type/StandardMethodMetadata
instanceKlass org/springframework/context/annotation/ConfigurationClassBeanDefinitionReader$TrackedConditionEvaluator
instanceKlass org/springframework/context/annotation/ConfigurationClassBeanDefinitionReader
instanceKlass org/springframework/security/web/util/matcher/RequestMatcher
instanceKlass org/springframework/web/servlet/config/annotation/WebMvcConfigurationSupport
instanceKlass org/springframework/web/servlet/config/annotation/EnableWebMvc
instanceKlass org/springframework/boot/actuate/autoconfigure/web/server/ManagementContextConfigurationImportSelector$ManagementConfiguration
instanceKlass org/springframework/boot/actuate/autoconfigure/web/ManagementContextConfiguration
instanceKlass org/springframework/context/annotation/ConfigurationClassParser$DefaultDeferredImportSelectorGroup
instanceKlass org/springframework/boot/actuate/autoconfigure/web/server/ManagementContextConfigurationImportSelector
instanceKlass org/springframework/boot/actuate/autoconfigure/web/server/EnableManagementContext
instanceKlass org/springframework/boot/web/reactive/context/ConfigurableReactiveWebApplicationContext
instanceKlass org/springframework/boot/web/reactive/context/ReactiveWebApplicationContext
instanceKlass org/springframework/boot/actuate/autoconfigure/web/server/ConditionalOnManagementPort
instanceKlass org/springframework/cloud/context/refresh/ContextRefresher
instanceKlass org/springframework/boot/actuate/health/ReactiveHealthIndicator
instanceKlass org/springframework/boot/actuate/health/ReactiveHealthContributor
instanceKlass org/springframework/cloud/client/ConditionalOnDiscoveryHealthIndicatorEnabled
instanceKlass org/springframework/cloud/client/ConditionalOnBlockingDiscoveryEnabled
instanceKlass org/springframework/boot/devtools/restart/RestartScope
instanceKlass org/springframework/boot/devtools/restart/ConditionalOnInitializedRestarter
instanceKlass reactor/netty/transport/Transport
instanceKlass org/springframework/boot/autoconfigure/condition/ConditionalOnWarDeployment
instanceKlass org/springframework/boot/sql/init/dependency/DatabaseInitializationDependencyConfigurer
instanceKlass org/springframework/security/config/annotation/web/configuration/ObservationConfiguration
instanceKlass org/springframework/security/config/annotation/authentication/configuration/AuthenticationConfiguration
instanceKlass org/springframework/security/config/annotation/authentication/configuration/EnableGlobalAuthentication
instanceKlass org/springframework/security/config/annotation/web/configuration/ObservationImportSelector
instanceKlass org/springframework/security/config/annotation/web/configuration/HttpSecurityConfiguration
instanceKlass org/springframework/security/config/annotation/web/configuration/OAuth2ImportSelector
instanceKlass org/springframework/security/config/annotation/web/configuration/SpringWebMvcImportSelector
instanceKlass org/springframework/security/config/annotation/web/configuration/WebSecurityConfiguration
instanceKlass org/springframework/context/annotation/ImportAware
instanceKlass org/springframework/boot/actuate/web/mappings/MappingsEndpoint
instanceKlass org/springframework/boot/actuate/web/exchanges/HttpExchangesEndpoint
instanceKlass org/springframework/boot/context/metrics/buffering/BufferingApplicationStartup
instanceKlass org/springframework/boot/autoconfigure/security/ConditionalOnDefaultWebSecurity
instanceKlass org/springframework/boot/actuate/scheduling/ScheduledTasksEndpoint$ScheduledTasksEndpointRuntimeHints
instanceKlass org/springframework/boot/actuate/scheduling/ScheduledTasksEndpoint
instanceKlass org/springframework/boot/actuate/sbom/SbomEndpoint$SbomEndpointRuntimeHints
instanceKlass org/springframework/aot/hint/RuntimeHintsRegistrar
instanceKlass org/springframework/boot/actuate/sbom/SbomEndpoint
instanceKlass org/springframework/web/client/RestClient$Builder
instanceKlass org/springframework/boot/web/client/RestTemplateBuilder
instanceKlass org/springframework/boot/autoconfigure/condition/AbstractNestedCondition$MemberOutcomes
instanceKlass org/springframework/boot/autoconfigure/condition/AbstractNestedCondition$MemberMatchOutcomes
instanceKlass org/springframework/boot/autoconfigure/condition/AbstractNestedCondition$MemberConditions
instanceKlass org/springframework/boot/jdbc/metadata/DataSourcePoolMetadataProvider
instanceKlass org/springframework/boot/actuate/metrics/cache/CacheMeterBinderProvider
instanceKlass org/springframework/boot/actuate/metrics/MetricsEndpoint
instanceKlass org/springframework/boot/actuate/autoconfigure/metrics/export/ConditionalOnEnabledMetricsExport
instanceKlass org/springframework/boot/actuate/management/ThreadDumpEndpoint
instanceKlass org/springframework/boot/actuate/management/HeapDumpWebEndpoint
instanceKlass org/springframework/boot/actuate/logging/LoggersEndpoint$LoggerLevelsDescriptor
instanceKlass org/springframework/aot/hint/annotation/RegisterReflection
instanceKlass org/springframework/aot/hint/annotation/RegisterReflectionForBinding
instanceKlass org/springframework/boot/actuate/logging/LoggersEndpoint
instanceKlass org/springframework/boot/actuate/endpoint/annotation/DiscovererEndpointFilter
instanceKlass org/springframework/boot/actuate/endpoint/annotation/FilteredEndpoint
instanceKlass org/springframework/boot/actuate/endpoint/web/annotation/WebEndpoint
instanceKlass org/springframework/boot/actuate/logging/LogFileWebEndpoint
instanceKlass org/springframework/boot/actuate/context/properties/ConfigurationPropertiesReportEndpoint
instanceKlass org/springframework/boot/actuate/context/ShutdownEndpoint
instanceKlass org/springframework/boot/actuate/autoconfigure/condition/ConditionsReportEndpoint
instanceKlass org/springframework/boot/autoconfigure/condition/ConditionalOnCloudPlatform
instanceKlass org/springframework/boot/actuate/info/InfoEndpoint
instanceKlass org/springframework/boot/actuate/autoconfigure/info/ConditionalOnEnabledInfoContributor
instanceKlass org/springframework/boot/actuate/health/HealthEndpointSupport
instanceKlass org/springframework/boot/actuate/cache/CachesEndpoint
instanceKlass org/springframework/cache/Cache
instanceKlass org/springframework/boot/autoconfigure/cache/NoOpCacheConfiguration
instanceKlass org/springframework/boot/autoconfigure/cache/SimpleCacheConfiguration
instanceKlass org/springframework/boot/autoconfigure/cache/Cache2kCacheConfiguration
instanceKlass org/springframework/boot/autoconfigure/cache/CaffeineCacheConfiguration
instanceKlass org/springframework/boot/autoconfigure/cache/RedisCacheConfiguration
instanceKlass org/springframework/boot/autoconfigure/cache/CouchbaseCacheConfiguration
instanceKlass org/springframework/boot/autoconfigure/cache/JCacheCacheConfiguration
instanceKlass org/springframework/boot/autoconfigure/cache/InfinispanCacheConfiguration
instanceKlass org/springframework/boot/autoconfigure/cache/HazelcastCacheConfiguration
instanceKlass org/springframework/boot/autoconfigure/cache/GenericCacheConfiguration
instanceKlass org/springframework/boot/autoconfigure/cache/CacheConfigurations
instanceKlass org/springframework/boot/autoconfigure/cache/CacheAutoConfiguration$CacheConfigurationImportSelector
instanceKlass org/springframework/cloud/util/ConditionalOnBootstrapDisabled
instanceKlass org/springframework/cloud/util/ConditionalOnBootstrapEnabled
instanceKlass org/springframework/boot/actuate/beans/BeansEndpoint
instanceKlass org/springframework/boot/actuate/autoconfigure/cloudfoundry/CloudFoundryEndpointExposureOutcomeContributor
instanceKlass org/springframework/boot/actuate/autoconfigure/endpoint/expose/IncludeExcludeEndpointFilter$EndpointPatterns
instanceKlass org/springframework/boot/actuate/endpoint/ExposableEndpoint
instanceKlass org/springframework/boot/actuate/autoconfigure/endpoint/expose/IncludeExcludeEndpointFilter
instanceKlass org/springframework/boot/actuate/endpoint/EndpointFilter
instanceKlass org/springframework/boot/actuate/autoconfigure/endpoint/condition/OnAvailableEndpointCondition$StandardExposureOutcomeContributor
instanceKlass org/springframework/boot/actuate/autoconfigure/endpoint/condition/EndpointExposureOutcomeContributor
instanceKlass org/springframework/boot/actuate/autoconfigure/endpoint/PropertiesEndpointAccessResolver
instanceKlass org/springframework/boot/actuate/endpoint/EndpointAccessResolver
instanceKlass org/springframework/boot/actuate/endpoint/EndpointId
instanceKlass org/springframework/boot/actuate/endpoint/annotation/Endpoint
instanceKlass org/springframework/boot/actuate/audit/AuditEventsEndpoint
instanceKlass org/springframework/boot/actuate/autoconfigure/endpoint/condition/ConditionalOnAvailableEndpoint
instanceKlass org/springframework/boot/autoconfigure/service/connection/ConnectionDetails
instanceKlass com/azure/spring/cloud/core/resource/AbstractAzureStorageProtocolResolver
instanceKlass org/springframework/boot/ssl/SslBundle
instanceKlass com/azure/spring/cloud/autoconfigure/implementation/context/AzureGlobalPropertiesAutoConfiguration$Registrar
instanceKlass org/springframework/expression/spel/ExpressionState
instanceKlass org/springframework/expression/spel/standard/SpelExpression
instanceKlass org/springframework/expression/spel/standard/Token
instanceKlass org/springframework/expression/spel/standard/Tokenizer
instanceKlass org/springframework/expression/spel/ast/SpelNodeImpl
instanceKlass org/springframework/expression/spel/SpelNode
instanceKlass com/azure/security/keyvault/secrets/SecretAsyncClient
instanceKlass com/azure/security/keyvault/secrets/SecretClientBuilder
instanceKlass com/azure/security/keyvault/certificates/CertificateAsyncClient
instanceKlass com/azure/spring/cloud/core/implementation/util/AzureStringUtils
instanceKlass com/azure/spring/cloud/autoconfigure/implementation/condition/OnAnyPropertyCondition$Spec
instanceKlass com/azure/security/keyvault/certificates/CertificateClientBuilder
instanceKlass com/azure/core/client/traits/ConfigurationTrait
instanceKlass com/azure/core/client/traits/HttpTrait
instanceKlass com/azure/core/client/traits/TokenCredentialTrait
instanceKlass org/springframework/boot/actuate/health/HealthIndicator
instanceKlass org/springframework/boot/actuate/health/HealthContributor
instanceKlass org/springframework/boot/autoconfigure/web/WebProperties$Resources$Chain
instanceKlass org/springframework/boot/autoconfigure/web/ConditionalOnEnabledResourceChain
instanceKlass org/springframework/boot/autoconfigure/web/servlet/JspTemplateAvailabilityProvider
instanceKlass org/springframework/boot/autoconfigure/thymeleaf/ThymeleafTemplateAvailabilityProvider
instanceKlass org/springframework/boot/autoconfigure/mustache/MustacheTemplateAvailabilityProvider
instanceKlass org/springframework/boot/autoconfigure/template/PathBasedTemplateAvailabilityProvider$TemplateAvailabilityProperties
instanceKlass org/springframework/boot/autoconfigure/template/PathBasedTemplateAvailabilityProvider
instanceKlass org/springframework/boot/autoconfigure/template/TemplateAvailabilityProviders$NoTemplateAvailabilityProvider
instanceKlass org/springframework/boot/autoconfigure/template/TemplateAvailabilityProvider
instanceKlass org/springframework/boot/autoconfigure/template/TemplateAvailabilityProviders
instanceKlass org/springframework/boot/autoconfigure/condition/ConditionalOnResource
instanceKlass org/springframework/boot/autoconfigure/condition/ConditionalOnThreading
instanceKlass pe/valdemar/authjwt/util/TokenUtil
instanceKlass pe/valdemar/authjwt/controller/AuthController
instanceKlass pe/valdemar/authjwt/config/SecurityConfig
instanceKlass org/apache/coyote/UpgradeProtocol
instanceKlass org/springframework/boot/autoconfigure/web/servlet/ServletWebServerFactoryAutoConfiguration$BeanPostProcessorsRegistrar
instanceKlass org/springframework/boot/autoconfigure/condition/OnPropertyCondition$Spec
instanceKlass org/springframework/boot/web/servlet/RegistrationBean
instanceKlass org/springframework/boot/web/servlet/ServletContextInitializer
instanceKlass org/springframework/boot/autoconfigure/web/servlet/ConditionalOnMissingFilterBean
instanceKlass org/apache/tomcat/websocket/server/WsSci
instanceKlass jakarta/servlet/ServletContainerInitializer
instanceKlass org/apache/catalina/startup/Tomcat
instanceKlass org/springframework/boot/autoconfigure/condition/ConditionalOnNotWarDeployment
instanceKlass org/springframework/boot/autoconfigure/condition/OnWebApplicationCondition$1
instanceKlass org/springframework/core/annotation/MergedAnnotationCollectors
instanceKlass org/springframework/core/annotation/MergedAnnotationPredicates$UniquePredicate
instanceKlass org/springframework/context/annotation/ImportRuntimeHints
instanceKlass org/springframework/context/annotation/DeferredImportSelector$Group$Entry
instanceKlass org/springframework/cloud/client/ConditionalOnReactiveDiscoveryEnabled
instanceKlass org/springframework/cloud/client/ConditionalOnDiscoveryEnabled
instanceKlass com/azure/spring/cloud/autoconfigure/implementation/condition/ConditionalOnMissingProperty
instanceKlass org/springframework/boot/autoconfigure/AutoConfigureOrder
instanceKlass org/springframework/boot/autoconfigure/condition/ConditionalOnMissingClass
instanceKlass org/springframework/boot/autoconfigure/condition/ConditionalOnExpression
instanceKlass org/springframework/boot/autoconfigure/condition/ConditionalOnMissingBean
instanceKlass com/azure/spring/cloud/autoconfigure/implementation/condition/ConditionalOnAnyProperty
instanceKlass org/springframework/boot/autoconfigure/condition/ConditionalOnProperty
instanceKlass org/springframework/boot/autoconfigure/AutoConfigureBefore
instanceKlass org/springframework/boot/actuate/autoconfigure/health/ConditionalOnEnabledHealthIndicator
instanceKlass org/springframework/boot/autoconfigure/AutoConfigureAfter
instanceKlass org/springframework/boot/autoconfigure/AutoConfigurationSorter$AutoConfigurationClass
instanceKlass org/springframework/boot/autoconfigure/AutoConfigurationSorter$AutoConfigurationClasses
instanceKlass org/springframework/boot/autoconfigure/AutoConfigurationSorter
instanceKlass org/springframework/boot/autoconfigure/condition/ConditionEvaluationReportAutoConfigurationImportListener
instanceKlass org/springframework/boot/autoconfigure/AutoConfigurationImportListener
instanceKlass org/springframework/security/config/ObjectPostProcessor
instanceKlass org/springframework/cache/interceptor/AbstractCacheInvoker
instanceKlass org/springframework/cloud/context/environment/EnvironmentManager
instanceKlass org/springframework/boot/context/properties/ConfigurationPropertiesBindingPostProcessor
instanceKlass org/springframework/boot/actuate/web/exchanges/HttpExchangeRepository
instanceKlass io/micrometer/core/instrument/Clock
instanceKlass org/springframework/boot/autoconfigure/condition/ConditionalOnSingleCandidate
instanceKlass org/springframework/boot/actuate/audit/AuditEventRepository
instanceKlass org/springframework/boot/autoconfigure/condition/ConditionalOnBean
instanceKlass org/springframework/boot/autoconfigure/condition/ConditionalOnWebApplication
instanceKlass org/springframework/boot/autoconfigure/condition/ConditionEvaluationReport$ConditionAndOutcome
instanceKlass org/springframework/boot/autoconfigure/condition/ConditionEvaluationReport$ConditionAndOutcomes
instanceKlass jakarta/websocket/server/ServerContainer
instanceKlass jakarta/websocket/WebSocketContainer
instanceKlass org/springframework/web/servlet/config/annotation/WebMvcConfigurer
instanceKlass org/springframework/web/multipart/support/StandardServletMultipartResolver
instanceKlass org/springframework/web/multipart/MultipartResolver
instanceKlass jakarta/servlet/MultipartConfigElement
instanceKlass org/springframework/web/filter/GenericFilterBean
instanceKlass org/springframework/web/server/session/WebSessionManager
instanceKlass org/springframework/http/ReactiveHttpInputMessage
instanceKlass org/springframework/http/codec/LoggingCodecSupport
instanceKlass org/springframework/http/codec/HttpMessageReader
instanceKlass org/springframework/http/server/reactive/HttpHandler
instanceKlass org/springframework/web/client/RestClient
instanceKlass jakarta/validation/executable/ExecutableValidator
instanceKlass org/springframework/security/authentication/AuthenticationManager
instanceKlass org/springframework/security/web/context/AbstractSecurityWebApplicationInitializer
instanceKlass org/springframework/web/WebApplicationInitializer
instanceKlass org/springframework/security/authentication/DefaultAuthenticationEventPublisher
instanceKlass org/springframework/security/authentication/AuthenticationEventPublisher
instanceKlass org/springframework/security/authentication/ReactiveAuthenticationManager
instanceKlass com/nimbusds/jose/jwk/source/JWKSource
instanceKlass org/springframework/security/config/annotation/web/configuration/EnableWebSecurity
instanceKlass io/netty/buffer/AbstractByteBufAllocator
instanceKlass io/netty/buffer/ByteBufAllocator
instanceKlass io/netty/buffer/ByteBufAllocatorMetricProvider
instanceKlass reactor/core/publisher/Hooks
instanceKlass io/netty/util/NettyRuntime
instanceKlass org/springframework/boot/actuate/env/EnvironmentEndpoint
instanceKlass org/springframework/boot/actuate/autoconfigure/env/EnvironmentEndpointProperties
instanceKlass org/springframework/boot/actuate/health/HealthComponent
instanceKlass org/springframework/boot/actuate/endpoint/OperationResponseBody
instanceKlass org/springframework/boot/actuate/autoconfigure/endpoint/EndpointAutoConfiguration
instanceKlass org/springframework/cloud/context/scope/GenericScope
instanceKlass org/springframework/jmx/support/MBeanRegistrationSupport
instanceKlass org/springframework/jmx/export/MBeanExportOperations
instanceKlass org/springframework/security/web/server/WebFilterChainProxy
instanceKlass org/springframework/web/server/WebFilter
instanceKlass org/springframework/security/config/annotation/web/reactive/EnableWebFluxSecurity
instanceKlass jakarta/servlet/ServletRegistration
instanceKlass jakarta/servlet/Registration
instanceKlass org/springframework/util/CustomizableThreadCreator
instanceKlass org/springframework/scheduling/TaskScheduler
instanceKlass org/springframework/scheduling/SchedulingTaskExecutor
instanceKlass org/springframework/core/task/AsyncListenableTaskExecutor
instanceKlass org/springframework/core/task/AsyncTaskExecutor
instanceKlass org/springframework/core/task/TaskExecutor
instanceKlass org/springframework/http/codec/CodecConfigurer
instanceKlass org/apache/catalina/Manager
instanceKlass io/micrometer/core/instrument/binder/tomcat/TomcatMetrics
instanceKlass io/micrometer/core/instrument/binder/jetty/JettyServerThreadPoolMetrics
instanceKlass io/micrometer/core/instrument/binder/jvm/ExecutorServiceMetrics
instanceKlass io/micrometer/core/annotation/Timed
instanceKlass io/micrometer/core/instrument/binder/logging/Log4j2Metrics
instanceKlass io/micrometer/core/instrument/binder/kafka/KafkaMetrics
instanceKlass io/micrometer/core/instrument/binder/MeterBinder
instanceKlass io/micrometer/core/instrument/MeterRegistry
instanceKlass javax/naming/ldap/LdapContext
instanceKlass javax/naming/directory/DirContext
instanceKlass reactor/core/publisher/Mono
instanceKlass reactor/core/publisher/Flux
instanceKlass reactor/core/CorePublisher
instanceKlass jakarta/servlet/GenericServlet
instanceKlass org/springframework/http/server/ServerHttpRequest
instanceKlass jakarta/servlet/Filter
instanceKlass org/springframework/cache/CacheManager
instanceKlass org/springframework/boot/autoconfigure/condition/ConditionMessage$ItemsBuilder
instanceKlass org/springframework/boot/autoconfigure/condition/ConditionMessage$Builder
instanceKlass org/springframework/boot/autoconfigure/condition/ConditionMessage
instanceKlass javax/sql/DataSource
instanceKlass org/springframework/boot/autoconfigure/condition/ConditionalOnClass
instanceKlass java/sql/Wrapper
instanceKlass javax/sql/CommonDataSource
instanceKlass org/springframework/boot/autoconfigure/condition/ConditionOutcome
instanceKlass org/springframework/boot/autoconfigure/condition/OnClassCondition$ThreadedOutcomesResolver
instanceKlass org/springframework/boot/autoconfigure/condition/OnClassCondition$StandardOutcomesResolver
instanceKlass org/springframework/boot/autoconfigure/AutoConfigurationMetadataLoader$PropertiesAutoConfigurationMetadata
instanceKlass org/springframework/boot/autoconfigure/AutoConfigurationMetadata
instanceKlass org/springframework/boot/autoconfigure/AutoConfigurationMetadataLoader
instanceKlass org/springframework/boot/autoconfigure/AutoConfigurationImportSelector$ConfigurationClassFilter
instanceKlass org/springframework/boot/autoconfigure/condition/OnClassCondition$OutcomesResolver
instanceKlass org/springframework/boot/autoconfigure/condition/OnBeanCondition$Spec
instanceKlass org/springframework/boot/autoconfigure/condition/SpringBootCondition
instanceKlass org/springframework/context/annotation/ConfigurationCondition
instanceKlass org/springframework/boot/autoconfigure/AutoConfigurationImportFilter
instanceKlass org/springframework/boot/autoconfigure/AutoConfigurationReplacements
instanceKlass org/springframework/context/annotation/ConfigurationClassParser$DeferredImportSelectorGrouping
instanceKlass org/springframework/boot/autoconfigure/AutoConfigurationImportSelector$AutoConfigurationGroup
instanceKlass org/springframework/context/annotation/DeferredImportSelector$Group
instanceKlass org/springframework/context/annotation/ConfigurationClassParser$DeferredImportSelectorGroupingHandler
instanceKlass org/springframework/boot/autoconfigure/AutoConfigurationImportSelector$AutoConfigurationEntry
instanceKlass org/springframework/context/annotation/ConfigurationMethod
instanceKlass org/springframework/core/annotation/MergedAnnotationsCollection$AnnotationsSpliterator
instanceKlass org/springframework/boot/context/properties/ConfigurationProperties
instanceKlass org/springframework/web/bind/annotation/PostMapping
instanceKlass org/springframework/web/bind/annotation/ControllerMappingReflectiveProcessor
instanceKlass org/springframework/aot/hint/annotation/SimpleReflectiveProcessor
instanceKlass org/springframework/aot/hint/annotation/ReflectiveProcessor
instanceKlass org/springframework/aot/hint/annotation/Reflective
instanceKlass org/springframework/web/bind/annotation/Mapping
instanceKlass org/springframework/web/bind/annotation/RequestMapping
instanceKlass org/springframework/web/bind/annotation/ResponseBody
instanceKlass org/springframework/stereotype/Controller
instanceKlass org/springframework/web/bind/annotation/RestController
instanceKlass org/springframework/boot/context/annotation/ImportCandidates
instanceKlass org/springframework/boot/autoconfigure/AutoConfiguration
instanceKlass org/springframework/context/annotation/Bean
instanceKlass org/springframework/core/type/classreading/SimpleAnnotationMetadata
instanceKlass org/springframework/core/type/classreading/SimpleMethodMetadataReadingVisitor$Source
instanceKlass org/springframework/core/annotation/MergedAnnotationsCollection
instanceKlass org/springframework/core/type/classreading/SimpleMethodMetadata
instanceKlass org/springframework/core/type/MethodMetadata
instanceKlass org/springframework/asm/Type
instanceKlass org/springframework/asm/AnnotationVisitor
instanceKlass org/springframework/core/type/classreading/SimpleAnnotationMetadataReadingVisitor$Source
instanceKlass org/springframework/asm/Context
instanceKlass org/springframework/asm/Attribute
instanceKlass org/springframework/asm/ClassReader
instanceKlass java/nio/channels/Channels
instanceKlass sun/nio/ch/FileChannelImpl$Closer
instanceKlass sun/nio/ch/NativeThreadSet
instanceKlass java/nio/channels/spi/AbstractInterruptibleChannel
instanceKlass java/nio/channels/InterruptibleChannel
instanceKlass java/nio/channels/ScatteringByteChannel
instanceKlass java/nio/channels/GatheringByteChannel
instanceKlass java/nio/channels/SeekableByteChannel
instanceKlass java/nio/channels/ByteChannel
instanceKlass org/springframework/asm/MethodVisitor
instanceKlass org/springframework/core/type/classreading/SimpleMetadataReader
instanceKlass org/springframework/util/AntPathMatcher$AntPathStringMatcher
instanceKlass sun/nio/fs/BasicFileAttributesHolder
instanceKlass java/nio/file/FileTreeWalker$Event
instanceKlass sun/nio/fs/WindowsDirectoryStream$WindowsDirectoryIterator
instanceKlass java/nio/file/FileTreeWalker$DirectoryNode
instanceKlass java/nio/file/Files$AcceptAllFilter
instanceKlass java/nio/file/DirectoryStream$Filter
instanceKlass java/nio/file/FileTreeWalker$1
instanceKlass java/nio/file/FileTreeWalker
instanceKlass java/nio/file/FileTreeIterator
instanceKlass sun/nio/fs/WindowsDirectoryStream
instanceKlass java/nio/file/DirectoryStream
instanceKlass sun/nio/fs/WindowsUriSupport
instanceKlass org/springframework/context/annotation/ParserStrategyUtils
instanceKlass org/springframework/context/annotation/TypeFilterUtils$1
instanceKlass org/springframework/context/annotation/TypeFilterUtils
instanceKlass java/util/stream/SortedOps
instanceKlass java/util/Collections$ReverseComparator2
instanceKlass java/util/Collections$ReverseComparator
instanceKlass org/springframework/core/annotation/MergedAnnotationPredicates
instanceKlass org/springframework/context/annotation/PropertySources
instanceKlass org/springframework/context/annotation/PropertySource
instanceKlass org/springframework/context/annotation/ConfigurationClass
instanceKlass org/springframework/context/annotation/ComponentScanAnnotationParser
instanceKlass org/springframework/core/io/support/DefaultPropertySourceFactory
instanceKlass org/springframework/core/io/support/PropertySourceFactory
instanceKlass org/springframework/core/io/support/PropertySourceProcessor
instanceKlass org/springframework/context/annotation/PropertySourceRegistry
instanceKlass org/springframework/context/annotation/ConfigurationClassParser$SourceClass
instanceKlass org/springframework/context/annotation/ConfigurationClassParser$DeferredImportSelectorHandler
instanceKlass org/springframework/context/annotation/ConfigurationClassParser$DeferredImportSelectorHolder
instanceKlass org/springframework/context/annotation/ImportRegistry
instanceKlass org/springframework/beans/factory/parsing/Problem
instanceKlass org/springframework/context/annotation/ConfigurationClassParser
instanceKlass org/springframework/aop/framework/AopInfrastructureBean
instanceKlass org/springframework/beans/factory/config/TypedStringValue
instanceKlass org/springframework/core/convert/Property
instanceKlass org/springframework/beans/factory/aot/BeanFactoryInitializationAotContribution
instanceKlass org/springframework/beans/factory/aot/BeanRegistrationAotContribution
instanceKlass org/springframework/beans/factory/support/RegisteredBean
instanceKlass org/reactivestreams/Publisher
instanceKlass org/springframework/beans/factory/support/DisposableBeanAdapter
instanceKlass org/springframework/beans/factory/InitializingBean
instanceKlass org/springframework/beans/factory/support/InstanceSupplier
instanceKlass org/springframework/util/function/ThrowingSupplier
instanceKlass org/springframework/expression/spel/support/StandardTypeConverter
instanceKlass org/springframework/expression/spel/support/StandardTypeLocator
instanceKlass org/springframework/context/expression/BeanFactoryResolver
instanceKlass org/springframework/context/expression/EnvironmentAccessor
instanceKlass org/springframework/context/expression/MapAccessor
instanceKlass org/springframework/expression/spel/CompilablePropertyAccessor
instanceKlass org/springframework/asm/Opcodes
instanceKlass org/springframework/context/expression/BeanFactoryAccessor
instanceKlass org/springframework/expression/spel/support/ReflectivePropertyAccessor
instanceKlass org/springframework/context/expression/BeanExpressionContextAccessor
instanceKlass org/springframework/expression/TypedValue
instanceKlass org/springframework/expression/spel/support/StandardOperatorOverloader
instanceKlass org/springframework/expression/spel/support/StandardTypeComparator
instanceKlass org/springframework/expression/OperatorOverloader
instanceKlass org/springframework/expression/TypeComparator
instanceKlass org/springframework/expression/spel/support/StandardEvaluationContext
instanceKlass org/springframework/expression/EvaluationContext
instanceKlass org/springframework/expression/common/LiteralExpression
instanceKlass org/springframework/beans/factory/config/AutowiredPropertyMarker
instanceKlass org/springframework/beans/factory/support/BeanDefinitionValueResolver
instanceKlass org/springframework/beans/factory/support/AbstractBeanFactory$BeanFactoryDefaultEditorRegistrar
instanceKlass org/springframework/beans/factory/parsing/PassThroughSourceExtractor
instanceKlass org/springframework/beans/factory/aot/BeanRegistrationCodeFragments
instanceKlass org/springframework/beans/factory/support/NullBean
instanceKlass org/springframework/beans/factory/support/AbstractBeanFactory$BeanPostProcessorCache
instanceKlass org/springframework/beans/factory/config/RuntimeBeanReference
instanceKlass org/springframework/beans/factory/config/BeanReference
instanceKlass org/springframework/beans/MutablePropertyValues
instanceKlass org/springframework/beans/factory/support/BeanDefinitionBuilder
instanceKlass org/springframework/boot/autoconfigure/SharedMetadataReaderFactoryContextInitializer$SharedMetadataReaderFactoryBean
instanceKlass org/springframework/beans/factory/FactoryBean
instanceKlass org/springframework/context/support/PostProcessorRegistrationDelegate
instanceKlass org/springframework/web/context/support/WebApplicationContextUtils$WebRequestObjectFactory
instanceKlass org/springframework/web/context/request/WebRequest
instanceKlass org/springframework/web/context/request/RequestAttributes
instanceKlass org/springframework/web/context/support/WebApplicationContextUtils$SessionObjectFactory
instanceKlass jakarta/servlet/http/HttpSession
instanceKlass org/springframework/web/context/support/WebApplicationContextUtils$ResponseObjectFactory
instanceKlass org/springframework/web/context/support/WebApplicationContextUtils$RequestObjectFactory
instanceKlass org/springframework/web/context/request/AbstractRequestAttributesScope
instanceKlass org/springframework/boot/web/servlet/context/ServletWebServerApplicationContext$ExistingWebApplicationScopes
instanceKlass org/springframework/web/context/ServletContextAware
instanceKlass org/springframework/web/context/support/ServletContextAwareProcessor
instanceKlass org/springframework/context/support/ApplicationListenerDetector
instanceKlass org/springframework/context/MessageSourceAware
instanceKlass org/springframework/context/ApplicationEventPublisherAware
instanceKlass org/springframework/beans/factory/config/BeanExpressionContext
instanceKlass org/springframework/beans/factory/config/EmbeddedValueResolver
instanceKlass org/springframework/util/StringValueResolver
instanceKlass org/springframework/context/support/ApplicationContextAwareProcessor
instanceKlass org/springframework/beans/support/ResourceEditorRegistrar
instanceKlass org/springframework/expression/Expression
instanceKlass org/springframework/expression/common/TemplateAwareExpressionParser
instanceKlass org/springframework/expression/spel/SpelParserConfiguration
instanceKlass org/springframework/context/expression/StandardBeanExpressionResolver$1
instanceKlass org/springframework/expression/TypeConverter
instanceKlass org/springframework/expression/TypeLocator
instanceKlass org/springframework/expression/BeanResolver
instanceKlass org/springframework/expression/PropertyAccessor
instanceKlass org/springframework/expression/TargetedAccessor
instanceKlass org/springframework/expression/ExpressionParser
instanceKlass org/springframework/expression/ParserContext
instanceKlass org/springframework/context/expression/StandardBeanExpressionResolver
instanceKlass org/springframework/web/context/request/RequestContextHolder
instanceKlass org/springframework/web/context/support/WebApplicationContextUtils
instanceKlass org/springframework/boot/context/logging/LoggingApplicationListener$Lifecycle
instanceKlass org/springframework/context/SmartLifecycle
instanceKlass org/springframework/context/Phased
instanceKlass org/springframework/beans/factory/BeanFactoryUtils
instanceKlass org/springframework/boot/logging/DeferredLog$1
instanceKlass jakarta/servlet/ServletContext
instanceKlass jakarta/servlet/ServletConfig
instanceKlass org/springframework/boot/web/server/WebServer
instanceKlass org/springframework/boot/devtools/restart/ClassLoaderFilesResourcePatternResolver$ResourcePatternResolverFactory
instanceKlass org/springframework/boot/devtools/restart/ClassLoaderFilesResourcePatternResolver
instanceKlass org/springframework/beans/factory/support/BeanDefinitionReaderUtils
instanceKlass org/springframework/context/annotation/Description
instanceKlass org/springframework/context/annotation/Role
instanceKlass org/springframework/context/annotation/DependsOn
instanceKlass org/springframework/context/annotation/Fallback
instanceKlass org/springframework/context/annotation/Primary
instanceKlass org/springframework/context/annotation/Lazy
instanceKlass org/springframework/core/annotation/TypeMappedAnnotations$Aggregate
instanceKlass org/springframework/core/annotation/TypeMappedAnnotations$AggregatesCollector
instanceKlass org/springframework/core/annotation/TypeMappedAnnotations$AggregatesSpliterator
instanceKlass org/springframework/context/annotation/ScopeMetadata
instanceKlass org/springframework/beans/BeanMetadataAttribute
instanceKlass org/springframework/context/annotation/ImportResource
instanceKlass org/springframework/core/Conventions
instanceKlass org/springframework/context/annotation/ConfigurationClassUtils
instanceKlass org/springframework/boot/context/properties/EnableConfigurationPropertiesRegistrar
instanceKlass org/springframework/boot/autoconfigure/AutoConfigurationPackages$Registrar
instanceKlass org/springframework/boot/context/annotation/DeterminableImports
instanceKlass org/springframework/context/annotation/ImportBeanDefinitionRegistrar
instanceKlass org/springframework/context/annotation/ComponentScans
instanceKlass org/springframework/boot/autoconfigure/AutoConfigurationImportSelector
instanceKlass org/springframework/context/annotation/DeferredImportSelector
instanceKlass org/springframework/context/annotation/ImportSelector
instanceKlass org/springframework/boot/autoconfigure/AutoConfigurationExcludeFilter
instanceKlass org/springframework/boot/context/TypeExcludeFilter
instanceKlass java/lang/annotation/Repeatable
instanceKlass org/springframework/boot/autoconfigure/AutoConfigurationPackage
instanceKlass org/springframework/context/annotation/Configuration
instanceKlass org/springframework/context/annotation/ComponentScan$Filter
instanceKlass org/springframework/core/annotation/TypeMappedAnnotations$IsPresent
instanceKlass org/springframework/context/annotation/Conditional
instanceKlass pe/valdemar/authjwt/model/TokenProperties
instanceKlass org/springframework/context/annotation/Import
instanceKlass org/springframework/boot/context/properties/EnableConfigurationProperties
instanceKlass org/springframework/context/annotation/ComponentScan
instanceKlass org/springframework/boot/autoconfigure/EnableAutoConfiguration
instanceKlass org/springframework/boot/SpringBootConfiguration
instanceKlass org/springframework/boot/autoconfigure/SpringBootApplication
instanceKlass org/springframework/core/type/StandardClassMetadata
instanceKlass org/springframework/core/type/AnnotationMetadata
instanceKlass org/springframework/core/type/ClassMetadata
instanceKlass org/springframework/util/xml/XmlValidationModeDetector
instanceKlass org/springframework/util/xml/SimpleSaxErrorHandler
instanceKlass org/springframework/beans/factory/xml/DefaultDocumentLoader
instanceKlass org/springframework/beans/factory/parsing/NullSourceExtractor
instanceKlass org/springframework/beans/factory/parsing/EmptyReaderEventListener
instanceKlass org/springframework/beans/factory/parsing/FailFastProblemReporter
instanceKlass org/springframework/beans/factory/xml/DefaultBeanDefinitionDocumentReader
instanceKlass org/springframework/beans/factory/xml/BeanDefinitionDocumentReader
instanceKlass org/springframework/beans/factory/support/DefaultBeanNameGenerator
instanceKlass org/springframework/beans/factory/xml/NamespaceHandlerResolver
instanceKlass org/xml/sax/EntityResolver
instanceKlass org/xml/sax/ErrorHandler
instanceKlass org/springframework/beans/factory/xml/DocumentLoader
instanceKlass org/springframework/beans/factory/parsing/SourceExtractor
instanceKlass org/springframework/beans/factory/parsing/ReaderEventListener
instanceKlass org/springframework/beans/factory/parsing/ProblemReporter
instanceKlass org/springframework/beans/factory/support/AbstractBeanDefinitionReader
instanceKlass org/springframework/beans/factory/support/BeanDefinitionReader
instanceKlass org/springframework/boot/BeanDefinitionLoader
instanceKlass org/springframework/boot/SpringApplication$PropertySourceOrderingBeanFactoryPostProcessor
instanceKlass ch/qos/logback/core/pattern/SpacePadder
instanceKlass java/time/LocalTime$1
instanceKlass java/time/format/DateTimeFormatterBuilder$2
instanceKlass java/time/LocalDate$1
instanceKlass java/time/ZonedDateTime$1
instanceKlass java/time/format/DateTimePrintContext
instanceKlass ch/qos/logback/core/util/StringUtil
instanceKlass ch/qos/logback/classic/spi/EventArgUtil
instanceKlass ch/qos/logback/classic/spi/IThrowableProxy
instanceKlass ch/qos/logback/classic/spi/LoggingEvent
instanceKlass org/springframework/boot/system/ApplicationHome
instanceKlass org/springframework/boot/StartupInfoLogger
instanceKlass org/springframework/core/ResolvableType$WildcardBounds
instanceKlass org/springframework/boot/autoconfigure/logging/ConditionEvaluationReportLogger
instanceKlass org/springframework/boot/autoconfigure/condition/ConditionEvaluationReport$AncestorsMatchedCondition
instanceKlass org/springframework/context/annotation/Condition
instanceKlass org/springframework/boot/autoconfigure/condition/ConditionEvaluationReport
instanceKlass org/springframework/boot/autoconfigure/logging/ConditionEvaluationReportLoggingListener$ConditionEvaluationReportListener
instanceKlass org/springframework/boot/rsocket/context/RSocketPortInfoApplicationContextInitializer$Listener
instanceKlass org/springframework/boot/io/Base64ProtocolResolver
instanceKlass org/springframework/core/io/ProtocolResolver
instanceKlass org/springframework/boot/context/ConfigurationWarningsApplicationContextInitializer$ComponentScanPackageCheck
instanceKlass org/springframework/boot/context/ConfigurationWarningsApplicationContextInitializer$Check
instanceKlass org/springframework/boot/context/ConfigurationWarningsApplicationContextInitializer$ConfigurationWarningsPostProcessor
instanceKlass org/springframework/boot/devtools/restart/RestartScopeInitializer$RestartScope
instanceKlass org/springframework/boot/context/ContextIdApplicationContextInitializer$ContextId
instanceKlass org/springframework/boot/autoconfigure/SharedMetadataReaderFactoryContextInitializer$CachingMetadataReaderFactoryPostProcessor
instanceKlass org/springframework/context/index/CandidateComponentsIndex
instanceKlass org/springframework/context/index/CandidateComponentsIndexLoader
instanceKlass org/springframework/boot/autoconfigure/BackgroundPreinitializer$JdkInitializer
instanceKlass org/springframework/core/type/classreading/MetadataReader
instanceKlass org/springframework/core/type/classreading/SimpleMetadataReaderFactory
instanceKlass org/springframework/core/io/support/ResourcePatternUtils
instanceKlass com/sun/security/sasl/Provider$1
instanceKlass sun/security/pkcs11/SunPKCS11$Descriptor
instanceKlass java/lang/Deprecated
instanceKlass javax/security/auth/Subject
instanceKlass jakarta/annotation/ManagedBean
instanceKlass javax/security/auth/callback/CallbackHandler
instanceKlass org/springframework/stereotype/Indexed
instanceKlass org/springframework/stereotype/Component
instanceKlass org/springframework/core/type/filter/AbstractTypeHierarchyTraversingFilter
instanceKlass org/springframework/core/type/filter/TypeFilter
instanceKlass sun/security/smartcardio/SunPCSC$1
instanceKlass org/springframework/beans/factory/support/BeanDefinitionDefaults
instanceKlass sun/security/mscapi/SunMSCAPI$2
instanceKlass org/springframework/core/type/classreading/MetadataReaderFactory
instanceKlass org/springframework/context/annotation/ClassPathScanningCandidateComponentProvider
instanceKlass org/springframework/context/event/DefaultEventListenerFactory
instanceKlass org/springframework/context/event/EventListenerFactory
instanceKlass org/springframework/context/event/EventListenerMethodProcessor
instanceKlass org/springframework/beans/factory/SmartInitializingSingleton
instanceKlass sun/security/mscapi/SunMSCAPI$1
instanceKlass org/springframework/beans/factory/annotation/InitDestroyAnnotationBeanPostProcessor
instanceKlass org/springframework/beans/factory/config/DestructionAwareBeanPostProcessor
instanceKlass org/jcp/xml/dsig/internal/dom/XMLDSigRI$2
instanceKlass org/jcp/xml/dsig/internal/dom/XMLDSigRI$1
instanceKlass org/springframework/beans/factory/annotation/AutowiredAnnotationBeanPostProcessor
instanceKlass org/springframework/beans/factory/support/MergedBeanDefinitionPostProcessor
instanceKlass sun/security/jgss/SunProvider$1
instanceKlass org/springframework/beans/factory/config/SmartInstantiationAwareBeanPostProcessor
instanceKlass org/springframework/beans/factory/config/InstantiationAwareBeanPostProcessor
instanceKlass org/springframework/beans/factory/config/BeanDefinitionHolder
instanceKlass org/springframework/beans/factory/support/MethodOverrides
instanceKlass org/springframework/context/annotation/ConfigurationClassPostProcessor
instanceKlass org/springframework/context/EnvironmentAware
instanceKlass org/springframework/context/ApplicationStartupAware
instanceKlass org/springframework/context/ResourceLoaderAware
instanceKlass org/springframework/beans/factory/aot/BeanRegistrationAotProcessor
instanceKlass sun/security/ec/SunEC$1
instanceKlass org/springframework/beans/factory/support/BeanDefinitionRegistryPostProcessor
instanceKlass com/sun/security/sasl/gsskerb/JdkSASL$1
instanceKlass org/springframework/beans/factory/annotation/Qualifier
instanceKlass org/springframework/aop/TargetSource
instanceKlass sun/security/jca/ProviderConfig$ProviderLoader
instanceKlass sun/security/jca/ProviderConfig$3
instanceKlass jakarta/annotation/PostConstruct
instanceKlass org/springframework/context/annotation/AnnotationConfigUtils
instanceKlass org/apache/tomcat/util/http/ConcurrentDateFormat
instanceKlass org/springframework/context/annotation/ConditionEvaluator$ConditionContextImpl
instanceKlass org/apache/tomcat/util/http/FastHttpDateFormat
instanceKlass org/springframework/context/annotation/ConditionContext
instanceKlass org/springframework/context/annotation/ConditionEvaluator
instanceKlass org/springframework/context/annotation/Scope
instanceKlass org/springframework/context/annotation/AnnotationScopeMetadataResolver
instanceKlass java/util/RegularEnumSet$EnumSetIterator
instanceKlass org/springframework/context/annotation/AnnotationBeanNameGenerator
instanceKlass org/springframework/beans/factory/annotation/AnnotatedBeanDefinition
instanceKlass org/apache/catalina/SessionIdGenerator
instanceKlass org/springframework/core/type/AnnotatedTypeMetadata
instanceKlass org/apache/catalina/Container
instanceKlass org/springframework/context/annotation/ScopeMetadataResolver
instanceKlass org/springframework/beans/factory/support/BeanNameGenerator
instanceKlass jakarta/security/auth/message/MessageInfo
instanceKlass org/springframework/context/annotation/AnnotatedBeanDefinitionReader
instanceKlass org/springframework/beans/factory/support/SimpleAutowireCandidateResolver
instanceKlass jakarta/servlet/http/HttpServletRequest
instanceKlass jakarta/servlet/ServletRequest
instanceKlass org/springframework/beans/factory/support/SimpleInstantiationStrategy
instanceKlass jakarta/servlet/http/HttpServletResponse
instanceKlass jakarta/servlet/ServletResponse
instanceKlass org/springframework/beans/factory/BeanNameAware
instanceKlass org/apache/catalina/util/LifecycleBase
instanceKlass org/apache/catalina/Lifecycle
instanceKlass org/apache/catalina/JmxEnabled
instanceKlass javax/management/MBeanRegistration
instanceKlass org/apache/catalina/Valve
instanceKlass org/apache/catalina/Contained
instanceKlass jakarta/security/auth/message/config/RegistrationListener
instanceKlass org/apache/catalina/Authenticator
instanceKlass org/springframework/beans/factory/support/AutowireCandidateResolver
instanceKlass org/springframework/beans/factory/ObjectProvider
instanceKlass org/springframework/beans/factory/ObjectFactory
instanceKlass org/springframework/beans/factory/InjectionPoint
instanceKlass org/springframework/core/AttributeAccessorSupport
instanceKlass org/springframework/beans/factory/support/InstantiationStrategy
instanceKlass org/springframework/beans/factory/DisposableBean
instanceKlass java/util/ResourceBundle$Control$2
instanceKlass java/util/ResourceBundle$CacheKeyReference
instanceKlass java/util/ResourceBundle$CacheKey
instanceKlass java/util/ServiceLoader$ProviderSpliterator
instanceKlass java/util/spi/ResourceBundleControlProvider
instanceKlass java/util/ResourceBundle$ResourceBundleControlProviderHolder
instanceKlass org/springframework/core/SimpleAliasRegistry
instanceKlass org/apache/tomcat/util/res/StringManager
instanceKlass org/apache/juli/logging/DirectJDKLog
instanceKlass org/apache/juli/logging/Log
instanceKlass org/apache/juli/logging/LogFactory
instanceKlass sun/util/cldr/CLDRBaseLocaleDataMetaInfo$TZCanonicalIDMapHolder
instanceKlass org/springframework/beans/factory/config/BeanDefinition
instanceKlass org/springframework/beans/BeanMetadataElement
instanceKlass org/springframework/core/AttributeAccessor
instanceKlass org/springframework/beans/factory/config/ConfigurableListableBeanFactory
instanceKlass org/springframework/beans/PropertyEditorRegistrar
instanceKlass org/springframework/beans/factory/config/BeanExpressionResolver
instanceKlass org/springframework/context/LifecycleProcessor
instanceKlass org/springframework/beans/factory/config/BeanPostProcessor
instanceKlass sun/util/resources/provider/NonBaseLocaleDataMetaInfo
instanceKlass sun/util/locale/provider/BaseLocaleDataMetaInfo
instanceKlass org/springframework/beans/factory/config/AutowireCapableBeanFactory
instanceKlass org/springframework/ui/context/ThemeSource
instanceKlass org/springframework/boot/web/context/ConfigurableWebServerApplicationContext
instanceKlass org/springframework/boot/web/context/WebServerApplicationContext
instanceKlass sun/util/locale/provider/TimeZoneNameUtility$TimeZoneNameGetter
instanceKlass sun/util/locale/provider/TimeZoneNameUtility
instanceKlass java/text/DontCareFieldPosition$1
instanceKlass java/text/Format$FieldDelegate
instanceKlass org/apache/tomcat/util/http/CookieProcessorBase
instanceKlass org/springframework/context/annotation/AnnotationConfigRegistry
instanceKlass org/apache/tomcat/util/http/CookieProcessor
instanceKlass org/springframework/boot/SpringApplicationBannerPrinter$PrintedBanner
instanceKlass org/springframework/boot/autoconfigure/BackgroundPreinitializer$TomcatInitializer
instanceKlass java/io/Console$2
instanceKlass jdk/internal/access/JavaIOAccess
instanceKlass org/springframework/boot/autoconfigure/BackgroundPreinitializer$CharsetInitializer
instanceKlass java/io/Console
instanceKlass org/springframework/boot/autoconfigure/BackgroundPreinitializer$MessageConverterInitializer
instanceKlass org/springframework/boot/SpringBootVersion
instanceKlass org/springframework/core/io/ContextResource
instanceKlass jakarta/validation/spi/ValidationProvider
instanceKlass jakarta/validation/Validation$GetValidationProviderListAction
instanceKlass jakarta/validation/Validation$DefaultValidationProviderResolver
instanceKlass org/springframework/boot/SpringBootBanner
instanceKlass jakarta/validation/ValidationProviderResolver
instanceKlass org/springframework/boot/Banner
instanceKlass jakarta/validation/Validation$GenericBootstrapImpl
instanceKlass jakarta/validation/spi/BootstrapState
instanceKlass org/springframework/boot/SpringApplicationBannerPrinter
instanceKlass jakarta/validation/bootstrap/GenericBootstrap
instanceKlass jakarta/validation/bootstrap/ProviderSpecificBootstrap
instanceKlass jakarta/validation/Validation
instanceKlass org/springframework/boot/autoconfigure/BackgroundPreinitializer$ValidationInitializer
instanceKlass org/springframework/boot/EnvironmentConverter
instanceKlass org/springframework/boot/autoconfigure/BackgroundPreinitializer$ConversionServiceInitializer
instanceKlass org/springframework/boot/autoconfigure/BackgroundPreinitializer$1
instanceKlass ch/qos/logback/classic/pattern/TargetLengthBasedClassNameAbbreviator
instanceKlass ch/qos/logback/core/pattern/ConverterUtil
instanceKlass ch/qos/logback/classic/pattern/NamedConverter$CacheMissCalculator
instanceKlass ch/qos/logback/core/pattern/FormatInfo
instanceKlass ch/qos/logback/core/pattern/util/AsIsEscapeUtil
instanceKlass ch/qos/logback/core/pattern/parser/OptionTokenizer
instanceKlass ch/qos/logback/core/pattern/util/RestrictedEscapeUtil
instanceKlass ch/qos/logback/core/pattern/parser/TokenStream
instanceKlass ch/qos/logback/core/pattern/util/RegularEscapeUtil
instanceKlass ch/qos/logback/classic/pattern/EnsureExceptionHandling
instanceKlass ch/qos/logback/classic/pattern/Abbreviator
instanceKlass ch/qos/logback/core/pattern/parser/Token
instanceKlass ch/qos/logback/core/pattern/parser/Node
instanceKlass ch/qos/logback/core/pattern/util/IEscapeUtil
instanceKlass ch/qos/logback/core/pattern/PostCompileProcessor
instanceKlass java/util/logging/Logger$SystemLoggerHelper$1
instanceKlass java/util/logging/Logger$SystemLoggerHelper
instanceKlass ch/qos/logback/classic/jul/JULHelper
instanceKlass java/util/Vector$Itr
instanceKlass ch/qos/logback/core/subst/NodeToStringTransformer$1
instanceKlass ch/qos/logback/core/CoreConstants
instanceKlass ch/qos/logback/core/subst/Node
instanceKlass ch/qos/logback/core/subst/Parser$1
instanceKlass ch/qos/logback/core/subst/Parser
instanceKlass ch/qos/logback/core/subst/Token
instanceKlass ch/qos/logback/core/subst/Tokenizer
instanceKlass ch/qos/logback/core/subst/NodeToStringTransformer
instanceKlass java/util/Collections$UnmodifiableMap$UnmodifiableEntrySet$UnmodifiableEntry
instanceKlass java/util/Collections$UnmodifiableMap$UnmodifiableEntrySet$UnmodifiableEntrySetSpliterator
instanceKlass ch/qos/logback/core/rolling/RollingPolicy
instanceKlass org/springframework/boot/logging/logback/DefaultLogbackConfiguration
instanceKlass java/util/concurrent/Executors$DefaultThreadFactory
instanceKlass ch/qos/logback/core/util/ExecutorServiceUtil$1
instanceKlass java/util/concurrent/ScheduledExecutorService
instanceKlass ch/qos/logback/core/util/ExecutorServiceUtil
instanceKlass ch/qos/logback/core/LifeCycleManager
instanceKlass org/springframework/boot/logging/LoggingInitializationContext
instanceKlass org/springframework/boot/logging/LoggerGroup
instanceKlass org/springframework/boot/logging/LoggerGroups
instanceKlass org/springframework/boot/logging/LogFile
instanceKlass org/springframework/boot/ansi/AnsiElement
instanceKlass org/springframework/boot/ansi/AnsiOutput
instanceKlass org/springframework/cloud/commons/ConfigDataMissingEnvironmentPostProcessor$1
instanceKlass com/intellij/rt/debugger/agent/CaptureStorage$HardKey
instanceKlass com/intellij/rt/debugger/agent/CaptureStorage$ExceptionCapturedStack
instanceKlass com/intellij/rt/debugger/agent/CaptureStorage$CapturedStack
instanceKlass java/util/concurrent/FutureTask$WaitNode
instanceKlass java/util/concurrent/FutureTask
instanceKlass java/util/concurrent/RunnableFuture
instanceKlass java/util/concurrent/Future
instanceKlass org/jetbrains/capture/org/objectweb/asm/AnnotationVisitor
instanceKlass org/jetbrains/capture/org/objectweb/asm/Handler
instanceKlass org/jetbrains/capture/org/objectweb/asm/Edge
instanceKlass org/jetbrains/capture/org/objectweb/asm/Frame
instanceKlass org/jetbrains/capture/org/objectweb/asm/MethodVisitor
instanceKlass org/jetbrains/capture/org/objectweb/asm/FieldVisitor
instanceKlass org/jetbrains/capture/org/objectweb/asm/Context
instanceKlass org/jetbrains/capture/org/objectweb/asm/Attribute
instanceKlass org/jetbrains/capture/org/objectweb/asm/Symbol
instanceKlass org/jetbrains/capture/org/objectweb/asm/ByteVector
instanceKlass org/jetbrains/capture/org/objectweb/asm/SymbolTable
instanceKlass org/jetbrains/capture/org/objectweb/asm/ClassVisitor
instanceKlass org/jetbrains/capture/org/objectweb/asm/Label
instanceKlass org/jetbrains/capture/org/objectweb/asm/ClassReader
instanceKlass org/springframework/cloud/commons/util/InetUtils$HostInfo
instanceKlass java/net/NetworkInterface$1
instanceKlass java/net/DefaultInterface
instanceKlass java/net/InterfaceAddress
instanceKlass org/springframework/cloud/commons/util/InetUtils
instanceKlass org/springframework/cloud/commons/util/InetUtilsProperties
instanceKlass com/azure/spring/cloud/autoconfigure/implementation/properties/resourcemanager/AzureResourceMetadataConfigurationProperties
instanceKlass com/azure/spring/cloud/core/properties/resource/AzureResourceMetadata
instanceKlass com/azure/spring/cloud/core/provider/ProxyOptionsProvider$HttpProxyOptions
instanceKlass com/azure/spring/cloud/core/provider/ClientOptionsProvider$HttpClientOptions
instanceKlass com/azure/spring/cloud/core/provider/HttpLoggingOptionsProvider
instanceKlass com/azure/core/util/ServiceVersion
instanceKlass com/azure/spring/cloud/autoconfigure/implementation/properties/core/AbstractAzureServiceConfigurationProperties
instanceKlass jdk/internal/vm/annotation/IntrinsicCandidate
instanceKlass com/azure/spring/cloud/core/implementation/util/ClassUtils
instanceKlass org/springframework/beans/AbstractNestablePropertyAccessor$PropertyTokenHolder
instanceKlass org/springframework/beans/PropertyAccessorUtils
instanceKlass com/sun/beans/WildcardTypeImpl
instanceKlass com/sun/beans/WeakCache
instanceKlass com/sun/beans/TypeResolver
instanceKlass java/beans/SimpleBeanInfo
instanceKlass java/beans/MethodRef
instanceKlass org/springframework/beans/PropertyDescriptorUtils
instanceKlass java/beans/BeanInfo
instanceKlass org/springframework/beans/SimpleBeanInfoFactory
instanceKlass org/springframework/beans/BeanInfoFactory
instanceKlass org/springframework/beans/CachedIntrospectionResults
instanceKlass org/springframework/beans/AbstractNestablePropertyAccessor$PropertyHandler
instanceKlass org/springframework/beans/PropertyValues
instanceKlass org/springframework/beans/BeanWrapper
instanceKlass org/springframework/beans/ConfigurablePropertyAccessor
instanceKlass org/springframework/beans/PropertyAccessor
instanceKlass com/azure/spring/cloud/core/implementation/util/AzurePropertiesUtils
instanceKlass com/azure/spring/cloud/core/properties/profile/AzureProfileOptionsAdapter$1
instanceKlass com/azure/core/management/AzureEnvironment
instanceKlass com/azure/spring/cloud/core/properties/profile/AzureEnvironmentProperties
instanceKlass com/azure/spring/cloud/autoconfigure/implementation/properties/core/profile/AzureProfileConfigurationProperties$AzureEnvironmentConfigurationProperties
instanceKlass com/azure/spring/cloud/core/provider/AzureProfileOptionsProvider$AzureEnvironmentOptions
instanceKlass com/azure/spring/cloud/autoconfigure/implementation/context/properties/AzureGlobalProperties$GlobalAmqpRetryConfigurationProperties
instanceKlass com/azure/spring/cloud/autoconfigure/implementation/properties/core/retry/FixedRetryConfigurationProperties
instanceKlass com/azure/spring/cloud/autoconfigure/implementation/properties/core/retry/ExponentialRetryConfigurationProperties
instanceKlass com/azure/spring/cloud/core/provider/RetryOptionsProvider$RetryOptions$ExponentialRetryOptions
instanceKlass com/azure/spring/cloud/core/provider/RetryOptionsProvider$RetryOptions$FixedRetryOptions
instanceKlass com/azure/spring/cloud/autoconfigure/implementation/context/properties/AzureGlobalProperties$GlobalAmqpProxyConfigurationProperties
instanceKlass com/azure/spring/cloud/autoconfigure/implementation/context/properties/AzureGlobalProperties$GlobalHttpProxyConfigurationProperties
instanceKlass com/azure/spring/cloud/autoconfigure/implementation/context/properties/AzureGlobalProperties$GlobalAmqpClientConfigurationProperties
instanceKlass com/azure/spring/cloud/autoconfigure/implementation/properties/core/client/HttpLoggingConfigurationProperties
instanceKlass com/azure/spring/cloud/core/provider/HttpLoggingOptionsProvider$HttpLoggingOptions
instanceKlass com/azure/spring/cloud/autoconfigure/implementation/context/properties/AzureGlobalProperties$GlobalHttpClientConfigurationProperties
instanceKlass org/springframework/boot/context/properties/bind/Nested
instanceKlass org/springframework/boot/context/properties/NestedConfigurationProperty
instanceKlass org/springframework/util/ReflectionUtils$MethodCallback
instanceKlass com/azure/spring/cloud/autoconfigure/implementation/properties/core/authentication/TokenCredentialConfigurationProperties
instanceKlass com/azure/spring/cloud/autoconfigure/implementation/properties/core/retry/RetryConfigurationProperties
instanceKlass com/azure/spring/cloud/autoconfigure/implementation/properties/core/proxy/ProxyConfigurationProperties
instanceKlass com/azure/spring/cloud/autoconfigure/implementation/properties/core/client/ClientConfigurationProperties
instanceKlass com/azure/spring/cloud/core/provider/ProxyOptionsProvider$ProxyOptions
instanceKlass com/azure/spring/cloud/core/properties/profile/AzureProfileOptionsAdapter
instanceKlass com/azure/spring/cloud/core/provider/AzureProfileOptionsProvider$ProfileOptions
instanceKlass com/azure/spring/cloud/core/provider/RetryOptionsProvider$RetryOptions
instanceKlass com/azure/spring/cloud/core/provider/authentication/TokenCredentialOptionsProvider$TokenCredentialOptions
instanceKlass com/azure/spring/cloud/core/provider/ClientOptionsProvider$ClientOptions
instanceKlass com/azure/spring/cloud/autoconfigure/implementation/context/properties/AzureGlobalProperties
instanceKlass com/azure/security/keyvault/secrets/SecretClient
instanceKlass org/springframework/boot/context/config/Profiles
instanceKlass org/springframework/boot/context/properties/bind/DefaultValue
instanceKlass org/springframework/cloud/config/client/ConfigServicePropertySourceLocator$ConfigServiceOrigin
instanceKlass sun/util/resources/Bundles$2
instanceKlass java/util/ArrayList$SubList$1
instanceKlass sun/util/resources/LocaleData$LocaleDataResourceBundleProvider
instanceKlass java/util/spi/ResourceBundleProvider
instanceKlass sun/net/www/http/KeepAliveEntry
instanceKlass sun/net/www/http/KeepAliveCache$1
instanceKlass io/micrometer/observation/SimpleObservation
instanceKlass org/springframework/http/ResponseEntity$DefaultBuilder
instanceKlass org/springframework/http/ResponseEntity$BodyBuilder
instanceKlass org/springframework/http/ResponseEntity$HeadersBuilder
instanceKlass com/fasterxml/jackson/databind/deser/std/UntypedObjectDeserializerNR$Scope
instanceKlass com/fasterxml/jackson/databind/util/ObjectBuffer
instanceKlass com/fasterxml/jackson/databind/deser/impl/PropertyValue
instanceKlass com/fasterxml/jackson/databind/deser/impl/PropertyValueBuffer
instanceKlass com/fasterxml/jackson/core/JsonStreamContext
instanceKlass com/fasterxml/jackson/core/json/ByteSourceJsonBootstrapper
instanceKlass com/fasterxml/jackson/core/util/TextBuffer
instanceKlass com/fasterxml/jackson/core/io/IOContext
instanceKlass com/fasterxml/jackson/core/util/BufferRecycler
instanceKlass com/fasterxml/jackson/core/util/BufferRecyclers
instanceKlass com/fasterxml/jackson/core/io/ContentReference
instanceKlass com/fasterxml/jackson/core/filter/TokenFilter
instanceKlass org/springframework/http/converter/json/MappingJacksonInputMessage
instanceKlass org/springframework/util/StreamUtils
instanceKlass org/springframework/web/client/ClientHttpResponseDecorator
instanceKlass org/springframework/http/HttpStatusCode
instanceKlass org/springframework/http/client/SimpleClientHttpResponse
instanceKlass sun/net/www/http/Hurryable
instanceKlass sun/net/www/HeaderParser
instanceKlass sun/nio/ch/IOStatus
instanceKlass java/nio/DirectByteBuffer$Deallocator
instanceKlass sun/nio/ch/Util$BufferCache
instanceKlass sun/nio/ch/Util
instanceKlass sun/net/www/protocol/http/AuthCacheImpl
instanceKlass sun/net/www/protocol/http/AuthCache
instanceKlass sun/net/www/protocol/http/AuthCacheValue
instanceKlass sun/net/www/protocol/http/AuthenticatorKeys
instanceKlass sun/nio/ch/ExtendedSocketOption$1
instanceKlass sun/nio/ch/ExtendedSocketOption
instanceKlass sun/nio/ch/OptionKey
instanceKlass sun/nio/ch/SocketOptionRegistry$LazyInitialization
instanceKlass sun/nio/ch/SocketOptionRegistry$RegistryKey
instanceKlass sun/nio/ch/SocketOptionRegistry
instanceKlass java/net/NetworkInterface
instanceKlass java/net/StandardSocketOptions$StdSocketOption
instanceKlass java/net/StandardSocketOptions
instanceKlass sun/nio/ch/NativeThread
instanceKlass sun/net/NetHooks
instanceKlass jdk/net/ExtendedSocketOptions$PlatformSocketOptions$1
instanceKlass jdk/net/ExtendedSocketOptions$PlatformSocketOptions
instanceKlass jdk/net/ExtendedSocketOptions$ExtSocketOption
instanceKlass java/net/SocketOption
instanceKlass jdk/net/ExtendedSocketOptions
instanceKlass sun/net/ext/ExtendedSocketOptions
instanceKlass sun/nio/ch/Net$1
instanceKlass java/net/ProtocolFamily
instanceKlass sun/nio/ch/Net
instanceKlass java/net/InetSocketAddress$InetSocketAddressHolder
instanceKlass java/util/concurrent/atomic/Striped64$1
instanceKlass java/net/InetAddress$CachedAddresses
instanceKlass sun/net/InetAddressCachePolicy$2
instanceKlass sun/net/InetAddressCachePolicy$1
instanceKlass sun/net/InetAddressCachePolicy
instanceKlass java/net/Inet6Address$Inet6AddressHolder
instanceKlass java/net/InetAddress$NameServiceAddresses
instanceKlass java/net/InetAddress$Addresses
instanceKlass java/util/concurrent/ConcurrentSkipListMap$Iter
instanceKlass java/net/InetAddress$PlatformNameService
instanceKlass java/net/InetAddress$NameService
instanceKlass java/net/Inet6AddressImpl
instanceKlass java/net/InetAddressImpl
instanceKlass java/net/InetAddressImplFactory
instanceKlass java/util/concurrent/ConcurrentSkipListMap$Node
instanceKlass java/util/concurrent/ConcurrentSkipListMap$Index
instanceKlass java/net/InetAddress$InetAddressHolder
instanceKlass java/net/InetAddress$1
instanceKlass jdk/internal/access/JavaNetInetAddressAccess
instanceKlass sun/nio/ch/IOUtil
instanceKlass sun/nio/ch/NativeDispatcher
instanceKlass sun/net/PlatformSocketImpl
instanceKlass java/net/SocketImpl
instanceKlass java/net/SocketOptions
instanceKlass java/net/Socket
instanceKlass sun/net/www/http/HttpCapture$1
instanceKlass sun/net/www/http/HttpCapture
instanceKlass sun/net/www/http/KeepAliveKey
instanceKlass sun/net/NetworkClient$1
instanceKlass sun/net/NetworkClient
instanceKlass sun/net/spi/DefaultProxySelector$3
instanceKlass sun/net/spi/DefaultProxySelector$NonProxyInfo
instanceKlass sun/net/spi/DefaultProxySelector$1
instanceKlass java/net/Proxy
instanceKlass java/net/ProxySelector
instanceKlass sun/net/www/protocol/http/HttpURLConnection$7
instanceKlass com/fasterxml/jackson/databind/deser/impl/PropertyBasedCreator
instanceKlass com/fasterxml/jackson/databind/deser/std/NumberDeserializers
instanceKlass com/fasterxml/jackson/databind/annotation/JacksonStdImpl
instanceKlass com/fasterxml/jackson/databind/deser/ContextualKeyDeserializer
instanceKlass com/fasterxml/jackson/databind/util/LinkedNode
instanceKlass java/util/concurrent/ConcurrentNavigableMap
instanceKlass com/fasterxml/jackson/databind/deser/BasicDeserializerFactory$ContainerDefaultMappings
instanceKlass com/fasterxml/jackson/databind/deser/impl/ReadableObjectId$Referring
instanceKlass com/fasterxml/jackson/databind/deser/impl/BeanPropertyMap
instanceKlass com/fasterxml/jackson/annotation/JsonAlias
instanceKlass com/fasterxml/jackson/databind/util/ViewMatcher
instanceKlass com/fasterxml/jackson/databind/introspect/POJOPropertyBuilder$1
instanceKlass com/fasterxml/jackson/databind/introspect/POJOPropertyBuilder$4
instanceKlass com/fasterxml/jackson/databind/introspect/POJOPropertyBuilder$2
instanceKlass com/fasterxml/jackson/databind/deser/impl/NullsConstantProvider
instanceKlass com/fasterxml/jackson/annotation/JsonIgnoreType
instanceKlass com/fasterxml/jackson/databind/util/IgnorePropertiesUtil
instanceKlass com/fasterxml/jackson/annotation/JsonIncludeProperties$Value
instanceKlass com/fasterxml/jackson/annotation/JsonIncludeProperties
instanceKlass com/fasterxml/jackson/annotation/JsonIgnoreProperties$Value
instanceKlass com/fasterxml/jackson/annotation/JsonIgnoreProperties
instanceKlass com/fasterxml/jackson/databind/deser/BeanDeserializerBuilder
instanceKlass com/fasterxml/jackson/databind/BeanProperty$Std
instanceKlass com/fasterxml/jackson/databind/annotation/JsonTypeResolver
instanceKlass com/fasterxml/jackson/databind/deser/impl/CreatorCandidate$Param
instanceKlass com/fasterxml/jackson/databind/deser/impl/CreatorCandidate
instanceKlass com/fasterxml/jackson/databind/deser/impl/CreatorCollector
instanceKlass com/fasterxml/jackson/databind/type/TypeBindings$AsKey
instanceKlass com/fasterxml/jackson/databind/type/TypeBindings$TypeParamStash
instanceKlass com/fasterxml/jackson/databind/PropertyMetadata
instanceKlass com/fasterxml/jackson/annotation/JsonPropertyDescription
instanceKlass com/fasterxml/jackson/annotation/JsonPropertyOrder
instanceKlass com/fasterxml/jackson/databind/annotation/JsonNaming
instanceKlass com/fasterxml/jackson/annotation/JacksonInject
instanceKlass com/fasterxml/jackson/databind/introspect/POJOPropertyBuilder$6
instanceKlass com/fasterxml/jackson/databind/introspect/POJOPropertyBuilder$5
instanceKlass com/fasterxml/jackson/databind/introspect/POJOPropertiesCollector$1
instanceKlass com/fasterxml/jackson/databind/cfg/ConstructorDetector
instanceKlass com/fasterxml/jackson/databind/introspect/PotentialCreator
instanceKlass com/fasterxml/jackson/databind/introspect/MethodGenericTypeResolver
instanceKlass com/fasterxml/jackson/annotation/JsonCreator
instanceKlass com/fasterxml/jackson/annotation/JacksonAnnotationsInside
instanceKlass com/fasterxml/jackson/annotation/JacksonAnnotation
instanceKlass com/fasterxml/jackson/annotation/JsonGetter
instanceKlass com/fasterxml/jackson/databind/introspect/AnnotatedMethodMap
instanceKlass com/fasterxml/jackson/databind/introspect/AnnotatedMethodCollector$MethodBuilder
instanceKlass com/fasterxml/jackson/databind/introspect/MemberKey
instanceKlass org/springframework/cloud/config/environment/PropertySource
instanceKlass com/fasterxml/jackson/databind/introspect/POJOPropertyBuilder$Linked
instanceKlass com/fasterxml/jackson/databind/AnnotationIntrospector$ReferenceProperty
instanceKlass com/fasterxml/jackson/databind/introspect/POJOPropertyBuilder$WithMember
instanceKlass com/fasterxml/jackson/annotation/JsonIgnore
instanceKlass com/fasterxml/jackson/annotation/JsonAutoDetect$1
instanceKlass com/fasterxml/jackson/annotation/JsonProperty
instanceKlass com/fasterxml/jackson/annotation/JsonSetter
instanceKlass com/fasterxml/jackson/annotation/JsonAnySetter
instanceKlass com/fasterxml/jackson/annotation/JsonAnyGetter
instanceKlass com/fasterxml/jackson/annotation/JsonValue
instanceKlass com/fasterxml/jackson/annotation/JsonKey
instanceKlass com/fasterxml/jackson/databind/introspect/AnnotatedFieldCollector$FieldBuilder
instanceKlass com/fasterxml/jackson/databind/introspect/TypeResolutionContext$Basic
instanceKlass com/fasterxml/jackson/databind/introspect/AnnotationMap
instanceKlass com/fasterxml/jackson/databind/introspect/CollectorBase
instanceKlass com/fasterxml/jackson/databind/introspect/PotentialCreators
instanceKlass com/fasterxml/jackson/core/JsonLocation
instanceKlass com/fasterxml/jackson/databind/deser/ValueInstantiator
instanceKlass com/fasterxml/jackson/databind/deser/impl/JDKValueInstantiators
instanceKlass com/fasterxml/jackson/databind/annotation/JsonValueInstantiator
instanceKlass com/fasterxml/jackson/databind/util/BeanUtil
instanceKlass com/fasterxml/jackson/databind/jsontype/impl/SubTypeValidator
instanceKlass java/net/SocketAddress
instanceKlass com/fasterxml/jackson/databind/deser/std/JdkDeserializers
instanceKlass com/fasterxml/jackson/databind/ext/Java7Handlers
instanceKlass org/w3c/dom/Document
instanceKlass org/w3c/dom/Node
instanceKlass com/fasterxml/jackson/databind/ext/OptionalHandlerFactory
instanceKlass com/fasterxml/jackson/databind/util/ArrayIterator
instanceKlass com/fasterxml/jackson/annotation/JsonIdentityInfo
instanceKlass com/fasterxml/jackson/annotation/JsonAutoDetect
instanceKlass com/fasterxml/jackson/databind/introspect/POJOPropertiesCollector
instanceKlass com/fasterxml/jackson/databind/util/internal/PrivateMaxEntriesMap$AddTask
instanceKlass com/fasterxml/jackson/databind/util/internal/PrivateMaxEntriesMap$WeightedValue
instanceKlass java/util/OptionalDouble
instanceKlass java/util/OptionalLong
instanceKlass com/fasterxml/jackson/databind/type/ClassStack
instanceKlass org/springframework/http/converter/SmartHttpMessageConverter
instanceKlass io/micrometer/common/util/internal/logging/AbstractInternalLogger
instanceKlass io/micrometer/common/util/internal/logging/InternalLogger
instanceKlass io/micrometer/common/util/internal/logging/InternalLoggerFactory
instanceKlass io/micrometer/observation/NoopObservation$NoopScope
instanceKlass io/micrometer/observation/SimpleObservation$SimpleScope
instanceKlass io/micrometer/observation/Observation$Scope
instanceKlass io/micrometer/observation/NoopObservation
instanceKlass io/micrometer/observation/Observation
instanceKlass io/micrometer/observation/Observation$Event
instanceKlass io/micrometer/observation/transport/Propagator$Setter
instanceKlass io/micrometer/observation/ObservationView
instanceKlass io/micrometer/observation/transport/ResponseContext
instanceKlass org/springframework/http/client/ClientHttpRequestInitializer
instanceKlass org/springframework/http/client/AbstractClientHttpRequest
instanceKlass org/springframework/http/StreamingHttpOutputMessage
instanceKlass java/net/ResponseCache
instanceKlass sun/net/www/protocol/http/HttpURLConnection$3
instanceKlass java/net/CookieHandler
instanceKlass sun/net/www/protocol/http/HttpURLConnection$2
instanceKlass sun/net/NetProperties$1
instanceKlass sun/net/NetProperties
instanceKlass org/springframework/web/util/HierarchicalUriComponents$QueryUriTemplateVariables
instanceKlass org/springframework/web/util/UriComponents$VarArgsTemplateVariables
instanceKlass org/springframework/web/util/HierarchicalUriComponents$PathSegmentComponent
instanceKlass org/springframework/web/util/HierarchicalUriComponents$FullPathComponent
instanceKlass org/springframework/web/util/UriComponentsBuilder$FullPathComponentBuilder
instanceKlass org/springframework/web/util/UriComponentsBuilder$PathSegmentComponentBuilder
instanceKlass org/springframework/web/util/DefaultUriBuilderFactory$DefaultUriBuilder
instanceKlass org/springframework/web/client/HttpMessageConverterExtractor
instanceKlass org/springframework/web/client/RestTemplate$ResponseEntityResponseExtractor
instanceKlass org/springframework/web/client/RestTemplate$AcceptHeaderRequestCallback
instanceKlass org/springframework/cloud/config/environment/Environment
instanceKlass org/springframework/http/HttpMethod
instanceKlass org/springframework/http/HttpEntity
instanceKlass java/time/temporal/TemporalQueries$7
instanceKlass java/time/temporal/TemporalQueries$6
instanceKlass java/time/temporal/TemporalQueries$5
instanceKlass java/time/temporal/TemporalQueries$4
instanceKlass java/time/temporal/TemporalQueries$3
instanceKlass java/time/temporal/TemporalQueries$2
instanceKlass java/time/temporal/TemporalQueries$1
instanceKlass java/time/temporal/TemporalQueries
instanceKlass org/springframework/http/HttpHeaders
instanceKlass java/net/spi/URLStreamHandlerProvider
instanceKlass java/net/URL$1
instanceKlass java/net/URL$2
instanceKlass org/springframework/util/ConcurrentLruCache$AddTask
instanceKlass org/springframework/util/ConcurrentLruCache$WriteOperations
instanceKlass org/springframework/util/ConcurrentLruCache$ReadOperations
instanceKlass org/springframework/util/ConcurrentLruCache$EvictionQueue
instanceKlass org/springframework/util/ConcurrentLruCache
instanceKlass org/springframework/util/MimeTypeUtils
instanceKlass org/springframework/web/util/DefaultUriBuilderFactory
instanceKlass org/springframework/web/util/UriBuilderFactory
instanceKlass org/springframework/http/converter/json/ProblemDetailJacksonMixin
instanceKlass org/springframework/http/ProblemDetail
instanceKlass com/fasterxml/jackson/databind/deser/ValueInstantiators$Base
instanceKlass com/fasterxml/jackson/databind/module/SimpleKeyDeserializers
instanceKlass java/util/function/ToLongFunction
instanceKlass com/fasterxml/jackson/databind/type/ClassKey
instanceKlass com/fasterxml/jackson/datatype/jsr310/deser/InstantDeserializer$FromDecimalArguments
instanceKlass com/fasterxml/jackson/datatype/jsr310/deser/InstantDeserializer$FromIntegerArguments
instanceKlass com/fasterxml/jackson/module/paramnames/ParameterExtractor
instanceKlass com/fasterxml/jackson/databind/deser/Deserializers$Base
instanceKlass com/fasterxml/jackson/databind/util/ArrayBuilders
instanceKlass com/fasterxml/jackson/databind/ser/Serializers$Base
instanceKlass com/fasterxml/jackson/databind/ObjectMapper$1
instanceKlass com/fasterxml/jackson/datatype/jdk8/PackageVersion
instanceKlass com/fasterxml/jackson/core/util/JacksonFeatureSet
instanceKlass com/fasterxml/jackson/datatype/jsr310/PackageVersion
instanceKlass com/fasterxml/jackson/core/Version
instanceKlass com/fasterxml/jackson/core/util/VersionUtil
instanceKlass com/fasterxml/jackson/module/paramnames/PackageVersion
instanceKlass com/fasterxml/jackson/databind/type/TypeModifier
instanceKlass com/fasterxml/jackson/databind/ser/BeanSerializerModifier
instanceKlass com/fasterxml/jackson/databind/ser/Serializers
instanceKlass com/fasterxml/jackson/databind/cfg/SerializerFactoryConfig
instanceKlass com/fasterxml/jackson/databind/ser/std/StdJdkSerializers
instanceKlass com/fasterxml/jackson/databind/ser/std/NumberSerializers
instanceKlass com/fasterxml/jackson/databind/deser/DeserializerCache
instanceKlass com/fasterxml/jackson/databind/KeyDeserializer
instanceKlass com/fasterxml/jackson/databind/deser/std/StdKeyDeserializers
instanceKlass com/fasterxml/jackson/databind/deser/KeyDeserializers
instanceKlass com/fasterxml/jackson/databind/deser/ValueInstantiators
instanceKlass com/fasterxml/jackson/databind/AbstractTypeResolver
instanceKlass com/fasterxml/jackson/databind/deser/BeanDeserializerModifier
instanceKlass com/fasterxml/jackson/databind/cfg/DeserializerFactoryConfig
instanceKlass com/fasterxml/jackson/databind/PropertyName
instanceKlass com/fasterxml/jackson/databind/deser/Deserializers
instanceKlass com/fasterxml/jackson/annotation/ObjectIdGenerator
instanceKlass com/fasterxml/jackson/databind/deser/ResolvableDeserializer
instanceKlass com/fasterxml/jackson/databind/deser/ValueInstantiator$Gettable
instanceKlass com/fasterxml/jackson/databind/deser/ContextualDeserializer
instanceKlass com/fasterxml/jackson/databind/JsonDeserializer
instanceKlass com/fasterxml/jackson/databind/deser/NullValueProvider
instanceKlass com/fasterxml/jackson/databind/ser/SerializerCache
instanceKlass com/fasterxml/jackson/databind/ser/ResolvableSerializer
instanceKlass com/fasterxml/jackson/databind/ser/ContextualSerializer
instanceKlass com/fasterxml/jackson/databind/jsonschema/SchemaAware
instanceKlass com/fasterxml/jackson/databind/JsonSerializer
instanceKlass com/fasterxml/jackson/databind/jsonFormatVisitors/JsonFormatVisitable
instanceKlass com/fasterxml/jackson/databind/node/JsonNodeFactory
instanceKlass com/fasterxml/jackson/databind/node/JsonNodeCreator
instanceKlass com/fasterxml/jackson/databind/cfg/ContextAttributes
instanceKlass com/fasterxml/jackson/databind/cfg/DatatypeFeature
instanceKlass com/fasterxml/jackson/databind/cfg/DatatypeFeatures$DefaultHolder
instanceKlass com/fasterxml/jackson/databind/cfg/DatatypeFeatures
instanceKlass com/fasterxml/jackson/core/util/DefaultPrettyPrinter$NopIndenter
instanceKlass com/fasterxml/jackson/core/util/Separators
instanceKlass com/fasterxml/jackson/core/util/DefaultPrettyPrinter
instanceKlass com/fasterxml/jackson/core/util/Instantiatable
instanceKlass com/fasterxml/jackson/databind/cfg/ConfigFeature
instanceKlass com/fasterxml/jackson/databind/cfg/ConfigOverride
instanceKlass com/fasterxml/jackson/annotation/JsonFormat$Features
instanceKlass com/fasterxml/jackson/annotation/JsonFormat$Value
instanceKlass com/fasterxml/jackson/databind/cfg/CoercionConfig
instanceKlass com/fasterxml/jackson/databind/cfg/CoercionConfigs
instanceKlass com/fasterxml/jackson/databind/introspect/VisibilityChecker$Std
instanceKlass com/fasterxml/jackson/annotation/JsonSetter$Value
instanceKlass com/fasterxml/jackson/annotation/JsonInclude$Value
instanceKlass com/fasterxml/jackson/annotation/JacksonAnnotationValue
instanceKlass com/fasterxml/jackson/databind/cfg/ConfigOverrides
instanceKlass com/fasterxml/jackson/databind/introspect/AnnotatedClass$Creators
instanceKlass com/fasterxml/jackson/databind/introspect/AnnotationCollector$NoAnnotations
instanceKlass com/fasterxml/jackson/databind/util/Annotations
instanceKlass com/fasterxml/jackson/databind/introspect/AnnotationCollector
instanceKlass com/fasterxml/jackson/databind/introspect/AnnotatedClassResolver
instanceKlass com/fasterxml/jackson/databind/BeanDescription
instanceKlass com/fasterxml/jackson/databind/cfg/MapperConfig
instanceKlass com/fasterxml/jackson/databind/introspect/SimpleMixInResolver
instanceKlass com/fasterxml/jackson/databind/introspect/ClassIntrospector$MixInResolver
instanceKlass com/fasterxml/jackson/databind/util/RootNameLookup
instanceKlass com/fasterxml/jackson/core/sym/CharsToNameCanonicalizer$Bucket
instanceKlass com/fasterxml/jackson/core/sym/CharsToNameCanonicalizer$TableInfo
instanceKlass com/fasterxml/jackson/core/sym/CharsToNameCanonicalizer
instanceKlass com/fasterxml/jackson/core/ErrorReportConfiguration
instanceKlass com/fasterxml/jackson/core/StreamWriteConstraints
instanceKlass com/fasterxml/jackson/core/StreamReadConstraints
instanceKlass com/fasterxml/jackson/core/util/RecyclerPool$WithPool
instanceKlass com/fasterxml/jackson/core/util/RecyclerPool$ThreadLocalPoolBase
instanceKlass com/fasterxml/jackson/core/util/RecyclerPool
instanceKlass com/fasterxml/jackson/core/util/JsonRecyclerPools
instanceKlass com/fasterxml/jackson/core/sym/ByteQuadsCanonicalizer$TableInfo
instanceKlass com/fasterxml/jackson/core/sym/ByteQuadsCanonicalizer
instanceKlass com/fasterxml/jackson/core/io/CharTypes
instanceKlass com/fasterxml/jackson/core/io/JsonStringEncoder
instanceKlass com/fasterxml/jackson/core/io/SerializedString
instanceKlass com/fasterxml/jackson/core/util/JacksonFeature
instanceKlass com/fasterxml/jackson/core/async/ByteBufferFeeder
instanceKlass com/fasterxml/jackson/core/async/ByteArrayFeeder
instanceKlass com/fasterxml/jackson/core/async/NonBlockingInputFeeder
instanceKlass com/fasterxml/jackson/core/TSFBuilder
instanceKlass com/fasterxml/jackson/core/SerializableString
instanceKlass com/fasterxml/jackson/databind/cfg/DefaultCacheProvider
instanceKlass com/fasterxml/jackson/databind/cfg/CacheProvider
instanceKlass com/fasterxml/jackson/databind/introspect/AccessorNamingStrategy
instanceKlass com/fasterxml/jackson/core/Base64Variant
instanceKlass com/fasterxml/jackson/core/Base64Variants
instanceKlass java/text/DigitList
instanceKlass java/text/FieldPosition
instanceKlass java/lang/StringUTF16$CharsSpliterator
instanceKlass java/util/stream/Sink$ChainedInt
instanceKlass java/util/OptionalInt
instanceKlass java/text/DecimalFormatSymbols
instanceKlass java/text/DateFormatSymbols
instanceKlass sun/util/resources/Bundles$CacheKeyReference
instanceKlass java/util/ResourceBundle$ResourceBundleProviderHelper
instanceKlass sun/util/resources/Bundles$CacheKey
instanceKlass java/util/ResourceBundle$1
instanceKlass jdk/internal/access/JavaUtilResourceBundleAccess
instanceKlass sun/util/resources/Bundles
instanceKlass sun/util/resources/LocaleData$LocaleDataStrategy
instanceKlass sun/util/resources/Bundles$Strategy
instanceKlass sun/util/resources/LocaleData$1
instanceKlass sun/util/resources/LocaleData
instanceKlass sun/util/locale/provider/LocaleResources
instanceKlass java/util/ResourceBundle
instanceKlass java/util/ResourceBundle$Control
instanceKlass sun/util/locale/provider/CalendarDataUtility$CalendarWeekParameterGetter
instanceKlass sun/util/locale/provider/LocaleServiceProviderPool$LocalizedObjectGetter
instanceKlass sun/util/locale/provider/LocaleServiceProviderPool
instanceKlass java/util/Locale$Builder
instanceKlass sun/util/locale/provider/CalendarDataUtility
instanceKlass java/util/Calendar$Builder
instanceKlass sun/util/locale/provider/AvailableLanguageTags
instanceKlass sun/util/resources/cldr/provider/CLDRLocaleDataMetaInfo
instanceKlass jdk/internal/module/ModulePatcher$PatchedModuleReader
instanceKlass sun/util/locale/InternalLocaleBuilder$CaseInsensitiveChar
instanceKlass sun/util/locale/InternalLocaleBuilder
instanceKlass sun/util/locale/StringTokenIterator
instanceKlass sun/util/locale/ParseStatus
instanceKlass sun/util/locale/LanguageTag
instanceKlass sun/util/cldr/CLDRBaseLocaleDataMetaInfo
instanceKlass sun/util/locale/provider/LocaleDataMetaInfo
instanceKlass sun/util/locale/provider/ResourceBundleBasedAdapter
instanceKlass sun/util/locale/provider/LocaleProviderAdapter$1
instanceKlass sun/util/locale/provider/LocaleProviderAdapter
instanceKlass java/util/spi/LocaleServiceProvider
instanceKlass java/text/AttributedCharacterIterator$Attribute
instanceKlass com/fasterxml/jackson/databind/type/TypeBindings
instanceKlass com/fasterxml/jackson/databind/type/TypeParser
instanceKlass com/fasterxml/jackson/databind/type/TypeFactory
instanceKlass com/fasterxml/jackson/databind/cfg/BaseSettings
instanceKlass java/util/concurrent/atomic/AtomicReferenceArray
instanceKlass java/util/concurrent/atomic/AtomicLongArray
instanceKlass java/util/concurrent/ConcurrentLinkedQueue$Node
instanceKlass com/fasterxml/jackson/databind/util/internal/Linked
instanceKlass com/fasterxml/jackson/databind/util/internal/PrivateMaxEntriesMap$Builder
instanceKlass com/fasterxml/jackson/databind/util/LRUMap
instanceKlass com/fasterxml/jackson/databind/util/LookupCache
instanceKlass java/beans/ConstructorProperties
instanceKlass java/beans/Transient
instanceKlass com/fasterxml/jackson/databind/util/ClassUtil$Ctor
instanceKlass com/fasterxml/jackson/databind/util/ClassUtil
instanceKlass com/fasterxml/jackson/databind/ext/Java7Support
instanceKlass com/fasterxml/jackson/annotation/JsonMerge
instanceKlass com/fasterxml/jackson/databind/annotation/JsonDeserialize
instanceKlass com/fasterxml/jackson/annotation/JsonManagedReference
instanceKlass com/fasterxml/jackson/annotation/JsonBackReference
instanceKlass com/fasterxml/jackson/annotation/JsonUnwrapped
instanceKlass com/fasterxml/jackson/annotation/JsonRawValue
instanceKlass com/fasterxml/jackson/annotation/JsonTypeInfo
instanceKlass com/fasterxml/jackson/annotation/JsonFormat
instanceKlass com/fasterxml/jackson/annotation/JsonView
instanceKlass com/fasterxml/jackson/databind/annotation/JsonSerialize
instanceKlass com/fasterxml/jackson/databind/introspect/ConcreteBeanPropertyBase
instanceKlass com/fasterxml/jackson/databind/BeanProperty
instanceKlass com/fasterxml/jackson/databind/introspect/BeanPropertyDefinition
instanceKlass com/fasterxml/jackson/databind/util/Named
instanceKlass com/fasterxml/jackson/databind/introspect/TypeResolutionContext
instanceKlass com/fasterxml/jackson/databind/introspect/Annotated
instanceKlass com/fasterxml/jackson/core/type/ResolvedType
instanceKlass com/fasterxml/jackson/core/util/BufferRecycler$Gettable
instanceKlass com/fasterxml/jackson/databind/JsonSerializable$Base
instanceKlass com/fasterxml/jackson/databind/JsonSerializable
instanceKlass com/fasterxml/jackson/core/TreeNode
instanceKlass com/fasterxml/jackson/core/JsonParser
instanceKlass com/fasterxml/jackson/databind/jsontype/TypeResolverBuilder
instanceKlass com/fasterxml/jackson/databind/Module$SetupContext
instanceKlass com/fasterxml/jackson/databind/introspect/ClassIntrospector
instanceKlass com/fasterxml/jackson/databind/introspect/VisibilityChecker
instanceKlass com/fasterxml/jackson/databind/jsontype/PolymorphicTypeValidator
instanceKlass com/fasterxml/jackson/databind/introspect/AccessorNamingStrategy$Provider
instanceKlass com/fasterxml/jackson/databind/AnnotationIntrospector
instanceKlass com/fasterxml/jackson/databind/ser/SerializerFactory
instanceKlass com/fasterxml/jackson/databind/deser/DeserializerFactory
instanceKlass com/fasterxml/jackson/databind/DatabindContext
instanceKlass com/fasterxml/jackson/databind/jsontype/SubtypeResolver
instanceKlass com/fasterxml/jackson/core/TokenStreamFactory
instanceKlass java/text/Format
instanceKlass com/fasterxml/jackson/databind/cfg/HandlerInstantiator
instanceKlass com/fasterxml/jackson/databind/Module
instanceKlass org/springframework/http/converter/json/Jackson2ObjectMapperBuilder
instanceKlass com/fasterxml/jackson/core/PrettyPrinter
instanceKlass com/fasterxml/jackson/core/util/DefaultPrettyPrinter$Indenter
instanceKlass org/springframework/http/converter/GenericHttpMessageConverter
instanceKlass org/springframework/http/converter/FormHttpMessageConverter
instanceKlass org/springframework/util/MimeType$SpecificityComparator
instanceKlass org/springframework/util/LinkedCaseInsensitiveMap
instanceKlass org/springframework/util/MimeType
instanceKlass org/springframework/http/StreamingHttpOutputMessage$Body
instanceKlass org/springframework/http/converter/AbstractHttpMessageConverter
instanceKlass org/springframework/http/converter/HttpMessageConverter
instanceKlass io/micrometer/observation/SimpleObservationRegistry
instanceKlass io/micrometer/observation/ObservationRegistry$ObservationConfig
instanceKlass io/micrometer/observation/NoopObservationRegistry
instanceKlass io/micrometer/observation/ObservationRegistry
instanceKlass org/springframework/web/client/RestTemplate$HeadersExtractor
instanceKlass org/springframework/http/client/ClientHttpResponse
instanceKlass org/springframework/http/HttpInputMessage
instanceKlass org/springframework/web/client/DefaultResponseErrorHandler
instanceKlass org/apache/commons/logging/impl/NoOpLog
instanceKlass org/springframework/core/log/CompositeLog
instanceKlass org/springframework/http/HttpLogging
instanceKlass com/fasterxml/jackson/core/JsonGenerator
instanceKlass com/fasterxml/jackson/core/TreeCodec
instanceKlass com/fasterxml/jackson/core/Versioned
instanceKlass io/micrometer/common/ImmutableKeyValue
instanceKlass io/micrometer/common/KeyValue
instanceKlass io/micrometer/observation/docs/ObservationDocumentation
instanceKlass io/micrometer/observation/Observation$Context
instanceKlass io/micrometer/observation/Observation$ContextView
instanceKlass io/micrometer/common/docs/KeyName
instanceKlass org/springframework/http/client/observation/DefaultClientRequestObservationConvention
instanceKlass org/springframework/web/client/RequestCallback
instanceKlass org/springframework/http/client/observation/ClientRequestObservationConvention
instanceKlass io/micrometer/observation/ObservationConvention
instanceKlass io/micrometer/observation/KeyValuesConvention
instanceKlass org/springframework/web/util/UriTemplateHandler
instanceKlass org/springframework/web/client/ResponseExtractor
instanceKlass org/springframework/web/client/ResponseErrorHandler
instanceKlass org/springframework/http/client/ClientHttpRequest
instanceKlass org/springframework/http/HttpOutputMessage
instanceKlass org/springframework/http/HttpRequest
instanceKlass org/springframework/http/HttpMessage
instanceKlass org/springframework/http/client/SimpleClientHttpRequestFactory
instanceKlass org/apache/hc/client5/http/socket/LayeredConnectionSocketFactory
instanceKlass org/apache/hc/client5/http/socket/ConnectionSocketFactory
instanceKlass org/springframework/http/client/ClientHttpRequestFactory
instanceKlass org/apache/hc/client5/http/classic/HttpClient
instanceKlass org/apache/hc/client5/http/io/HttpClientConnectionManager
instanceKlass org/apache/hc/core5/io/ModalCloseable
instanceKlass org/springframework/cloud/config/client/ConfigClientStateHolder
instanceKlass org/springframework/cloud/config/client/ConfigServerBootstrapper$LoaderInterceptor
instanceKlass org/springframework/cloud/config/client/ConfigServerInstanceMonitor
instanceKlass org/springframework/web/util/HierarchicalUriComponents$1
instanceKlass org/springframework/util/UnmodifiableMultiValueMap
instanceKlass org/springframework/web/util/UriComponents$UriTemplateVariables
instanceKlass org/springframework/web/util/RfcUriParser$InternalParser
instanceKlass org/springframework/core/log/LogDelegateFactory
instanceKlass org/springframework/web/util/RfcUriParser
instanceKlass org/springframework/web/util/UriComponentsBuilder$1
instanceKlass org/springframework/web/util/HierarchicalUriComponents$PathComponent
instanceKlass org/springframework/web/util/UriComponentsBuilder$CompositePathComponentBuilder
instanceKlass org/springframework/web/util/UriComponentsBuilder$PathComponentBuilder
instanceKlass org/springframework/web/util/UriComponents
instanceKlass org/springframework/web/util/UriComponentsBuilder
instanceKlass org/springframework/web/util/UriBuilder
instanceKlass java/util/stream/ReduceOps$5ReducingSink
instanceKlass java/util/function/IntBinaryOperator
instanceKlass java/util/function/ToIntFunction
instanceKlass org/springframework/cloud/config/client/ConfigServerConfigDataLocationResolver$PropertyResolver
instanceKlass org/springframework/http/client/support/HttpAccessor
instanceKlass org/springframework/web/client/RestOperations
instanceKlass org/springframework/cloud/config/client/ConfigClientRequestTemplateFactory
instanceKlass org/springframework/cloud/config/client/RetryProperties
instanceKlass org/springframework/cloud/config/client/ConfigServerConfigDataLocationResolver$PropertyHolder
instanceKlass org/springframework/beans/factory/annotation/Value
instanceKlass org/springframework/boot/context/properties/bind/MapBinder$EntryBinder
instanceKlass java/util/AbstractList$Itr
instanceKlass org/springframework/cloud/config/client/ConfigClientProperties$Credentials
instanceKlass org/springframework/cloud/configuration/TlsProperties
instanceKlass org/springframework/cloud/config/client/ConfigClientProperties$Discovery
instanceKlass org/springframework/cloud/config/client/ConfigClientProperties
instanceKlass org/springframework/cloud/bootstrap/encrypt/TextEncryptorUtils$FailsafeTextEncryptor
instanceKlass org/springframework/boot/context/config/ConfigDataEnvironmentContributors$InactiveSourceChecker
instanceKlass org/springframework/boot/context/properties/bind/JavaBeanBinder$BeanSupplier
instanceKlass java/beans/Introspector$1
instanceKlass jdk/internal/access/JavaBeansAccess
instanceKlass java/beans/FeatureDescriptor
instanceKlass java/beans/Introspector
instanceKlass org/springframework/boot/context/properties/bind/JavaBeanBinder$BeanProperty
instanceKlass java/lang/invoke/MethodHandleImpl$ArrayAccessor
instanceKlass java/lang/invoke/MethodHandleImpl$2
instanceKlass java/lang/invoke/MethodHandleImpl$LoopClauses
instanceKlass java/lang/invoke/MethodHandleImpl$CasesHolder
instanceKlass java/lang/invoke/MethodHandleImpl$BindCaller
instanceKlass org/springframework/core/BridgeMethodResolver
instanceKlass org/springframework/cloud/bootstrap/encrypt/KeyProperties$KeyStore
instanceKlass org/springframework/core/annotation/AnnotatedElementUtils
instanceKlass org/springframework/boot/convert/Delimiter
instanceKlass org/springframework/core/convert/support/ConversionUtils
instanceKlass java/lang/Short$ShortCache
instanceKlass org/springframework/beans/BeanUtils
instanceKlass org/springframework/util/AntPathMatcher$PathSeparatorPatternCache
instanceKlass org/springframework/util/AntPathMatcher
instanceKlass sun/nio/fs/ExtendedFileSystemProvider
instanceKlass org/springframework/util/PathMatcher
instanceKlass org/springframework/core/io/support/PathMatchingResourcePatternResolver
instanceKlass org/xml/sax/InputSource
instanceKlass java/util/concurrent/ConcurrentLinkedDeque$AbstractItr
instanceKlass org/springframework/core/convert/support/GenericConversionService$ConverterCacheKey
instanceKlass java/util/LinkedList$ListItr
instanceKlass org/springframework/util/PlaceholderParser$PartResolutionContext
instanceKlass org/springframework/util/PlaceholderParser$AbstractPart
instanceKlass org/springframework/core/CollectionFactory
instanceKlass org/springframework/boot/context/properties/source/ConfigurationProperty
instanceKlass org/springframework/boot/origin/PropertySourceOrigin
instanceKlass org/springframework/boot/context/properties/bind/DataObjectPropertyName
instanceKlass org/springframework/boot/context/properties/bind/ValueObjectBinder$ConstructorParameter
instanceKlass org/springframework/core/SerializableTypeWrapper$MethodInvokeTypeProvider
instanceKlass org/springframework/core/SerializableTypeWrapper$TypeProxyInvocationHandler
instanceKlass sun/reflect/generics/tree/MethodTypeSignature
instanceKlass sun/reflect/generics/tree/VoidDescriptor
instanceKlass org/springframework/core/SerializableTypeWrapper$MethodParameterTypeProvider
instanceKlass org/springframework/core/MethodParameter
instanceKlass org/springframework/boot/context/properties/bind/Name
instanceKlass org/springframework/boot/context/properties/bind/ConstructorBinding
instanceKlass org/springframework/beans/factory/annotation/Autowired
instanceKlass org/springframework/boot/context/config/ConfigDataProperties$Activate
instanceKlass org/springframework/boot/context/properties/bind/DefaultBindConstructorProvider$Constructors
instanceKlass org/springframework/boot/context/properties/bind/AbstractBindHandler
instanceKlass org/springframework/boot/context/config/ConfigDataEnvironmentContributorPlaceholdersResolver
instanceKlass org/springframework/boot/origin/OriginTrackedValue
instanceKlass org/springframework/boot/origin/TextResourceOrigin
instanceKlass org/springframework/boot/origin/TextResourceOrigin$Location
instanceKlass sun/net/DefaultProgressMeteringPolicy
instanceKlass sun/net/ProgressMeteringPolicy
instanceKlass sun/net/ProgressMonitor
instanceKlass org/springframework/boot/env/OriginTrackedPropertiesLoader$CharacterReader
instanceKlass org/springframework/boot/env/OriginTrackedPropertiesLoader$Document
instanceKlass org/springframework/boot/env/OriginTrackedPropertiesLoader
instanceKlass java/util/Formattable
instanceKlass java/util/Formatter$Flags
instanceKlass java/util/Formatter$FormatSpecifier
instanceKlass java/util/Formatter$Conversion
instanceKlass java/util/Formatter$FixedString
instanceKlass java/util/Formatter$FormatString
instanceKlass java/util/Formatter
instanceKlass org/springframework/boot/origin/OriginTrackedResource
instanceKlass java/net/URLClassLoader$2
instanceKlass org/springframework/boot/context/config/ConfigData
instanceKlass org/springframework/boot/context/config/ConfigDataResolutionResult
instanceKlass java/nio/channels/WritableByteChannel
instanceKlass org/springframework/core/io/WritableResource
instanceKlass org/springframework/boot/context/config/StandardConfigDataReference
instanceKlass org/springframework/boot/context/config/ConfigDataEnvironmentContributors$ContributorDataLoaderContext
instanceKlass org/springframework/boot/context/config/ConfigDataEnvironmentContributors$ContributorConfigDataLocationResolverContext
instanceKlass org/springframework/boot/context/config/ConfigDataEnvironmentContributor$ContributorIterator
instanceKlass org/springframework/boot/BootstrapRegistry$InstanceSupplier$1
instanceKlass org/springframework/boot/context/config/ConfigDataActivationContext
instanceKlass org/springframework/boot/context/config/ConfigDataImporter
instanceKlass org/springframework/boot/context/config/ConfigDataLocationResolverContext
instanceKlass org/springframework/boot/context/config/ConfigDataLoaderContext
instanceKlass org/springframework/boot/context/config/ConfigDataEnvironmentContributors
instanceKlass org/springframework/boot/context/config/ConfigDataProperties
instanceKlass org/springframework/boot/context/config/ConfigDataEnvironmentContributor
instanceKlass org/springframework/boot/context/config/ConfigData$Options
instanceKlass org/springframework/boot/context/config/ConfigData$AlwaysPropertySourceOptions
instanceKlass org/springframework/boot/context/config/ConfigData$PropertySourceOptions
instanceKlass org/springframework/boot/context/config/StandardConfigDataLoader
instanceKlass org/springframework/boot/context/config/ConfigDataResource
instanceKlass org/springframework/boot/context/config/ConfigTreeConfigDataLoader
instanceKlass org/springframework/cloud/config/client/ConfigServerConfigDataLoader
instanceKlass org/springframework/boot/context/config/ConfigDataLoader
instanceKlass org/springframework/boot/context/config/ConfigDataLoaders
instanceKlass org/springframework/boot/context/config/ConfigDataEnvironmentUpdateListener$1
instanceKlass org/springframework/boot/context/config/ConfigDataEnvironmentUpdateListener
instanceKlass java/util/function/BooleanSupplier
instanceKlass java/util/stream/StreamSpliterators
instanceKlass java/util/stream/StreamSpliterators$AbstractWrappingSpliterator
instanceKlass org/springframework/boot/context/properties/source/FilteredConfigurationPropertiesSource
instanceKlass org/springframework/boot/context/properties/bind/AggregateBinder$AggregateSupplier
instanceKlass org/springframework/boot/context/properties/bind/AggregateElementBinder
instanceKlass org/springframework/boot/context/config/StandardConfigDataLocationResolver
instanceKlass org/springframework/boot/context/config/LocationResourceLoader
instanceKlass org/springframework/boot/context/config/ConfigTreeConfigDataLocationResolver
instanceKlass org/springframework/cloud/config/client/ConfigServerInstanceProvider
instanceKlass org/springframework/cloud/config/client/ConfigServerConfigDataLocationResolver
instanceKlass org/springframework/boot/context/config/ConfigDataLocationResolver
instanceKlass org/springframework/boot/context/config/ConfigDataLocationResolvers
instanceKlass org/springframework/boot/context/properties/bind/BindResult
instanceKlass org/springframework/boot/context/properties/bind/JavaBeanBinder$BeanProperties
instanceKlass org/springframework/boot/context/properties/bind/ValueObjectBinder$ValueObject
instanceKlass org/springframework/core/StandardReflectionParameterNameDiscoverer
instanceKlass org/springframework/core/PrioritizedParameterNameDiscoverer
instanceKlass org/springframework/boot/context/properties/bind/ValueObjectBinder$Discoverer
instanceKlass org/springframework/core/ParameterNameDiscoverer
instanceKlass java/util/AbstractList$RandomAccessSpliterator
instanceKlass org/springframework/boot/context/properties/bind/DataObjectPropertyBinder
instanceKlass org/springframework/boot/context/properties/bind/Binder$Context
instanceKlass org/springframework/boot/context/properties/bind/JavaBeanBinder
instanceKlass org/springframework/boot/context/properties/bind/ValueObjectBinder
instanceKlass org/springframework/boot/context/properties/bind/DataObjectBinder
instanceKlass org/springframework/boot/context/properties/bind/DefaultBindConstructorProvider
instanceKlass org/springframework/boot/context/properties/bind/BindConstructorProvider
instanceKlass org/springframework/boot/context/properties/bind/BindHandler$1
instanceKlass org/springframework/beans/TypeConverterDelegate
instanceKlass org/springframework/beans/PropertyEditorRegistrySupport
instanceKlass org/springframework/beans/PropertyEditorRegistry
instanceKlass org/springframework/beans/TypeConverter
instanceKlass java/beans/PropertyEditorSupport
instanceKlass java/beans/PropertyEditor
instanceKlass org/springframework/boot/context/properties/bind/BindConverter$TypeConverterConverter
instanceKlass org/springframework/boot/context/properties/bind/BindConverter
instanceKlass org/springframework/boot/context/properties/bind/PropertySourcesPlaceholdersResolver
instanceKlass org/springframework/boot/context/properties/bind/AggregateBinder
instanceKlass org/springframework/boot/context/properties/bind/BindContext
instanceKlass org/springframework/boot/context/properties/bind/Binder
instanceKlass org/springframework/boot/context/config/ConfigDataLocation
instanceKlass org/springframework/boot/context/properties/bind/PlaceholdersResolver
instanceKlass org/springframework/boot/origin/OriginProvider
instanceKlass org/springframework/boot/context/config/ConfigDataEnvironment
instanceKlass java/lang/invoke/MethodHandle$1
instanceKlass org/springframework/boot/env/SpringApplicationJsonEnvironmentPostProcessor$JsonPropertyValue
instanceKlass org/springframework/boot/origin/Origin
instanceKlass org/springframework/aot/AotDetector
instanceKlass org/springframework/boot/autoconfigure/integration/IntegrationPropertiesEnvironmentPostProcessor
instanceKlass org/springframework/boot/reactor/ReactorEnvironmentPostProcessor
instanceKlass org/springframework/boot/env/SystemEnvironmentPropertySourceEnvironmentPostProcessor
instanceKlass org/springframework/boot/env/SpringApplicationJsonEnvironmentPostProcessor
instanceKlass org/springframework/boot/env/RandomValuePropertySourceEnvironmentPostProcessor
instanceKlass org/springframework/boot/context/config/ConfigDataEnvironmentPostProcessor
instanceKlass org/springframework/boot/cloud/CloudFoundryVcapEnvironmentPostProcessor
instanceKlass org/springframework/boot/devtools/env/DevToolsPropertyDefaultsPostProcessor
instanceKlass org/springframework/boot/env/YamlPropertySourceLoader
instanceKlass org/yaml/snakeyaml/Yaml
instanceKlass org/springframework/boot/env/PropertiesPropertySourceLoader
instanceKlass org/springframework/boot/env/PropertySourceLoader
instanceKlass org/springframework/boot/devtools/env/DevToolsHomePropertiesPostProcessor
instanceKlass org/springframework/cloud/commons/ConfigDataMissingEnvironmentPostProcessor
instanceKlass org/springframework/cloud/client/HostInfoEnvironmentPostProcessor
instanceKlass org/springframework/cloud/util/random/CachedRandomPropertySourceEnvironmentPostProcessor
instanceKlass org/springframework/cloud/bootstrap/encrypt/AbstractEnvironmentDecrypt
instanceKlass org/springframework/cloud/bootstrap/BootstrapConfigFileApplicationListener
instanceKlass com/azure/spring/cloud/core/credential/AzureCredentialResolver
instanceKlass com/azure/spring/cloud/service/implementation/keyvault/secrets/SecretClientProperties
instanceKlass com/azure/spring/cloud/service/implementation/keyvault/KeyVaultProperties
instanceKlass com/azure/spring/cloud/core/provider/RetryOptionsProvider
instanceKlass com/azure/spring/cloud/core/properties/AzureProperties
instanceKlass com/azure/spring/cloud/core/provider/AzureProfileOptionsProvider
instanceKlass com/azure/spring/cloud/core/provider/authentication/TokenCredentialOptionsProvider
instanceKlass com/azure/spring/cloud/core/provider/ProxyOptionsProvider
instanceKlass com/azure/spring/cloud/core/provider/ClientOptionsProvider
instanceKlass com/azure/spring/cloud/autoconfigure/implementation/keyvault/environment/KeyVaultEnvironmentPostProcessor
instanceKlass com/azure/spring/cloud/autoconfigure/implementation/context/AzureGlobalConfigurationEnvironmentPostProcessor
instanceKlass org/springframework/boot/actuate/autoconfigure/tracing/LogCorrelationEnvironmentPostProcessor
instanceKlass org/springframework/boot/env/EnvironmentPostProcessor
instanceKlass org/springframework/boot/env/SpringFactoriesEnvironmentPostProcessorsFactory
instanceKlass org/springframework/boot/context/properties/source/ConfigurationPropertyName$ElementCharPredicate
instanceKlass java/util/stream/Sink$OfInt
instanceKlass java/util/function/IntConsumer
instanceKlass java/util/stream/MatchOps$BooleanTerminalSink
instanceKlass java/util/stream/MatchOps$MatchOp
instanceKlass java/util/stream/MatchOps
instanceKlass java/util/function/IntPredicate
instanceKlass java/util/stream/IntStream
instanceKlass java/lang/StringLatin1$CharsSpliterator
instanceKlass java/util/function/UnaryOperator
instanceKlass org/springframework/boot/context/properties/source/SpringIterableConfigurationPropertySource$Mappings
instanceKlass org/springframework/boot/context/properties/source/DefaultPropertyMapper$LastMapping
instanceKlass java/time/Clock
instanceKlass java/time/InstantSource
instanceKlass org/springframework/boot/context/properties/source/SoftReferenceConfigurationPropertyCache
instanceKlass org/springframework/boot/context/properties/source/ConfigurationPropertyCaching
instanceKlass org/springframework/boot/context/properties/source/SystemEnvironmentPropertyMapper
instanceKlass java/util/function/BiPredicate
instanceKlass org/springframework/boot/context/properties/source/DefaultPropertyMapper
instanceKlass org/springframework/boot/context/properties/source/PropertyMapper
instanceKlass org/springframework/boot/context/properties/source/CachingConfigurationPropertySource
instanceKlass org/springframework/boot/context/properties/source/IterableConfigurationPropertySource
instanceKlass org/springframework/boot/context/properties/source/SpringConfigurationPropertySource
instanceKlass org/springframework/boot/context/properties/source/SpringConfigurationPropertySources$SourcesIterator
instanceKlass org/springframework/cloud/util/PropertyUtils
instanceKlass org/springframework/boot/context/properties/source/ConfigurationPropertySource
instanceKlass org/springframework/boot/context/properties/source/SpringConfigurationPropertySources
instanceKlass java/util/concurrent/SynchronousQueue$TransferStack$SNode
instanceKlass java/util/concurrent/ForkJoinPool$ManagedBlocker
instanceKlass java/util/concurrent/SynchronousQueue$Transferer
instanceKlass java/util/concurrent/ThreadPoolExecutor$AbortPolicy
instanceKlass java/util/concurrent/RejectedExecutionHandler
instanceKlass java/util/concurrent/AbstractExecutorService
instanceKlass java/util/concurrent/Executors
instanceKlass jdk/internal/util/random/RandomSupport
instanceKlass java/util/Random
instanceKlass java/util/random/RandomGenerator
instanceKlass java/lang/ProcessHandleImpl
instanceKlass java/lang/ProcessHandle
instanceKlass org/springframework/boot/system/ApplicationPid
instanceKlass org/springframework/boot/convert/CharSequenceToObjectConverter
instanceKlass org/springframework/boot/convert/LenientObjectToEnumConverterFactory
instanceKlass sun/reflect/generics/tree/ByteSignature
instanceKlass org/springframework/boot/convert/InputStreamSourceToByteArrayConverter
instanceKlass org/springframework/boot/convert/StringToFileConverter
instanceKlass org/springframework/boot/convert/NumberToDataSizeConverter
instanceKlass org/springframework/util/unit/DataSize
instanceKlass org/springframework/boot/convert/StringToDataSizeConverter
instanceKlass org/springframework/boot/convert/NumberToPeriodConverter
instanceKlass org/springframework/boot/convert/PeriodToStringConverter
instanceKlass org/springframework/boot/convert/StringToPeriodConverter
instanceKlass org/springframework/boot/convert/DurationToNumberConverter
instanceKlass org/springframework/boot/convert/NumberToDurationConverter
instanceKlass org/springframework/boot/convert/DurationToStringConverter
instanceKlass org/springframework/boot/convert/StringToDurationConverter
instanceKlass org/springframework/boot/convert/DelimitedStringToCollectionConverter
instanceKlass org/springframework/boot/convert/DelimitedStringToArrayConverter
instanceKlass org/springframework/boot/convert/CollectionToDelimitedStringConverter
instanceKlass org/springframework/boot/convert/ArrayToDelimitedStringConverter
instanceKlass org/springframework/boot/convert/IsoOffsetFormatter
instanceKlass java/net/InetAddress
instanceKlass org/springframework/boot/convert/InetAddressFormatter
instanceKlass sun/reflect/generics/tree/ArrayTypeSignature
instanceKlass sun/reflect/generics/tree/CharSignature
instanceKlass org/springframework/boot/convert/CharArrayFormatter
instanceKlass org/springframework/format/annotation/DurationFormat
instanceKlass org/springframework/format/annotation/DateTimeFormat
instanceKlass org/springframework/format/datetime/standard/MonthDayFormatter
instanceKlass java/time/MonthDay
instanceKlass org/springframework/format/datetime/standard/YearMonthFormatter
instanceKlass java/time/YearMonth
instanceKlass org/springframework/format/datetime/standard/MonthFormatter
instanceKlass org/springframework/format/datetime/standard/YearFormatter
instanceKlass java/time/Year
instanceKlass org/springframework/format/datetime/standard/DurationFormatter
instanceKlass org/springframework/format/datetime/standard/PeriodFormatter
instanceKlass org/springframework/format/datetime/standard/InstantFormatter
instanceKlass java/time/OffsetTime
instanceKlass org/springframework/format/support/FormattingConversionService$ParserConverter
instanceKlass org/springframework/format/support/FormattingConversionService$PrinterConverter
instanceKlass org/springframework/format/datetime/standard/TemporalAccessorParser
instanceKlass org/springframework/format/datetime/standard/TemporalAccessorPrinter
instanceKlass java/time/format/DateTimeFormatterBuilder$LocalizedPrinterParser
instanceKlass org/springframework/format/datetime/standard/DateTimeFormatterRegistrar$1
instanceKlass org/springframework/format/datetime/standard/DateTimeConverters$InstantToLongConverter
instanceKlass org/springframework/format/datetime/standard/DateTimeConverters$LongToInstantConverter
instanceKlass org/springframework/format/datetime/standard/DateTimeConverters$CalendarToInstantConverter
instanceKlass org/springframework/format/datetime/standard/DateTimeConverters$CalendarToLocalDateTimeConverter
instanceKlass org/springframework/format/datetime/standard/DateTimeConverters$CalendarToLocalTimeConverter
instanceKlass org/springframework/format/datetime/standard/DateTimeConverters$CalendarToLocalDateConverter
instanceKlass org/springframework/format/datetime/standard/DateTimeConverters$CalendarToOffsetDateTimeConverter
instanceKlass org/springframework/format/datetime/standard/DateTimeConverters$CalendarToZonedDateTimeConverter
instanceKlass org/springframework/format/datetime/standard/DateTimeConverters$OffsetDateTimeToInstantConverter
instanceKlass org/springframework/format/datetime/standard/DateTimeConverters$OffsetDateTimeToZonedDateTimeConverter
instanceKlass org/springframework/format/datetime/standard/DateTimeConverters$OffsetDateTimeToLocalDateTimeConverter
instanceKlass org/springframework/format/datetime/standard/DateTimeConverters$OffsetDateTimeToLocalTimeConverter
instanceKlass org/springframework/format/datetime/standard/DateTimeConverters$OffsetDateTimeToLocalDateConverter
instanceKlass org/springframework/format/datetime/standard/DateTimeConverters$ZonedDateTimeToInstantConverter
instanceKlass java/time/OffsetDateTime
instanceKlass org/springframework/format/datetime/standard/DateTimeConverters$ZonedDateTimeToOffsetDateTimeConverter
instanceKlass org/springframework/format/datetime/standard/DateTimeConverters$ZonedDateTimeToLocalDateTimeConverter
instanceKlass org/springframework/format/datetime/standard/DateTimeConverters$ZonedDateTimeToLocalTimeConverter
instanceKlass org/springframework/format/datetime/standard/DateTimeConverters$ZonedDateTimeToLocalDateConverter
instanceKlass org/springframework/format/datetime/standard/DateTimeConverters$LocalDateTimeToLocalTimeConverter
instanceKlass org/springframework/format/datetime/standard/DateTimeConverters$LocalDateTimeToLocalDateConverter
instanceKlass org/springframework/format/datetime/DateFormatterRegistrar$LongToCalendarConverter
instanceKlass org/springframework/format/datetime/DateFormatterRegistrar$LongToDateConverter
instanceKlass org/springframework/format/datetime/DateFormatterRegistrar$CalendarToLongConverter
instanceKlass org/springframework/format/datetime/DateFormatterRegistrar$CalendarToDateConverter
instanceKlass org/springframework/format/datetime/DateFormatterRegistrar$DateToCalendarConverter
instanceKlass org/springframework/format/datetime/DateFormatterRegistrar$DateToLongConverter
instanceKlass org/springframework/format/datetime/DateFormatterRegistrar
instanceKlass org/springframework/format/datetime/standard/DateTimeConverters
instanceKlass org/springframework/format/datetime/standard/DateTimeFormatterFactory
instanceKlass org/springframework/format/datetime/standard/DateTimeFormatterRegistrar
instanceKlass org/springframework/format/FormatterRegistrar
instanceKlass org/springframework/format/support/FormattingConversionService$AnnotationParserConverter
instanceKlass org/springframework/format/support/FormattingConversionService$AnnotationPrinterConverter
instanceKlass org/springframework/util/NumberUtils
instanceKlass org/springframework/format/annotation/NumberFormat
instanceKlass org/springframework/core/GenericTypeResolver
instanceKlass org/springframework/context/support/EmbeddedValueResolutionSupport
instanceKlass org/springframework/format/AnnotationFormatterFactory
instanceKlass java/lang/StrictMath
instanceKlass org/springframework/core/convert/support/ObjectToOptionalConverter
instanceKlass org/springframework/core/convert/support/FallbackObjectToStringConverter
instanceKlass org/springframework/core/convert/support/IdToEntityConverter
instanceKlass org/springframework/core/convert/support/ObjectToObjectConverter
instanceKlass java/util/Calendar
instanceKlass org/springframework/core/convert/support/ZonedDateTimeToCalendarConverter
instanceKlass org/springframework/core/convert/support/ZoneIdToTimeZoneConverter
instanceKlass org/springframework/core/convert/support/StringToTimeZoneConverter
instanceKlass org/springframework/core/convert/support/InstantToDateConverter
instanceKlass org/springframework/core/convert/support/DateToInstantConverter
instanceKlass org/springframework/core/convert/support/ByteBufferConverter
instanceKlass org/springframework/core/convert/TypeDescriptor$AnnotatedElementAdapter
instanceKlass org/springframework/core/convert/TypeDescriptor$AnnotatedElementSupplier
instanceKlass org/springframework/core/convert/TypeDescriptor
instanceKlass org/springframework/core/convert/support/StreamConverter
instanceKlass org/springframework/core/convert/support/ObjectToCollectionConverter
instanceKlass org/springframework/core/convert/support/CollectionToObjectConverter
instanceKlass org/springframework/core/convert/support/StringToCollectionConverter
instanceKlass org/springframework/core/convert/support/ObjectToArrayConverter
instanceKlass org/springframework/core/convert/support/ArrayToObjectConverter
instanceKlass org/springframework/core/convert/support/StringToArrayConverter
instanceKlass org/springframework/core/convert/support/CollectionToStringConverter
instanceKlass org/springframework/core/convert/support/ArrayToStringConverter
instanceKlass org/springframework/core/convert/support/MapToMapConverter
instanceKlass org/springframework/core/convert/support/CollectionToCollectionConverter
instanceKlass org/springframework/core/convert/support/ArrayToArrayConverter
instanceKlass org/springframework/core/convert/support/CollectionToArrayConverter
instanceKlass org/springframework/core/convert/support/ArrayToCollectionConverter
instanceKlass org/springframework/core/convert/support/StringToPatternConverter
instanceKlass java/util/UUID
instanceKlass org/springframework/core/convert/support/StringToUUIDConverter
instanceKlass org/springframework/core/convert/support/PropertiesToStringConverter
instanceKlass org/springframework/core/convert/support/StringToPropertiesConverter
instanceKlass java/util/Currency
instanceKlass org/springframework/core/convert/support/StringToCurrencyConverter
instanceKlass org/springframework/core/convert/support/StringToCharsetConverter
instanceKlass org/springframework/core/convert/support/StringToLocaleConverter
instanceKlass org/springframework/core/convert/support/IntegerToEnumConverterFactory
instanceKlass sun/reflect/generics/tree/Wildcard
instanceKlass sun/reflect/generics/tree/BottomSignature
instanceKlass org/springframework/core/convert/support/AbstractConditionalEnumConverter
instanceKlass org/springframework/core/convert/support/StringToEnumConverterFactory
instanceKlass org/springframework/core/convert/support/StringToBooleanConverter
instanceKlass org/springframework/core/convert/support/CharacterToNumberFactory
instanceKlass org/springframework/core/convert/support/NumberToCharacterConverter
instanceKlass org/springframework/core/convert/support/StringToCharacterConverter
instanceKlass org/springframework/core/convert/support/GenericConversionService$ConverterAdapter
instanceKlass org/springframework/core/convert/support/ObjectToStringConverter
instanceKlass org/springframework/core/convert/support/StringToNumberConverterFactory
instanceKlass java/util/concurrent/ConcurrentLinkedDeque$Node
instanceKlass org/springframework/core/convert/support/GenericConversionService$ConvertersForPair
instanceKlass org/springframework/core/convert/converter/GenericConverter$ConvertiblePair
instanceKlass org/springframework/core/convert/support/GenericConversionService$ConverterFactoryAdapter
instanceKlass org/springframework/core/convert/converter/ConditionalGenericConverter
instanceKlass org/springframework/core/convert/support/NumberToNumberConverterFactory
instanceKlass org/springframework/core/convert/converter/ConditionalConverter
instanceKlass org/springframework/core/convert/support/GenericConversionService$Converters
instanceKlass org/springframework/core/convert/support/GenericConversionService$NoOpConverter
instanceKlass org/springframework/core/convert/converter/ConverterFactory
instanceKlass org/springframework/core/convert/converter/Converter
instanceKlass org/springframework/format/Formatter
instanceKlass org/springframework/format/Parser
instanceKlass org/springframework/format/Printer
instanceKlass org/springframework/core/convert/converter/GenericConverter
instanceKlass org/springframework/core/convert/support/GenericConversionService
instanceKlass org/springframework/context/EmbeddedValueResolverAware
instanceKlass org/springframework/format/FormatterRegistry
instanceKlass java/lang/ProcessEnvironment$CheckedEntry
instanceKlass java/lang/ProcessEnvironment$CheckedEntrySet$1
instanceKlass java/lang/ProcessEnvironment$EntryComparator
instanceKlass java/lang/ProcessEnvironment$NameComparator
instanceKlass javax/naming/spi/NamingManager
instanceKlass sun/nio/fs/WindowsChannelFactory$Flags
instanceKlass sun/nio/fs/WindowsChannelFactory$1
instanceKlass sun/nio/fs/WindowsChannelFactory
instanceKlass sun/nio/fs/WindowsSecurityDescriptor
instanceKlass java/nio/file/attribute/FileAttribute
instanceKlass com/sun/naming/internal/VersionHelper$InputStreamEnumeration
instanceKlass javax/naming/NamingEnumeration
instanceKlass com/sun/naming/internal/VersionHelper
instanceKlass com/sun/naming/internal/ResourceManager
instanceKlass org/springframework/jndi/JndiAccessor
instanceKlass org/springframework/util/PlaceholderParser$Part
instanceKlass org/springframework/util/PlaceholderParser
instanceKlass org/springframework/util/PropertyPlaceholderHelper
instanceKlass org/springframework/util/PropertyPlaceholderHelper$PlaceholderResolver
instanceKlass org/springframework/util/SystemPropertyUtils
instanceKlass org/springframework/core/SpringProperties
instanceKlass org/springframework/core/env/AbstractPropertyResolver
instanceKlass org/springframework/boot/context/properties/source/ConfigurationPropertySources
instanceKlass org/springframework/core/env/MutablePropertySources
instanceKlass javax/naming/InitialContext
instanceKlass javax/naming/Context
instanceKlass org/springframework/core/env/AbstractEnvironment
instanceKlass org/springframework/web/context/ConfigurableWebEnvironment
instanceKlass org/springframework/boot/web/servlet/context/ServletWebServerApplicationContextFactory
instanceKlass org/springframework/boot/web/reactive/context/ReactiveWebServerApplicationContextFactory
instanceKlass org/springframework/core/env/CommandLineArgs
instanceKlass org/springframework/core/env/SimpleCommandLineArgsParser
instanceKlass org/springframework/boot/DefaultApplicationArguments
instanceKlass java/util/logging/LogManager$CloseOnReset
instanceKlass java/util/logging/StreamHandler$1
instanceKlass java/util/logging/Handler$1
instanceKlass java/util/logging/ErrorManager
instanceKlass jdk/internal/logger/SimpleConsoleLogger$Formatting
instanceKlass java/util/logging/Formatter
instanceKlass java/util/logging/LogManager$4
instanceKlass jdk/internal/logger/BootstrapLogger$BootstrapExecutors
instanceKlass jdk/internal/logger/LoggerFinderLoader
instanceKlass java/util/stream/Streams
instanceKlass java/util/stream/Stream$Builder
instanceKlass java/util/stream/Streams$AbstractStreamBuilderImpl
instanceKlass java/util/Hashtable$Enumerator
instanceKlass java/util/Collections$3
instanceKlass java/util/logging/LogManager$LoggerContext$1
instanceKlass java/util/logging/LogManager$VisitedLoggers
instanceKlass java/util/logging/Logger$ConfigurationData
instanceKlass java/util/logging/Logger$LoggerBundle
instanceKlass java/util/logging/Logger
instanceKlass java/util/logging/LogManager$2
instanceKlass java/util/logging/LogManager$LoggingProviderAccess
instanceKlass java/lang/Shutdown$Lock
instanceKlass java/lang/Shutdown
instanceKlass java/lang/ApplicationShutdownHooks$1
instanceKlass java/lang/ApplicationShutdownHooks
instanceKlass java/util/logging/LogManager$LogNode
instanceKlass java/util/logging/LogManager$LoggerContext
instanceKlass java/util/logging/LogManager$1
instanceKlass java/util/logging/Level
instanceKlass java/util/logging/Handler
instanceKlass org/springframework/boot/logging/AbstractLoggingSystem$LogLevels
instanceKlass org/springframework/boot/logging/LoggerConfigurationComparator
instanceKlass org/springframework/boot/logging/logback/LogbackConfigurator
instanceKlass org/springframework/boot/logging/LoggingSystemProperties
instanceKlass ch/qos/logback/classic/spi/LoggerContextListener
instanceKlass org/springframework/core/annotation/AnnotationUtils
instanceKlass org/springframework/core/annotation/ValueExtractor
instanceKlass org/springframework/core/annotation/AliasFor
instanceKlass org/springframework/core/annotation/AnnotationTypeMapping$MirrorSets
instanceKlass org/springframework/core/annotation/AnnotationTypeMapping$MirrorSets$MirrorSet
instanceKlass org/springframework/core/annotation/AnnotationTypeMapping
instanceKlass org/springframework/core/annotation/AnnotationTypeMappings$Cache
instanceKlass org/springframework/core/annotation/AnnotationTypeMappings
instanceKlass org/springframework/core/annotation/AttributeMethods
instanceKlass org/springframework/beans/factory/aot/BeanFactoryInitializationAotProcessor
instanceKlass org/springframework/boot/logging/logback/LogbackLoggingSystem$Factory
instanceKlass org/springframework/boot/logging/log4j2/Log4J2LoggingSystem$Factory
instanceKlass org/springframework/boot/logging/java/JavaLoggingSystem$Factory
instanceKlass org/springframework/boot/logging/DelegatingLoggingSystemFactory
instanceKlass org/springframework/boot/logging/LoggingSystemFactory
instanceKlass org/springframework/boot/logging/LoggingSystem
instanceKlass pe/valdemar/authjwt/AuthJwtApplication
instanceKlass java/io/FilePermissionCollection$1
instanceKlass java/net/URLClassLoader$1
instanceKlass org/springframework/boot/devtools/restart/FailureHandler
instanceKlass jdk/internal/reflect/UnsafeFieldAccessorFactory
instanceKlass org/springframework/asm/ClassVisitor
instanceKlass org/springframework/cglib/core/ClassNameReader
instanceKlass java/util/concurrent/LinkedBlockingDeque$Node
instanceKlass org/springframework/boot/devtools/restart/MainMethod
instanceKlass java/util/regex/Pattern$BitClass
instanceKlass org/springframework/boot/devtools/settings/DevToolsSettings
instanceKlass jdk/internal/misc/ScopedMemoryAccess$Scope
instanceKlass java/util/Collections$2
instanceKlass sun/management/RuntimeImpl
instanceKlass java/util/stream/ReduceOps$2ReducingSink
instanceKlass java/util/HashMap$HashMapSpliterator
instanceKlass jdk/management/jfr/internal/FlightRecorderMXBeanProvider$SingleMBeanComponent
instanceKlass jdk/management/jfr/FlightRecorderMXBean
instanceKlass java/lang/management/DefaultPlatformMBeanProvider$11
instanceKlass java/lang/management/DefaultPlatformMBeanProvider$10
instanceKlass java/lang/management/DefaultPlatformMBeanProvider$9
instanceKlass java/util/logging/LogManager
instanceKlass sun/management/ManagementFactoryHelper$LoggingMXBeanAccess$1
instanceKlass sun/management/ManagementFactoryHelper$LoggingMXBeanAccess
instanceKlass java/lang/management/DefaultPlatformMBeanProvider$8
instanceKlass java/lang/management/DefaultPlatformMBeanProvider$7
instanceKlass java/lang/management/DefaultPlatformMBeanProvider$6
instanceKlass java/lang/management/DefaultPlatformMBeanProvider$5
instanceKlass java/lang/management/DefaultPlatformMBeanProvider$4
instanceKlass java/lang/management/DefaultPlatformMBeanProvider$3
instanceKlass java/lang/management/DefaultPlatformMBeanProvider$2
instanceKlass java/lang/management/DefaultPlatformMBeanProvider$1
instanceKlass com/sun/management/internal/PlatformMBeanProviderImpl$5
instanceKlass sun/management/VMManagementImpl
instanceKlass sun/management/VMManagement
instanceKlass sun/management/ManagementFactoryHelper
instanceKlass sun/management/NotificationEmitterSupport
instanceKlass javax/management/NotificationEmitter
instanceKlass javax/management/NotificationBroadcaster
instanceKlass com/sun/management/DiagnosticCommandMBean
instanceKlass javax/management/DynamicMBean
instanceKlass com/sun/management/internal/PlatformMBeanProviderImpl$4
instanceKlass com/sun/management/internal/PlatformMBeanProviderImpl$3
instanceKlass com/sun/management/internal/PlatformMBeanProviderImpl$2
instanceKlass com/sun/management/internal/PlatformMBeanProviderImpl$1
instanceKlass sun/management/spi/PlatformMBeanProvider$PlatformComponent
instanceKlass java/util/concurrent/Callable
instanceKlass sun/management/spi/PlatformMBeanProvider
instanceKlass sun/security/util/SecurityProperties
instanceKlass sun/security/util/FilePermCompat
instanceKlass java/io/FilePermission$1
instanceKlass jdk/internal/access/JavaIOFilePermissionAccess
instanceKlass java/lang/management/ManagementFactory$PlatformMBeanFinder$1
instanceKlass java/lang/management/ManagementFactory$PlatformMBeanFinder
instanceKlass java/lang/management/RuntimeMXBean
instanceKlass java/lang/management/PlatformManagedObject
instanceKlass java/lang/management/ManagementFactory
instanceKlass org/springframework/boot/devtools/logger/DevToolsLogFactory
instanceKlass org/springframework/boot/devtools/restart/ChangeableUrls
instanceKlass org/springframework/boot/devtools/restart/SilentExitExceptionHandler
instanceKlass org/springframework/boot/logging/DeferredLog$Line
instanceKlass org/springframework/boot/logging/DeferredLog
instanceKlass org/springframework/boot/devtools/restart/classloader/ClassLoaderFiles
instanceKlass org/springframework/core/SmartClassLoader
instanceKlass org/springframework/boot/devtools/restart/classloader/ClassLoaderFileRepository
instanceKlass org/springframework/beans/factory/support/BeanDefinitionRegistry
instanceKlass org/springframework/core/AliasRegistry
instanceKlass org/springframework/core/io/DefaultResourceLoader
instanceKlass java/util/concurrent/BlockingDeque
instanceKlass org/springframework/boot/devtools/restart/Restarter
instanceKlass org/springframework/boot/devtools/restart/AgentReloader
instanceKlass org/springframework/boot/devtools/restart/DefaultRestartInitializer
instanceKlass java/lang/StackTraceElement$HashedModules
instanceKlass org/springframework/core/NativeDetector
instanceKlass org/springframework/context/aot/AbstractAotProcessor
instanceKlass org/springframework/boot/devtools/system/DevToolsEnablementDeducer
instanceKlass org/springframework/aop/SpringProxy
instanceKlass org/springframework/aop/support/AopUtils
instanceKlass org/springframework/context/event/GenericApplicationListenerAdapter
instanceKlass org/springframework/context/event/AbstractApplicationEventMulticaster$CachedListenerRetriever
instanceKlass org/springframework/context/event/AbstractApplicationEventMulticaster$ListenerCacheKey
instanceKlass org/springframework/core/ResolvableTypeProvider
instanceKlass org/springframework/boot/SpringApplicationRunListeners
instanceKlass org/springframework/util/ErrorHandler
instanceKlass org/springframework/boot/availability/AvailabilityState
instanceKlass org/springframework/boot/context/event/EventPublishingRunListener
instanceKlass java/util/stream/Nodes$ArrayNode
instanceKlass com/azure/spring/cloud/autoconfigure/implementation/context/SpringTokenCredentialProviderApplicationRunListener
instanceKlass org/springframework/boot/SpringApplicationRunListener
instanceKlass org/springframework/core/io/support/SpringFactoriesLoader$ArgumentResolver$1
instanceKlass org/springframework/core/io/support/SpringFactoriesLoader$ArgumentResolver
instanceKlass org/springframework/boot/context/properties/bind/BindHandler
instanceKlass org/springframework/core/env/PropertySources
instanceKlass org/springframework/cloud/bootstrap/encrypt/TextEncryptorUtils
instanceKlass org/springframework/cloud/bootstrap/encrypt/RsaProperties
instanceKlass org/springframework/boot/BootstrapRegistry$InstanceSupplier
instanceKlass org/springframework/cloud/bootstrap/encrypt/KeyProperties
instanceKlass org/springframework/aop/framework/Advised
instanceKlass org/springframework/aop/TargetClassAware
instanceKlass org/springframework/aop/framework/AopProxyUtils
instanceKlass org/springframework/context/event/AbstractApplicationEventMulticaster$DefaultListenerRetriever
instanceKlass org/springframework/context/event/AbstractApplicationEventMulticaster
instanceKlass org/springframework/beans/factory/BeanFactoryAware
instanceKlass org/springframework/beans/factory/BeanClassLoaderAware
instanceKlass org/springframework/context/event/ApplicationEventMulticaster
instanceKlass org/springframework/boot/DefaultBootstrapContext
instanceKlass org/springframework/boot/SpringApplication$Startup
instanceKlass java/lang/StackStreamFactory$FrameBuffer
instanceKlass java/lang/StackStreamFactory$1
instanceKlass java/lang/StackStreamFactory
instanceKlass java/util/concurrent/CountDownLatch
instanceKlass org/springframework/boot/autoconfigure/BackgroundPreinitializer
instanceKlass org/springframework/boot/logging/DeferredLog$Lines
instanceKlass org/springframework/boot/logging/DeferredLogs
instanceKlass org/springframework/boot/env/EnvironmentPostProcessorsFactory
instanceKlass org/springframework/boot/logging/DeferredLogFactory
instanceKlass org/springframework/boot/env/EnvironmentPostProcessorApplicationListener
instanceKlass org/springframework/util/MultiValueMapAdapter
instanceKlass org/springframework/core/ResolvableType$DefaultVariableResolver
instanceKlass sun/reflect/generics/reflectiveObjects/ParameterizedTypeImpl
instanceKlass sun/reflect/generics/tree/TypeVariableSignature
instanceKlass org/springframework/core/ResolvableType$TypeVariablesVariableResolver
instanceKlass org/springframework/core/ResolvableType$SyntheticParameterizedType
instanceKlass org/springframework/core/SerializableTypeWrapper$SerializableTypeProxy
instanceKlass java/lang/reflect/WildcardType
instanceKlass java/lang/reflect/ParameterizedType
instanceKlass org/springframework/core/SerializableTypeWrapper
instanceKlass sun/reflect/generics/reflectiveObjects/LazyReflectiveObjectGenerator
instanceKlass java/lang/reflect/TypeVariable
instanceKlass sun/reflect/generics/tree/ClassSignature
instanceKlass sun/reflect/generics/tree/Signature
instanceKlass sun/reflect/generics/tree/FormalTypeParameter
instanceKlass sun/reflect/generics/repository/AbstractRepository
instanceKlass org/springframework/core/ResolvableType$EmptyType
instanceKlass org/springframework/core/SerializableTypeWrapper$TypeProvider
instanceKlass org/springframework/core/ResolvableType$VariableResolver
instanceKlass org/springframework/core/ResolvableType
instanceKlass org/springframework/boot/context/properties/bind/Bindable
instanceKlass org/springframework/boot/context/properties/source/ConfigurationPropertyName$ElementsParser
instanceKlass org/springframework/boot/context/properties/source/ConfigurationPropertyName$Elements
instanceKlass org/springframework/boot/context/properties/source/ConfigurationPropertyName
instanceKlass org/springframework/boot/context/logging/LoggingApplicationListener
instanceKlass org/springframework/boot/context/config/AnsiOutputApplicationListener
instanceKlass org/springframework/boot/context/FileEncodingApplicationListener
instanceKlass org/springframework/boot/builder/ParentContextCloserApplicationListener
instanceKlass org/springframework/context/ApplicationContextAware
instanceKlass org/springframework/beans/factory/Aware
instanceKlass org/springframework/boot/ClearCachesApplicationListener
instanceKlass org/springframework/boot/devtools/restart/RestartInitializer
instanceKlass org/springframework/boot/devtools/restart/RestartApplicationListener
instanceKlass org/springframework/boot/devtools/logger/DevToolsLogFactory$Listener
instanceKlass org/springframework/cloud/context/restart/RestartListener
instanceKlass org/springframework/cloud/bootstrap/LoggingSystemShutdownListener
instanceKlass org/springframework/boot/origin/OriginLookup
instanceKlass org/springframework/cloud/bootstrap/BootstrapApplicationListener
instanceKlass org/springframework/boot/actuate/autoconfigure/tracing/OpenTelemetryEventPublisherBeansApplicationListener
instanceKlass org/springframework/context/event/GenericApplicationListener
instanceKlass org/springframework/context/event/SmartApplicationListener
instanceKlass org/springframework/boot/logging/LogLevel$LogMethod
instanceKlass org/springframework/boot/autoconfigure/logging/ConditionEvaluationReportLoggingListener
instanceKlass org/springframework/boot/autoconfigure/SharedMetadataReaderFactoryContextInitializer
instanceKlass org/springframework/beans/factory/aot/BeanRegistrationExcludeFilter
instanceKlass org/springframework/boot/web/context/ServerPortInfoApplicationContextInitializer
instanceKlass org/springframework/boot/rsocket/context/RSocketPortInfoApplicationContextInitializer
instanceKlass org/springframework/boot/io/ProtocolResolverApplicationContextInitializer
instanceKlass org/springframework/boot/context/ContextIdApplicationContextInitializer
instanceKlass org/springframework/boot/context/ConfigurationWarningsApplicationContextInitializer
instanceKlass org/springframework/beans/factory/config/Scope
instanceKlass org/springframework/boot/devtools/restart/RestartScopeInitializer
instanceKlass org/springframework/context/ApplicationContextInitializer
instanceKlass org/springframework/core/DecoratingProxy
instanceKlass org/springframework/util/ObjectUtils
instanceKlass org/springframework/core/annotation/AbstractMergedAnnotation
instanceKlass java/lang/annotation/Target
instanceKlass java/lang/reflect/Proxy$ProxyBuilder$1
instanceKlass jdk/internal/org/objectweb/asm/Edge
instanceKlass java/lang/reflect/ProxyGenerator$PrimitiveTypeInfo
instanceKlass java/lang/reflect/ProxyGenerator$ProxyMethod
instanceKlass java/lang/module/ModuleDescriptor$Builder
instanceKlass java/lang/PublicMethods
instanceKlass java/lang/reflect/Proxy$ProxyBuilder
instanceKlass java/lang/reflect/Proxy
instanceKlass sun/reflect/annotation/AnnotationInvocationHandler
instanceKlass java/lang/reflect/InvocationHandler
instanceKlass sun/reflect/annotation/AnnotationParser$1
instanceKlass sun/reflect/annotation/ExceptionProxy
instanceKlass java/lang/annotation/Documented
instanceKlass java/lang/annotation/Inherited
instanceKlass java/lang/annotation/Retention
instanceKlass sun/reflect/annotation/AnnotationType$1
instanceKlass sun/reflect/annotation/AnnotationType
instanceKlass java/lang/reflect/GenericArrayType
instanceKlass java/lang/FunctionalInterface
instanceKlass sun/reflect/generics/visitor/Reifier
instanceKlass sun/reflect/generics/visitor/TypeTreeVisitor
instanceKlass sun/reflect/generics/factory/CoreReflectionFactory
instanceKlass sun/reflect/generics/factory/GenericsFactory
instanceKlass sun/reflect/generics/scope/AbstractScope
instanceKlass sun/reflect/generics/scope/Scope
instanceKlass sun/reflect/generics/tree/ClassTypeSignature
instanceKlass sun/reflect/generics/tree/SimpleClassTypeSignature
instanceKlass sun/reflect/generics/tree/FieldTypeSignature
instanceKlass sun/reflect/generics/tree/BaseType
instanceKlass sun/reflect/generics/tree/TypeSignature
instanceKlass sun/reflect/generics/tree/ReturnType
instanceKlass sun/reflect/generics/tree/TypeArgument
instanceKlass sun/reflect/generics/tree/TypeTree
instanceKlass sun/reflect/generics/tree/Tree
instanceKlass sun/reflect/generics/parser/SignatureParser
instanceKlass java/lang/Class$AnnotationData
instanceKlass org/springframework/core/annotation/AnnotationsScanner$1
instanceKlass org/springframework/core/annotation/MergedAnnotationSelectors$FirstDirectlyDeclared
instanceKlass org/springframework/core/annotation/MergedAnnotationSelectors$Nearest
instanceKlass org/springframework/core/annotation/MergedAnnotationSelector
instanceKlass org/springframework/core/annotation/MergedAnnotationSelectors
instanceKlass org/springframework/core/annotation/MergedAnnotation
instanceKlass org/springframework/core/annotation/TypeMappedAnnotations$MergedAnnotationFinder
instanceKlass org/springframework/core/annotation/Order
instanceKlass org/springframework/core/annotation/OrderUtils
instanceKlass org/springframework/core/annotation/AnnotationsScanner
instanceKlass org/springframework/core/annotation/AnnotationsProcessor
instanceKlass org/springframework/core/annotation/TypeMappedAnnotations
instanceKlass org/springframework/core/annotation/MergedAnnotations$Search
instanceKlass org/springframework/core/annotation/AnnotationFilter$2
instanceKlass org/springframework/core/annotation/AnnotationFilter$1
instanceKlass java/util/ComparableTimSort
instanceKlass org/springframework/core/annotation/PackagesAnnotationFilter
instanceKlass org/springframework/core/annotation/AnnotationFilter
instanceKlass org/springframework/core/annotation/RepeatableContainers
instanceKlass org/springframework/core/annotation/MergedAnnotations
instanceKlass org/springframework/core/PriorityOrdered
instanceKlass org/springframework/core/Ordered
instanceKlass org/springframework/cloud/config/client/ConfigClientRetryBootstrapper
instanceKlass org/bouncycastle/asn1/ASN1Object
instanceKlass org/bouncycastle/util/Encodable
instanceKlass org/bouncycastle/asn1/ASN1Encodable
instanceKlass org/bouncycastle/util/Iterable
instanceKlass jdk/internal/reflect/ClassDefiner$1
instanceKlass jdk/internal/reflect/ClassDefiner
instanceKlass jdk/internal/reflect/MethodAccessorGenerator$1
instanceKlass jdk/internal/reflect/Label$PatchInfo
instanceKlass jdk/internal/reflect/Label
instanceKlass jdk/internal/reflect/UTF8
instanceKlass jdk/internal/reflect/ClassFileAssembler
instanceKlass jdk/internal/reflect/ByteVectorImpl
instanceKlass jdk/internal/reflect/ByteVector
instanceKlass jdk/internal/reflect/ByteVectorFactory
instanceKlass jdk/internal/reflect/AccessorGenerator
instanceKlass jdk/internal/reflect/ClassFileConstants
instanceKlass java/security/spec/DSAParameterSpec
instanceKlass java/security/interfaces/DSAParams
instanceKlass java/security/interfaces/DSAPrivateKey
instanceKlass java/security/interfaces/DSAPublicKey
instanceKlass java/security/interfaces/DSAKey
instanceKlass java/security/spec/DSAPublicKeySpec
instanceKlass java/security/AlgorithmParametersSpi
instanceKlass java/security/AlgorithmParameters
instanceKlass org/springframework/security/crypto/encrypt/RsaSecretEncryptor
instanceKlass org/springframework/security/crypto/encrypt/RsaKeyHolder
instanceKlass org/springframework/security/crypto/encrypt/TextEncryptor
instanceKlass org/springframework/security/crypto/encrypt/BytesEncryptor
instanceKlass org/springframework/cloud/bootstrap/TextEncryptorConfigBootstrapper
instanceKlass org/springframework/util/ReflectionUtils$FieldFilter
instanceKlass org/springframework/util/ReflectionUtils$MethodFilter
instanceKlass org/springframework/util/ReflectionUtils
instanceKlass org/springframework/core/KotlinDetector
instanceKlass org/springframework/core/io/support/SpringFactoriesLoader$FactoryInstantiator
instanceKlass org/springframework/cloud/bootstrap/RefreshBootstrapRegistryInitializer
instanceKlass org/springframework/core/log/LogMessage
instanceKlass java/util/stream/AbstractSpinedBuffer
instanceKlass java/util/stream/Node$Builder
instanceKlass java/util/stream/Node$OfDouble
instanceKlass java/util/stream/Node$OfLong
instanceKlass java/util/stream/Node$OfInt
instanceKlass java/util/stream/Node$OfPrimitive
instanceKlass java/util/stream/Nodes$EmptyNode
instanceKlass java/util/stream/Node
instanceKlass java/util/stream/Nodes
instanceKlass java/util/function/IntFunction
instanceKlass java/util/ImmutableCollections$Access$1
instanceKlass jdk/internal/access/JavaUtilCollectionAccess
instanceKlass java/util/ImmutableCollections$Access
instanceKlass java/util/stream/DistinctOps
instanceKlass java/util/ArrayList$ArrayListSpliterator
instanceKlass sun/security/util/ManifestEntryVerifier$SunProviderHolder
instanceKlass java/util/Base64$Encoder
instanceKlass java/util/Base64$Decoder
instanceKlass java/util/Base64
instanceKlass javax/crypto/SecretKey
instanceKlass sun/security/util/Length
instanceKlass sun/security/util/KeyUtil
instanceKlass java/security/interfaces/XECKey
instanceKlass java/security/interfaces/ECKey
instanceKlass sun/security/util/JarConstraintsParameters
instanceKlass sun/security/util/ConstraintsParameters
instanceKlass java/security/Timestamp
instanceKlass sun/security/timestamp/TimestampToken
instanceKlass java/security/cert/CertPath
instanceKlass java/math/MutableBigInteger
instanceKlass sun/security/rsa/RSAPadding
instanceKlass sun/security/rsa/RSACore
instanceKlass java/security/interfaces/RSAPrivateCrtKey
instanceKlass sun/security/pkcs/PKCS8Key
instanceKlass java/security/interfaces/RSAPrivateKey
instanceKlass java/security/PrivateKey
instanceKlass javax/security/auth/Destroyable
instanceKlass sun/security/jca/ServiceId
instanceKlass java/security/Signature$1
instanceKlass jdk/internal/access/JavaSecuritySignatureAccess
instanceKlass java/security/SignatureSpi
instanceKlass jdk/internal/icu/util/CodePointTrie$Data
instanceKlass jdk/internal/icu/util/CodePointTrie$1
instanceKlass jdk/internal/icu/util/CodePointMap
instanceKlass jdk/internal/icu/util/VersionInfo
instanceKlass jdk/internal/module/Checks
instanceKlass jdk/internal/icu/impl/ICUBinary$1
instanceKlass jdk/internal/icu/impl/ICUBinary
instanceKlass jdk/internal/icu/impl/NormalizerImpl$IsAcceptable
instanceKlass jdk/internal/icu/impl/ICUBinary$Authenticate
instanceKlass jdk/internal/icu/impl/NormalizerImpl
instanceKlass jdk/internal/icu/impl/Norm2AllModes$Norm2AllModesSingleton
instanceKlass jdk/internal/icu/impl/Norm2AllModes$NFKCSingleton
instanceKlass jdk/internal/icu/impl/Norm2AllModes
instanceKlass jdk/internal/icu/text/Normalizer2
instanceKlass jdk/internal/icu/text/NormalizerBase$ModeImpl
instanceKlass jdk/internal/icu/text/NormalizerBase$NFKDModeImpl
instanceKlass jdk/internal/icu/text/NormalizerBase$1
instanceKlass jdk/internal/icu/text/NormalizerBase$Mode
instanceKlass jdk/internal/icu/text/NormalizerBase
instanceKlass java/text/Normalizer
instanceKlass sun/security/x509/AVAKeyword
instanceKlass java/util/StringJoiner
instanceKlass sun/security/util/SignatureUtil
instanceKlass java/lang/constant/DynamicConstantDesc
instanceKlass java/lang/constant/DirectMethodHandleDesc$1
instanceKlass java/lang/constant/DirectMethodHandleDescImpl$1
instanceKlass java/lang/constant/DirectMethodHandleDescImpl
instanceKlass java/lang/constant/DirectMethodHandleDesc
instanceKlass java/lang/constant/MethodHandleDesc$1
instanceKlass java/lang/constant/MethodHandleDesc
instanceKlass java/lang/constant/MethodTypeDescImpl
instanceKlass java/lang/constant/MethodTypeDesc
instanceKlass java/lang/constant/ReferenceClassDescImpl
instanceKlass java/lang/constant/ConstantUtils
instanceKlass java/lang/constant/ClassDesc
instanceKlass java/lang/constant/ConstantDescs
instanceKlass java/lang/invoke/VarHandle$2
instanceKlass java/lang/invoke/VarHandle$TypesAndInvokers
instanceKlass java/lang/invoke/VarHandleByteArrayBase
instanceKlass sun/security/provider/ByteArrayAccess$BE
instanceKlass sun/security/provider/ByteArrayAccess
instanceKlass sun/security/util/MessageDigestSpi2
instanceKlass java/security/MessageDigestSpi
instanceKlass sun/security/pkcs/ESSCertId
instanceKlass sun/security/pkcs/SigningCertificateInfo
instanceKlass java/lang/Byte$ByteCache
instanceKlass sun/security/pkcs/PKCS9Attribute
instanceKlass sun/security/pkcs/PKCS9Attributes
instanceKlass java/time/Instant
instanceKlass java/time/ZonedDateTime
instanceKlass java/time/chrono/ChronoZonedDateTime
instanceKlass java/util/regex/Pattern$BmpCharPredicate
instanceKlass java/util/regex/CharPredicates
instanceKlass sun/security/util/DisabledAlgorithmConstraints$Constraints$Holder
instanceKlass sun/security/util/DisabledAlgorithmConstraints$1
instanceKlass sun/security/util/DisabledAlgorithmConstraints$Constraint
instanceKlass java/util/StringTokenizer
instanceKlass java/security/spec/ECFieldF2m
instanceKlass java/security/spec/ECParameterSpec
instanceKlass java/security/spec/ECPoint
instanceKlass java/security/spec/EllipticCurve
instanceKlass java/security/spec/ECFieldFp
instanceKlass java/security/spec/ECField
instanceKlass sun/security/util/CurveDB
instanceKlass sun/security/util/DisabledAlgorithmConstraints$Constraints
instanceKlass java/util/regex/IntHashSet
instanceKlass java/util/regex/Matcher
instanceKlass java/util/regex/MatchResult
instanceKlass sun/security/util/AbstractAlgorithmConstraints$1
instanceKlass sun/security/util/AlgorithmDecomposer
instanceKlass sun/security/util/DisabledAlgorithmConstraints$JarHolder
instanceKlass java/util/regex/Pattern$TreeInfo
instanceKlass java/util/regex/Pattern$CharPredicate
instanceKlass java/util/regex/ASCII
instanceKlass java/util/regex/Pattern$Node
instanceKlass java/util/regex/Pattern
instanceKlass sun/security/util/AbstractAlgorithmConstraints
instanceKlass java/security/AlgorithmConstraints
instanceKlass sun/security/pkcs/SignerInfo
instanceKlass java/security/cert/PolicyQualifierInfo
instanceKlass sun/security/x509/CertificatePolicyId
instanceKlass sun/security/x509/PolicyInformation
instanceKlass sun/security/x509/DistributionPoint
instanceKlass sun/security/x509/DNSName
instanceKlass sun/security/x509/URIName
instanceKlass sun/security/x509/GeneralName
instanceKlass sun/security/x509/AccessDescription
instanceKlass sun/security/x509/GeneralNames
instanceKlass sun/util/logging/PlatformLogger
instanceKlass sun/util/logging/PlatformLogger$ConfigurableBridge$LoggerConfiguration
instanceKlass jdk/internal/logger/BootstrapLogger$RedirectedLoggers
instanceKlass java/lang/invoke/VarHandle$AccessDescriptor
instanceKlass jdk/internal/logger/LazyLoggers$LazyLoggerAccessor
instanceKlass jdk/internal/logger/LazyLoggers$LoggerAccessor
instanceKlass jdk/internal/logger/AbstractLoggerWrapper
instanceKlass sun/util/logging/internal/LoggingProviderImpl$LogManagerAccess
instanceKlass java/util/concurrent/CopyOnWriteArrayList$COWIterator
instanceKlass jdk/internal/logger/BootstrapLogger$DetectBackend$1
instanceKlass jdk/internal/logger/BootstrapLogger$DetectBackend
instanceKlass jdk/internal/logger/BootstrapLogger
instanceKlass sun/util/logging/PlatformLogger$ConfigurableBridge
instanceKlass sun/util/logging/PlatformLogger$Bridge
instanceKlass jdk/internal/logger/DefaultLoggerFinder$1
instanceKlass java/lang/System$LoggerFinder
instanceKlass jdk/internal/logger/LazyLoggers$LazyLoggerFactories
instanceKlass jdk/internal/logger/LazyLoggers$1
instanceKlass jdk/internal/logger/LazyLoggers
instanceKlass jdk/internal/misc/ThreadTracker
instanceKlass jdk/internal/event/EventHelper$ThreadTrackHolder
instanceKlass java/lang/System$Logger
instanceKlass jdk/internal/event/EventHelper
instanceKlass sun/security/jca/JCAUtil
instanceKlass sun/security/util/MemoryCache$CacheEntry
instanceKlass sun/security/x509/X509AttributeName
instanceKlass sun/security/x509/KeyIdentifier
instanceKlass sun/security/x509/OIDMap$OIDInfo
instanceKlass sun/security/x509/PKIXExtensions
instanceKlass sun/security/x509/OIDMap
instanceKlass sun/security/x509/Extension
instanceKlass java/security/cert/Extension
instanceKlass java/util/Collections$SynchronizedMap
instanceKlass sun/security/x509/CertificateExtensions
instanceKlass sun/security/rsa/RSAUtil
instanceKlass sun/security/util/IOUtils
instanceKlass java/security/interfaces/RSAPublicKey
instanceKlass java/security/interfaces/RSAKey
instanceKlass java/security/spec/PSSParameterSpec
instanceKlass java/security/spec/AlgorithmParameterSpec
instanceKlass java/security/spec/RSAPrivateKeySpec
instanceKlass java/security/spec/RSAPublicKeySpec
instanceKlass java/security/KeyFactorySpi
instanceKlass sun/security/rsa/SunRsaSignEntries
instanceKlass sun/security/jca/ProviderList$ServiceList$1
instanceKlass java/security/KeyFactory
instanceKlass java/security/spec/EncodedKeySpec$1
instanceKlass jdk/internal/access/JavaSecuritySpecAccess
instanceKlass java/security/spec/EncodedKeySpec
instanceKlass java/security/spec/KeySpec
instanceKlass sun/security/util/BitArray
instanceKlass sun/security/x509/X509Key
instanceKlass java/security/PublicKey
instanceKlass java/security/Key
instanceKlass sun/security/x509/CertificateX509Key
instanceKlass java/util/Date
instanceKlass sun/util/calendar/CalendarUtils
instanceKlass sun/util/calendar/CalendarDate
instanceKlass sun/util/calendar/CalendarSystem$GregorianHolder
instanceKlass sun/util/calendar/CalendarSystem
instanceKlass sun/security/x509/CertificateValidity
instanceKlass sun/security/x509/AVA
instanceKlass sun/security/x509/RDN
instanceKlass javax/security/auth/x500/X500Principal
instanceKlass sun/security/x509/X500Name$1
instanceKlass sun/security/x509/X500Name
instanceKlass sun/security/x509/GeneralNameInterface
instanceKlass sun/security/x509/CertificateAlgorithmId
instanceKlass sun/security/x509/SerialNumber
instanceKlass sun/security/x509/CertificateSerialNumber
instanceKlass sun/security/x509/CertificateVersion
instanceKlass sun/security/x509/X509CertInfo
instanceKlass sun/security/x509/CertAttrSet
instanceKlass sun/security/util/Cache$EqualByteArray
instanceKlass java/security/cert/X509Extension
instanceKlass sun/security/jca/GetInstance$Instance
instanceKlass sun/security/util/Cache
instanceKlass jdk/internal/event/Event
instanceKlass sun/security/jca/GetInstance
instanceKlass java/security/cert/CertificateFactorySpi
instanceKlass java/security/cert/CertificateFactory
instanceKlass sun/security/x509/AlgorithmId
instanceKlass sun/security/util/ByteArrayTagOrder
instanceKlass sun/security/util/ByteArrayLexOrder
instanceKlass sun/security/util/DerEncoder
instanceKlass sun/security/util/DerValue
instanceKlass sun/security/util/ObjectIdentifier
instanceKlass sun/security/pkcs/ContentInfo
instanceKlass sun/security/util/DerInputStream
instanceKlass sun/security/pkcs/PKCS7
instanceKlass sun/security/util/SecurityProviderConstants
instanceKlass java/security/Provider$UString
instanceKlass java/security/Provider$Service
instanceKlass sun/security/provider/NativePRNG$NonBlocking
instanceKlass sun/security/provider/NativePRNG$Blocking
instanceKlass sun/security/provider/NativePRNG
instanceKlass sun/security/provider/SunEntries$1
instanceKlass sun/security/provider/SunEntries
instanceKlass sun/security/util/SecurityConstants
instanceKlass java/security/Security$2
instanceKlass jdk/internal/access/JavaSecurityPropertiesAccess
instanceKlass java/security/Security$1
instanceKlass java/security/Security
instanceKlass sun/security/jca/ProviderList$2
instanceKlass jdk/internal/math/FloatingDecimal$ASCIIToBinaryBuffer
instanceKlass jdk/internal/math/FloatingDecimal$PreparedASCIIToBinaryBuffer
instanceKlass jdk/internal/math/FloatingDecimal$ASCIIToBinaryConverter
instanceKlass jdk/internal/math/FloatingDecimal$BinaryToASCIIBuffer
instanceKlass jdk/internal/math/FloatingDecimal$ExceptionalBinaryToASCIIBuffer
instanceKlass jdk/internal/math/FloatingDecimal$BinaryToASCIIConverter
instanceKlass jdk/internal/math/FloatingDecimal
instanceKlass java/security/Provider$EngineDescription
instanceKlass java/security/Provider$ServiceKey
instanceKlass sun/security/jca/ProviderConfig
instanceKlass sun/security/jca/ProviderList
instanceKlass sun/security/jca/Providers
instanceKlass sun/security/util/ManifestDigester$Section
instanceKlass sun/security/util/ManifestDigester$Entry
instanceKlass sun/security/util/ManifestDigester$Position
instanceKlass sun/security/util/ManifestDigester
instanceKlass sun/security/util/ManifestEntryVerifier
instanceKlass java/util/stream/ForEachOps$ForEachOp
instanceKlass java/util/stream/ForEachOps
instanceKlass java/util/BitSet
instanceKlass java/net/URLEncoder
instanceKlass java/net/URLDecoder
instanceKlass org/springframework/util/MultiValueMap
instanceKlass org/springframework/util/CollectionUtils
instanceKlass org/springframework/util/ResourceUtils
instanceKlass org/springframework/util/PropertiesPersister
instanceKlass org/springframework/core/io/support/PropertiesLoaderUtils
instanceKlass java/nio/channels/ReadableByteChannel
instanceKlass java/nio/channels/Channel
instanceKlass org/springframework/core/io/AbstractResource
instanceKlass org/springframework/util/ConcurrentReferenceHashMap$Entry
instanceKlass org/springframework/util/ConcurrentReferenceHashMap$Entries
instanceKlass org/springframework/util/StringUtils
instanceKlass org/springframework/core/io/support/SpringFactoriesLoader$FailureHandler
instanceKlass org/springframework/core/io/Resource
instanceKlass org/springframework/core/io/InputStreamSource
instanceKlass org/springframework/core/io/support/SpringFactoriesLoader
instanceKlass org/springframework/boot/BootstrapRegistryInitializer
instanceKlass org/springframework/web/context/ConfigurableWebApplicationContext
instanceKlass org/springframework/web/context/WebApplicationContext
instanceKlass jakarta/servlet/Servlet
instanceKlass java/util/IdentityHashMap$EntryIterator$Entry
instanceKlass java/util/IdentityHashMap$IdentityHashMapIterator
instanceKlass org/springframework/util/ConcurrentReferenceHashMap$Reference
instanceKlass org/springframework/util/ConcurrentReferenceHashMap$ReferenceManager
instanceKlass org/springframework/util/ConcurrentReferenceHashMap$Task
instanceKlass org/springframework/util/ClassUtils
instanceKlass org/springframework/util/Assert
instanceKlass org/springframework/boot/ApplicationProperties
instanceKlass org/springframework/core/metrics/DefaultApplicationStartup$DefaultStartupStep$DefaultTags
instanceKlass org/springframework/core/metrics/StartupStep$Tags
instanceKlass org/springframework/core/metrics/DefaultApplicationStartup$DefaultStartupStep
instanceKlass org/springframework/core/metrics/StartupStep
instanceKlass org/springframework/core/metrics/DefaultApplicationStartup
instanceKlass org/springframework/core/metrics/ApplicationStartup
instanceKlass org/springframework/context/ConfigurableApplicationContext
instanceKlass org/springframework/context/Lifecycle
instanceKlass org/springframework/boot/DefaultApplicationContextFactory
instanceKlass org/springframework/boot/ApplicationContextFactory
instanceKlass org/springframework/boot/SpringApplicationShutdownHook$ApplicationContextClosedListener
instanceKlass org/springframework/boot/SpringApplicationShutdownHook$Handlers
instanceKlass org/springframework/boot/SpringApplicationShutdownHandlers
instanceKlass org/springframework/boot/SpringApplicationShutdownHook
instanceKlass org/apache/commons/logging/LogAdapter$Slf4jLog
instanceKlass ch/qos/logback/classic/util/LoggerNameUtil
instanceKlass org/slf4j/helpers/Reporter
instanceKlass ch/qos/logback/core/util/StatusPrinter2
instanceKlass ch/qos/logback/core/util/StatusPrinter
instanceKlass ch/qos/logback/core/status/StatusUtil
instanceKlass ch/qos/logback/core/spi/AppenderAttachableImpl
instanceKlass ch/qos/logback/core/pattern/Converter
instanceKlass java/util/concurrent/atomic/AtomicReference
instanceKlass ch/qos/logback/core/util/CachingDateFormatter$CacheTuple
instanceKlass java/time/Period
instanceKlass java/time/chrono/ChronoPeriod
instanceKlass java/time/format/DateTimeFormatterBuilder$TextPrinterParser
instanceKlass java/time/format/DateTimeTextProvider$1
instanceKlass java/time/format/DateTimeTextProvider
instanceKlass java/util/Collections$1
instanceKlass java/util/AbstractMap$SimpleImmutableEntry
instanceKlass java/time/format/DateTimeTextProvider$LocaleStore
instanceKlass java/time/format/DateTimeFormatterBuilder$InstantPrinterParser
instanceKlass java/time/format/DateTimeFormatterBuilder$StringLiteralPrinterParser
instanceKlass java/time/format/DateTimeFormatterBuilder$ZoneIdPrinterParser
instanceKlass java/time/format/DateTimeFormatterBuilder$OffsetIdPrinterParser
instanceKlass java/time/format/DecimalStyle
instanceKlass java/time/format/DateTimeFormatterBuilder$CompositePrinterParser
instanceKlass java/time/format/DateTimeFormatterBuilder$CharLiteralPrinterParser
instanceKlass java/time/format/DateTimeFormatterBuilder$NumberPrinterParser
instanceKlass java/time/format/DateTimeFormatterBuilder$DateTimePrinterParser
instanceKlass java/time/temporal/JulianFields
instanceKlass java/time/temporal/IsoFields
instanceKlass java/lang/Character$CharacterCache
instanceKlass java/time/temporal/TemporalQuery
instanceKlass java/time/format/DateTimeFormatterBuilder
instanceKlass java/time/format/DateTimeFormatter
instanceKlass java/time/chrono/AbstractChronology
instanceKlass java/time/chrono/Chronology
instanceKlass java/time/LocalTime
instanceKlass java/time/temporal/ValueRange
instanceKlass java/time/Duration
instanceKlass java/time/temporal/TemporalAmount
instanceKlass java/time/temporal/TemporalUnit
instanceKlass java/time/temporal/TemporalField
instanceKlass java/time/LocalDate
instanceKlass java/time/chrono/ChronoLocalDate
instanceKlass java/time/zone/ZoneOffsetTransition
instanceKlass java/time/LocalDateTime
instanceKlass java/time/chrono/ChronoLocalDateTime
instanceKlass java/time/temporal/TemporalAdjuster
instanceKlass java/time/temporal/Temporal
instanceKlass java/time/zone/ZoneOffsetTransitionRule
instanceKlass java/time/zone/ZoneRules
instanceKlass java/time/zone/Ser
instanceKlass java/io/Externalizable
instanceKlass java/time/zone/ZoneRulesProvider$1
instanceKlass java/time/zone/ZoneRulesProvider
instanceKlass sun/util/calendar/ZoneInfoFile$ZoneOffsetTransitionRule
instanceKlass sun/util/calendar/ZoneInfoFile$1
instanceKlass sun/util/calendar/ZoneInfoFile
instanceKlass java/util/TimeZone
instanceKlass java/time/ZoneId
instanceKlass java/time/temporal/TemporalAccessor
instanceKlass ch/qos/logback/core/util/CachingDateFormatter
instanceKlass java/lang/invoke/VarForm
instanceKlass java/lang/invoke/VarHandleGuards
instanceKlass jdk/internal/util/Preconditions$1
instanceKlass java/lang/invoke/VarHandle$1
instanceKlass java/lang/ClassValue$Version
instanceKlass java/lang/ClassValue$Identity
instanceKlass java/lang/ClassValue
instanceKlass java/lang/invoke/VarHandles
instanceKlass java/util/concurrent/atomic/AtomicBoolean
instanceKlass ch/qos/logback/core/util/COWArrayList
instanceKlass ch/qos/logback/core/spi/FilterAttachableImpl
instanceKlass ch/qos/logback/core/Appender
instanceKlass ch/qos/logback/core/spi/FilterAttachable
instanceKlass ch/qos/logback/core/encoder/Encoder
instanceKlass ch/qos/logback/core/Layout
instanceKlass java/lang/invoke/LambdaFormEditor$1
instanceKlass java/lang/invoke/MethodHandles$1
instanceKlass java/lang/Long$LongCache
instanceKlass java/util/TimSort
instanceKlass java/util/Arrays$LegacyMergeSort
instanceKlass ch/qos/logback/core/spi/ContextAwareBase
instanceKlass java/util/zip/ZipFile$ZipEntryIterator
instanceKlass ch/qos/logback/core/status/StatusListener
instanceKlass ch/qos/logback/core/util/StatusListenerConfigHelper
instanceKlass ch/qos/logback/core/status/StatusBase
instanceKlass ch/qos/logback/core/util/EnvUtil
instanceKlass ch/qos/logback/classic/util/ClassicEnvUtil
instanceKlass ch/qos/logback/core/util/OptionHelper
instanceKlass ch/qos/logback/core/util/Loader
instanceKlass ch/qos/logback/classic/spi/Configurator
instanceKlass ch/qos/logback/core/spi/ContextAwareImpl
instanceKlass ch/qos/logback/classic/util/ContextInitializer$1
instanceKlass ch/qos/logback/core/spi/ContextAware
instanceKlass ch/qos/logback/classic/util/ContextInitializer
instanceKlass org/slf4j/MDC
instanceKlass ch/qos/logback/classic/util/LogbackMDCAdapter
instanceKlass ch/qos/logback/classic/Level
instanceKlass ch/qos/logback/classic/spi/ILoggingEvent
instanceKlass ch/qos/logback/core/spi/DeferredProcessingAware
instanceKlass org/slf4j/spi/LoggingEventBuilder
instanceKlass ch/qos/logback/classic/Logger
instanceKlass ch/qos/logback/core/spi/AppenderAttachable
instanceKlass org/slf4j/spi/LoggingEventAware
instanceKlass ch/qos/logback/classic/spi/LoggerContextVO
instanceKlass ch/qos/logback/core/spi/LogbackLock
instanceKlass ch/qos/logback/core/helpers/CyclicBuffer
instanceKlass ch/qos/logback/core/BasicStatusManager
instanceKlass ch/qos/logback/core/status/Status
instanceKlass ch/qos/logback/core/status/StatusManager
instanceKlass java/util/concurrent/ExecutorService
instanceKlass java/util/concurrent/Executor
instanceKlass ch/qos/logback/core/ContextBase
instanceKlass ch/qos/logback/core/spi/LifeCycle
instanceKlass java/util/ServiceLoader$ProviderImpl
instanceKlass java/util/ServiceLoader$Provider
instanceKlass ch/qos/logback/core/Context
instanceKlass ch/qos/logback/core/spi/PropertyContainer
instanceKlass java/util/ServiceLoader$1
instanceKlass ch/qos/logback/classic/spi/LogbackServiceProvider
instanceKlass java/util/LinkedHashMap$LinkedHashIterator
instanceKlass sun/net/www/MessageHeader
instanceKlass sun/net/www/protocol/jar/JarFileFactory
instanceKlass sun/net/www/protocol/jar/URLJarFile$URLJarFileCloseController
instanceKlass java/net/URLConnection
instanceKlass java/security/CodeSigner
instanceKlass java/util/jar/JarVerifier
instanceKlass java/lang/CompoundEnumeration
instanceKlass java/util/Collections$EmptyEnumeration
instanceKlass jdk/internal/loader/BuiltinClassLoader$1
instanceKlass jdk/internal/loader/URLClassPath$1
instanceKlass java/util/Collections$EmptyIterator
instanceKlass jdk/internal/jimage/ImageLocation
instanceKlass jdk/internal/jimage/decompressor/Decompressor
instanceKlass jdk/internal/jimage/ImageStringsReader
instanceKlass jdk/internal/jimage/ImageStrings
instanceKlass jdk/internal/jimage/ImageHeader
instanceKlass jdk/internal/jimage/NativeImageBuffer$1
instanceKlass jdk/internal/jimage/NativeImageBuffer
instanceKlass jdk/internal/jimage/BasicImageReader$1
instanceKlass jdk/internal/jimage/BasicImageReader
instanceKlass jdk/internal/jimage/ImageReader
instanceKlass jdk/internal/jimage/ImageReaderFactory$1
instanceKlass java/nio/file/FileSystems$DefaultFileSystemHolder$1
instanceKlass java/nio/file/FileSystems$DefaultFileSystemHolder
instanceKlass java/nio/file/FileSystems
instanceKlass java/nio/file/Paths
instanceKlass jdk/internal/jimage/ImageReaderFactory
instanceKlass jdk/internal/module/SystemModuleFinders$SystemImage
instanceKlass jdk/internal/module/SystemModuleFinders$SystemModuleReader
instanceKlass java/lang/module/ModuleReader
instanceKlass jdk/internal/loader/BuiltinClassLoader$5
instanceKlass jdk/internal/loader/BuiltinClassLoader$2
instanceKlass jdk/internal/module/Resources
instanceKlass java/util/ServiceLoader$3
instanceKlass java/util/ServiceLoader$2
instanceKlass java/util/ServiceLoader$LazyClassPathLookupIterator
instanceKlass java/util/Spliterators$1Adapter
instanceKlass java/util/Spliterators$ArraySpliterator
instanceKlass java/util/ServiceLoader$ModuleServicesLookupIterator
instanceKlass java/util/ServiceLoader
instanceKlass org/slf4j/helpers/Util
instanceKlass org/slf4j/helpers/NOPMDCAdapter
instanceKlass org/slf4j/helpers/NOPLoggerFactory
instanceKlass org/slf4j/helpers/NOP_FallbackServiceProvider
instanceKlass org/slf4j/helpers/ThreadLocalMapOfStacks
instanceKlass org/slf4j/helpers/BasicMDCAdapter
instanceKlass org/slf4j/Marker
instanceKlass org/slf4j/helpers/BasicMarkerFactory
instanceKlass java/util/concurrent/LinkedBlockingQueue$Node
instanceKlass java/util/concurrent/locks/AbstractQueuedSynchronizer$ConditionObject
instanceKlass java/util/concurrent/locks/Condition
instanceKlass java/util/concurrent/BlockingQueue
instanceKlass org/slf4j/helpers/SubstituteLoggerFactory
instanceKlass org/slf4j/spi/MDCAdapter
instanceKlass org/slf4j/IMarkerFactory
instanceKlass org/slf4j/ILoggerFactory
instanceKlass org/slf4j/helpers/SubstituteServiceProvider
instanceKlass org/slf4j/spi/SLF4JServiceProvider
instanceKlass org/slf4j/event/LoggingEvent
instanceKlass org/slf4j/LoggerFactory
instanceKlass jdk/internal/org/objectweb/asm/ClassReader
instanceKlass org/apache/commons/logging/Log
instanceKlass org/apache/commons/logging/LogAdapter$Slf4jAdapter
instanceKlass org/slf4j/spi/LocationAwareLogger
instanceKlass org/slf4j/Logger
instanceKlass org/apache/logging/log4j/spi/Provider
instanceKlass org/apache/logging/log4j/spi/ExtendedLogger
instanceKlass org/apache/logging/log4j/Logger
instanceKlass org/apache/commons/logging/LogAdapter
instanceKlass org/apache/commons/logging/LogFactory
instanceKlass org/springframework/boot/ApplicationArguments
instanceKlass org/springframework/core/env/PropertySource
instanceKlass org/springframework/core/env/ConfigurableEnvironment
instanceKlass org/springframework/core/env/ConfigurablePropertyResolver
instanceKlass org/springframework/core/convert/support/ConfigurableConversionService
instanceKlass org/springframework/core/convert/converter/ConverterRegistry
instanceKlass org/springframework/core/convert/ConversionService
instanceKlass org/springframework/core/OrderComparator
instanceKlass org/springframework/core/OrderComparator$OrderSourceProvider
instanceKlass org/springframework/beans/factory/config/ConfigurableBeanFactory
instanceKlass org/springframework/beans/factory/config/SingletonBeanRegistry
instanceKlass org/springframework/boot/ConfigurableBootstrapContext
instanceKlass org/springframework/boot/BootstrapContext
instanceKlass org/springframework/boot/BootstrapRegistry
instanceKlass org/springframework/core/env/Environment
instanceKlass org/springframework/core/env/PropertyResolver
instanceKlass org/springframework/context/ApplicationContext
instanceKlass org/springframework/core/io/support/ResourcePatternResolver
instanceKlass org/springframework/core/io/ResourceLoader
instanceKlass org/springframework/context/ApplicationEventPublisher
instanceKlass org/springframework/context/MessageSource
instanceKlass org/springframework/beans/factory/HierarchicalBeanFactory
instanceKlass org/springframework/beans/factory/ListableBeanFactory
instanceKlass org/springframework/beans/factory/BeanFactory
instanceKlass org/springframework/core/env/EnvironmentCapable
instanceKlass org/springframework/context/ApplicationListener
instanceKlass java/util/EventListener
instanceKlass org/springframework/beans/factory/config/BeanFactoryPostProcessor
instanceKlass java/util/EventObject
instanceKlass org/springframework/boot/SpringApplication
instanceKlass java/util/zip/Checksum$1
instanceKlass java/util/zip/CRC32
instanceKlass java/util/zip/Checksum
instanceKlass java/util/jar/Attributes$Name
instanceKlass java/util/jar/Attributes
instanceKlass java/util/TreeMap$PrivateEntryIterator
instanceKlass java/util/TreeMap$Entry
instanceKlass java/util/NavigableMap
instanceKlass java/util/SortedMap
instanceKlass java/util/NavigableSet
instanceKlass java/util/SortedSet
instanceKlass java/util/LinkedList$Node
instanceKlass java/nio/charset/CoderResult
instanceKlass java/io/Reader
instanceKlass java/lang/Readable
instanceKlass sun/security/action/GetIntegerAction
instanceKlass sun/security/util/SignatureFileVerifier
instanceKlass java/util/zip/ZipFile$InflaterCleanupAction
instanceKlass java/util/zip/Inflater$InflaterZStreamRef
instanceKlass java/util/zip/Inflater
instanceKlass java/util/zip/ZipEntry
instanceKlass jdk/internal/util/jar/JarIndex
instanceKlass java/nio/Bits$1
instanceKlass jdk/internal/misc/VM$BufferPool
instanceKlass java/nio/Bits
instanceKlass sun/nio/ch/DirectBuffer
instanceKlass jdk/internal/perf/PerfCounter$CoreCounters
instanceKlass jdk/internal/perf/Perf
instanceKlass jdk/internal/perf/Perf$GetPerfAction
instanceKlass jdk/internal/perf/PerfCounter
instanceKlass java/nio/file/attribute/FileTime
instanceKlass java/util/zip/ZipUtils
instanceKlass java/util/zip/ZipFile$Source$End
instanceKlass java/io/RandomAccessFile$2
instanceKlass jdk/internal/access/JavaIORandomAccessFileAccess
instanceKlass java/io/RandomAccessFile
instanceKlass java/io/DataInput
instanceKlass java/io/DataOutput
instanceKlass sun/nio/fs/WindowsNativeDispatcher$CompletionStatus
instanceKlass sun/nio/fs/WindowsNativeDispatcher$AclInformation
instanceKlass sun/nio/fs/WindowsNativeDispatcher$Account
instanceKlass sun/nio/fs/WindowsNativeDispatcher$DiskFreeSpace
instanceKlass sun/nio/fs/WindowsNativeDispatcher$VolumeInformation
instanceKlass sun/nio/fs/WindowsNativeDispatcher$FirstStream
instanceKlass sun/nio/fs/WindowsNativeDispatcher$FirstFile
instanceKlass sun/nio/fs/WindowsNativeDispatcher
instanceKlass sun/nio/fs/NativeBuffer$Deallocator
instanceKlass sun/nio/fs/NativeBuffer
instanceKlass java/lang/ThreadLocal$ThreadLocalMap
instanceKlass sun/nio/fs/NativeBuffers
instanceKlass sun/nio/fs/WindowsFileAttributes
instanceKlass java/nio/file/attribute/DosFileAttributes
instanceKlass sun/nio/fs/AbstractBasicFileAttributeView
instanceKlass sun/nio/fs/DynamicFileAttributeView
instanceKlass sun/nio/fs/WindowsFileAttributeViews
instanceKlass sun/nio/fs/Util
instanceKlass java/nio/file/attribute/BasicFileAttributeView
instanceKlass java/nio/file/attribute/FileAttributeView
instanceKlass java/nio/file/attribute/AttributeView
instanceKlass java/nio/file/Files
instanceKlass java/nio/file/CopyOption
instanceKlass java/nio/file/attribute/BasicFileAttributes
instanceKlass sun/nio/fs/WindowsPath
instanceKlass java/util/zip/ZipFile$Source$Key
instanceKlass sun/nio/fs/WindowsPathParser$Result
instanceKlass sun/nio/fs/WindowsPathParser
instanceKlass java/util/Arrays$ArrayItr
instanceKlass java/nio/file/FileSystem
instanceKlass java/nio/file/OpenOption
instanceKlass java/nio/file/spi/FileSystemProvider
instanceKlass sun/nio/fs/DefaultFileSystemProvider
instanceKlass java/util/zip/ZipFile$Source
instanceKlass java/util/zip/ZipCoder
instanceKlass java/util/zip/ZipFile$CleanableResource
instanceKlass java/lang/Runtime$Version
instanceKlass java/util/jar/JavaUtilJarAccessImpl
instanceKlass jdk/internal/access/JavaUtilJarAccess
instanceKlass jdk/internal/loader/FileURLMapper
instanceKlass jdk/internal/loader/URLClassPath$JarLoader$1
instanceKlass java/util/zip/ZipFile$1
instanceKlass jdk/internal/access/JavaUtilZipFileAccess
instanceKlass java/util/zip/ZipFile
instanceKlass java/util/zip/ZipConstants
instanceKlass pe/valdemar/authjwt/AuthJwtApplication
instanceKlass sun/security/util/Debug
instanceKlass java/security/SecureClassLoader$DebugHolder
instanceKlass java/security/PermissionCollection
instanceKlass java/security/SecureClassLoader$1
instanceKlass java/security/SecureClassLoader$CodeSourceKey
instanceKlass sun/nio/ByteBuffered
instanceKlass java/lang/Package$VersionInfo
instanceKlass java/lang/NamedPackage
instanceKlass jdk/internal/loader/Resource
instanceKlass jdk/internal/loader/URLClassPath$Loader
instanceKlass jdk/internal/loader/URLClassPath$3
instanceKlass java/security/PrivilegedExceptionAction
instanceKlass sun/net/util/URLUtil
instanceKlass java/lang/StringCoding
instanceKlass sun/nio/cs/SingleByte
instanceKlass sun/nio/cs/MS1252$Holder
instanceKlass sun/nio/cs/ArrayDecoder
instanceKlass java/nio/charset/CharsetDecoder
instanceKlass java/lang/Class$1
instanceKlass java/nio/charset/StandardCharsets
instanceKlass sun/launcher/LauncherHelper
instanceKlass jdk/internal/vm/PostVMInitHook$1
instanceKlass jdk/internal/util/EnvUtils
instanceKlass jdk/internal/vm/PostVMInitHook$2
instanceKlass sun/util/locale/LocaleObjectCache
instanceKlass sun/util/locale/BaseLocale$Key
instanceKlass sun/util/locale/LocaleUtils
instanceKlass sun/util/locale/BaseLocale
instanceKlass java/util/Locale
instanceKlass jdk/internal/vm/PostVMInitHook
instanceKlass com/intellij/rt/debugger/agent/CollectionBreakpointInstrumentor$CollectionBreakpointTransformer
instanceKlass com/intellij/rt/debugger/agent/CollectionBreakpointInstrumentor$KnownMethod
instanceKlass com/intellij/rt/debugger/agent/CollectionBreakpointInstrumentor$KnownMethodsSet
instanceKlass com/intellij/rt/debugger/agent/CollectionBreakpointInstrumentor$ConcurrentIdentityHashMap
instanceKlass com/intellij/rt/debugger/agent/CollectionBreakpointInstrumentor
instanceKlass com/intellij/rt/debugger/agent/CaptureStorage
instanceKlass com/intellij/rt/debugger/agent/CaptureAgent$CaptureTransformer
instanceKlass java/lang/instrument/ClassFileTransformer
instanceKlass org/jetbrains/capture/org/objectweb/asm/Type
instanceKlass java/util/Enumeration
instanceKlass java/util/concurrent/ConcurrentHashMap$MapEntry
instanceKlass java/util/concurrent/ConcurrentHashMap$Traverser
instanceKlass java/util/Collections$SynchronizedCollection
instanceKlass java/util/concurrent/ConcurrentHashMap$CollectionView
instanceKlass java/util/Properties$EntrySet
instanceKlass java/io/FileInputStream$1
instanceKlass java/util/Properties$LineReader
instanceKlass java/net/URI$Parser
instanceKlass com/intellij/rt/debugger/agent/CaptureAgent$FieldKeyProvider
instanceKlass com/intellij/rt/debugger/agent/CaptureAgent$InstrumentPoint
instanceKlass com/intellij/rt/debugger/agent/CaptureAgent$1
instanceKlass com/intellij/rt/debugger/agent/CaptureAgent$ParamKeyProvider
instanceKlass com/intellij/rt/debugger/agent/CaptureAgent$KeyProvider
instanceKlass com/intellij/rt/debugger/agent/CaptureAgent
instanceKlass com/intellij/rt/debugger/agent/DebuggerAgent
instanceKlass sun/instrument/TransformerManager$TransformerInfo
instanceKlass sun/instrument/TransformerManager
instanceKlass jdk/internal/loader/NativeLibraries$NativeLibraryImpl
instanceKlass jdk/internal/loader/NativeLibrary
instanceKlass java/util/ArrayDeque$DeqIterator
instanceKlass jdk/internal/loader/NativeLibraries$1
instanceKlass jdk/internal/loader/NativeLibraries$LibraryPaths
instanceKlass sun/instrument/InstrumentationImpl
instanceKlass java/lang/instrument/Instrumentation
instanceKlass jdk/internal/vm/VMSupport
instanceKlass java/lang/invoke/StringConcatFactory$3
instanceKlass java/lang/invoke/StringConcatFactory$2
instanceKlass java/lang/invoke/StringConcatFactory$1
instanceKlass java/lang/invoke/StringConcatFactory
instanceKlass jdk/internal/module/ModuleBootstrap$SafeModuleFinder
instanceKlass java/lang/ModuleLayer$Controller
instanceKlass java/util/concurrent/CopyOnWriteArrayList
instanceKlass jdk/internal/module/ServicesCatalog$ServiceProvider
instanceKlass jdk/internal/loader/AbstractClassLoaderValue$Memoizer
instanceKlass jdk/internal/module/ModuleLoaderMap$Modules
instanceKlass jdk/internal/module/ModuleLoaderMap$Mapper
instanceKlass jdk/internal/module/ModuleLoaderMap
instanceKlass java/lang/module/ResolvedModule
instanceKlass java/util/Collections$UnmodifiableCollection$1
instanceKlass java/lang/ModuleLayer
instanceKlass java/util/ImmutableCollections$ListItr
instanceKlass java/util/ListIterator
instanceKlass java/lang/module/ModuleFinder$1
instanceKlass java/nio/file/Path
instanceKlass java/nio/file/Watchable
instanceKlass java/lang/module/Resolver
instanceKlass java/lang/module/Configuration
instanceKlass java/util/ImmutableCollections$Set12$1
instanceKlass java/util/stream/FindOps$FindOp
instanceKlass java/util/stream/FindOps$FindSink
instanceKlass java/util/stream/FindOps
instanceKlass java/util/stream/Sink$ChainedReference
instanceKlass java/util/stream/ReduceOps$AccumulatingSink
instanceKlass java/util/stream/TerminalSink
instanceKlass java/util/stream/Sink
instanceKlass java/util/function/Consumer
instanceKlass java/util/stream/ReduceOps$Box
instanceKlass java/util/stream/ReduceOps$ReduceOp
instanceKlass java/util/stream/TerminalOp
instanceKlass java/util/stream/ReduceOps
instanceKlass java/util/function/BinaryOperator
instanceKlass java/util/function/BiFunction
instanceKlass java/util/function/BiConsumer
instanceKlass java/util/stream/Collectors$CollectorImpl
instanceKlass java/util/stream/Collector
instanceKlass java/util/Collections$UnmodifiableCollection
instanceKlass java/util/stream/Collectors
instanceKlass java/lang/ref/Cleaner$Cleanable
instanceKlass jdk/internal/ref/CleanerImpl
instanceKlass java/lang/ref/Cleaner$1
instanceKlass java/lang/ref/Cleaner
instanceKlass jdk/internal/ref/CleanerFactory$1
instanceKlass java/util/concurrent/ThreadFactory
instanceKlass jdk/internal/ref/CleanerFactory
instanceKlass java/lang/invoke/MethodHandles$Lookup$ClassDefiner
instanceKlass java/lang/invoke/MethodHandles$Lookup$ClassFile
instanceKlass jdk/internal/org/objectweb/asm/Handler
instanceKlass jdk/internal/org/objectweb/asm/Attribute
instanceKlass jdk/internal/org/objectweb/asm/FieldVisitor
instanceKlass java/util/ArrayList$Itr
instanceKlass java/lang/invoke/InvokerBytecodeGenerator$ClassData
instanceKlass jdk/internal/org/objectweb/asm/AnnotationVisitor
instanceKlass jdk/internal/org/objectweb/asm/Frame
instanceKlass jdk/internal/org/objectweb/asm/Label
instanceKlass jdk/internal/org/objectweb/asm/MethodVisitor
instanceKlass java/lang/invoke/LambdaFormBuffer
instanceKlass java/lang/invoke/LambdaFormEditor$TransformKey
instanceKlass java/lang/invoke/LambdaFormEditor
instanceKlass sun/invoke/util/Wrapper$1
instanceKlass java/lang/invoke/DelegatingMethodHandle$Holder
instanceKlass java/lang/invoke/DirectMethodHandle$2
instanceKlass sun/invoke/empty/Empty
instanceKlass sun/invoke/util/VerifyType
instanceKlass java/lang/invoke/ClassSpecializer$Factory
instanceKlass java/lang/invoke/ClassSpecializer$SpeciesData
instanceKlass java/lang/invoke/ClassSpecializer$1
instanceKlass java/util/function/Function
instanceKlass java/lang/invoke/ClassSpecializer
instanceKlass java/lang/invoke/InnerClassLambdaMetafactory$1
instanceKlass java/lang/invoke/LambdaProxyClassArchive
instanceKlass jdk/internal/org/objectweb/asm/ByteVector
instanceKlass jdk/internal/org/objectweb/asm/Symbol
instanceKlass jdk/internal/org/objectweb/asm/SymbolTable
instanceKlass jdk/internal/org/objectweb/asm/ClassVisitor
instanceKlass java/lang/invoke/InfoFromMemberName
instanceKlass java/lang/invoke/MethodHandleInfo
instanceKlass jdk/internal/org/objectweb/asm/ConstantDynamic
instanceKlass sun/invoke/util/BytecodeDescriptor
instanceKlass jdk/internal/org/objectweb/asm/Handle
instanceKlass sun/security/action/GetBooleanAction
instanceKlass jdk/internal/org/objectweb/asm/Type
instanceKlass java/lang/invoke/AbstractValidatingLambdaMetafactory
instanceKlass java/lang/invoke/MethodHandleImpl$1
instanceKlass jdk/internal/access/JavaLangInvokeAccess
instanceKlass java/lang/invoke/Invokers$Holder
instanceKlass java/lang/invoke/BootstrapMethodInvoker
instanceKlass java/util/function/Predicate
instanceKlass java/lang/WeakPairMap$Pair$Lookup
instanceKlass java/lang/WeakPairMap$Pair
instanceKlass java/lang/WeakPairMap
instanceKlass java/lang/Module$ReflectionData
instanceKlass java/lang/invoke/InvokerBytecodeGenerator$2
instanceKlass java/lang/invoke/InvokerBytecodeGenerator
instanceKlass java/lang/invoke/LambdaForm$Holder
instanceKlass java/lang/invoke/LambdaForm$Name
instanceKlass java/lang/reflect/Array
instanceKlass java/lang/invoke/Invokers
instanceKlass java/lang/invoke/MethodHandleImpl
instanceKlass sun/invoke/util/ValueConversions
instanceKlass java/lang/invoke/DirectMethodHandle$Holder
instanceKlass java/lang/invoke/LambdaForm$NamedFunction
instanceKlass sun/invoke/util/Wrapper$Format
instanceKlass java/lang/invoke/MethodTypeForm
instanceKlass java/lang/Void
instanceKlass java/lang/invoke/MethodType$ConcurrentWeakInternSet
instanceKlass java/lang/invoke/LambdaMetafactory
instanceKlass sun/reflect/annotation/AnnotationParser
instanceKlass java/lang/Class$3
instanceKlass java/lang/PublicMethods$Key
instanceKlass java/lang/PublicMethods$MethodList
instanceKlass java/lang/Class$Atomic
instanceKlass java/lang/Class$ReflectionData
instanceKlass java/util/EnumMap$1
instanceKlass java/util/stream/StreamOpFlag$MaskBuilder
instanceKlass java/util/stream/Stream
instanceKlass java/util/stream/BaseStream
instanceKlass java/util/stream/PipelineHelper
instanceKlass java/util/stream/StreamSupport
instanceKlass java/util/Spliterators$IteratorSpliterator
instanceKlass java/util/Spliterator$OfDouble
instanceKlass java/util/Spliterator$OfLong
instanceKlass java/util/Spliterator$OfInt
instanceKlass java/util/Spliterator$OfPrimitive
instanceKlass java/util/Spliterator
instanceKlass java/util/Spliterators$EmptySpliterator
instanceKlass java/util/Spliterators
instanceKlass jdk/internal/module/DefaultRoots
instanceKlass java/util/ImmutableCollections$SetN$SetNIterator
instanceKlass jdk/internal/loader/BuiltinClassLoader$LoadedModule
instanceKlass jdk/internal/loader/AbstractClassLoaderValue
instanceKlass jdk/internal/module/ServicesCatalog
instanceKlass java/security/Principal
instanceKlass java/security/ProtectionDomain$Key
instanceKlass java/security/ProtectionDomain$JavaSecurityAccessImpl
instanceKlass jdk/internal/access/JavaSecurityAccess
instanceKlass java/lang/ClassLoader$ParallelLoaders
instanceKlass java/security/cert/Certificate
instanceKlass jdk/internal/util/Preconditions
instanceKlass sun/net/util/IPAddressUtil
instanceKlass java/net/URLStreamHandler
instanceKlass java/lang/StringUTF16
instanceKlass java/util/HexFormat
instanceKlass sun/net/www/ParseUtil
instanceKlass java/net/URL$3
instanceKlass jdk/internal/access/JavaNetURLAccess
instanceKlass java/net/URL$DefaultFactory
instanceKlass java/net/URLStreamHandlerFactory
instanceKlass jdk/internal/loader/URLClassPath
instanceKlass jdk/internal/loader/ArchivedClassLoaders
instanceKlass java/util/Deque
instanceKlass java/util/Queue
instanceKlass jdk/internal/loader/ClassLoaderHelper
instanceKlass jdk/internal/loader/NativeLibraries
instanceKlass jdk/internal/loader/BootLoader
instanceKlass java/util/Optional
instanceKlass jdk/internal/module/SystemModuleFinders$SystemModuleFinder
instanceKlass java/lang/module/ModuleFinder
instanceKlass jdk/internal/module/SystemModuleFinders$3
instanceKlass jdk/internal/module/ModuleHashes$HashSupplier
instanceKlass jdk/internal/module/SystemModuleFinders$2
instanceKlass java/util/function/Supplier
instanceKlass java/lang/module/ModuleReference
instanceKlass jdk/internal/module/ModuleResolution
instanceKlass java/util/Collections$UnmodifiableMap
instanceKlass jdk/internal/module/ModuleHashes$Builder
instanceKlass jdk/internal/module/ModuleHashes
instanceKlass jdk/internal/module/ModuleTarget
instanceKlass java/lang/Enum
instanceKlass java/lang/module/ModuleDescriptor$Version
instanceKlass java/lang/module/ModuleDescriptor$Provides
instanceKlass java/lang/module/ModuleDescriptor$Opens
instanceKlass java/lang/module/ModuleDescriptor$Exports
instanceKlass java/lang/module/ModuleDescriptor$Requires
instanceKlass jdk/internal/module/Builder
instanceKlass jdk/internal/module/SystemModules$all
instanceKlass jdk/internal/module/SystemModules
instanceKlass jdk/internal/module/SystemModulesMap
instanceKlass java/net/URI$1
instanceKlass jdk/internal/access/JavaNetUriAccess
instanceKlass java/net/URI
instanceKlass jdk/internal/module/SystemModuleFinders
instanceKlass jdk/internal/module/ArchivedModuleGraph
instanceKlass jdk/internal/module/ArchivedBootLayer
instanceKlass jdk/internal/module/ModuleBootstrap$Counters
instanceKlass jdk/internal/module/ModulePatcher
instanceKlass jdk/internal/util/ArraysSupport
instanceKlass java/io/FileSystem
instanceKlass java/io/DefaultFileSystem
instanceKlass java/io/File
instanceKlass java/lang/module/ModuleDescriptor$1
instanceKlass jdk/internal/access/JavaLangModuleAccess
instanceKlass java/lang/reflect/Modifier
instanceKlass sun/invoke/util/VerifyAccess
instanceKlass java/lang/module/ModuleDescriptor
instanceKlass jdk/internal/module/ModuleBootstrap
instanceKlass java/lang/invoke/MethodHandleStatics
instanceKlass java/util/Collections
instanceKlass sun/io/Win32ErrorMode
instanceKlass jdk/internal/misc/OSEnvironment
instanceKlass jdk/internal/misc/Signal$NativeHandler
instanceKlass java/util/Hashtable$Entry
instanceKlass jdk/internal/misc/Signal
instanceKlass java/lang/Terminator$1
instanceKlass jdk/internal/misc/Signal$Handler
instanceKlass java/lang/Terminator
instanceKlass java/nio/ByteOrder
instanceKlass java/nio/Buffer$1
instanceKlass jdk/internal/access/JavaNioAccess
instanceKlass jdk/internal/misc/ScopedMemoryAccess
instanceKlass java/nio/charset/CodingErrorAction
instanceKlass java/nio/charset/CharsetEncoder
instanceKlass sun/nio/cs/HistoricallyNamedCharset
instanceKlass sun/security/action/GetPropertyAction
instanceKlass java/lang/ThreadLocal
instanceKlass java/nio/charset/spi/CharsetProvider
instanceKlass java/nio/charset/Charset
instanceKlass java/io/Writer
instanceKlass java/io/OutputStream
instanceKlass java/io/Flushable
instanceKlass java/io/FileDescriptor$1
instanceKlass jdk/internal/access/JavaIOFileDescriptorAccess
instanceKlass java/io/FileDescriptor
instanceKlass jdk/internal/util/StaticProperty
instanceKlass java/util/HashMap$HashIterator
instanceKlass java/lang/Integer$IntegerCache
instanceKlass java/lang/CharacterData
instanceKlass java/util/Arrays
instanceKlass java/lang/VersionProps
instanceKlass java/lang/StringConcatHelper
instanceKlass jdk/internal/misc/VM
instanceKlass jdk/internal/util/SystemProps$Raw
instanceKlass jdk/internal/util/SystemProps
instanceKlass java/lang/System$2
instanceKlass jdk/internal/access/JavaLangAccess
instanceKlass java/lang/ref/Reference$1
instanceKlass jdk/internal/access/JavaLangRefAccess
instanceKlass java/lang/ref/ReferenceQueue$Lock
instanceKlass java/lang/ref/ReferenceQueue
instanceKlass jdk/internal/reflect/ReflectionFactory
instanceKlass jdk/internal/reflect/ReflectionFactory$GetReflectionFactoryAction
instanceKlass java/security/PrivilegedAction
instanceKlass java/util/concurrent/locks/LockSupport
instanceKlass java/util/concurrent/ConcurrentHashMap$Node
instanceKlass java/util/concurrent/ConcurrentHashMap$CounterCell
instanceKlass java/util/concurrent/locks/ReentrantLock
instanceKlass java/util/concurrent/locks/Lock
instanceKlass java/lang/Runtime
instanceKlass java/util/HashMap$Node
instanceKlass java/util/KeyValueHolder
instanceKlass java/util/Map$Entry
instanceKlass java/util/ImmutableCollections$MapN$MapNIterator
instanceKlass java/lang/Math
instanceKlass jdk/internal/reflect/Reflection
instanceKlass java/lang/invoke/MethodHandles$Lookup
instanceKlass java/lang/StringLatin1
instanceKlass java/security/Permission
instanceKlass java/security/Guard
instanceKlass java/lang/invoke/MemberName$Factory
instanceKlass java/lang/invoke/MethodHandles
instanceKlass jdk/internal/access/SharedSecrets
instanceKlass java/lang/reflect/ReflectAccess
instanceKlass jdk/internal/access/JavaLangReflectAccess
instanceKlass java/util/ImmutableCollections
instanceKlass java/util/Objects
instanceKlass java/util/Set
instanceKlass jdk/internal/misc/CDS
instanceKlass java/lang/Module$ArchivedData
instanceKlass java/lang/String$CaseInsensitiveComparator
instanceKlass java/util/Comparator
instanceKlass java/io/ObjectStreamField
instanceKlass jdk/internal/vm/vector/VectorSupport$VectorPayload
instanceKlass jdk/internal/vm/vector/VectorSupport
instanceKlass java/lang/reflect/RecordComponent
instanceKlass java/util/Iterator
instanceKlass java/lang/Number
instanceKlass java/lang/Character
instanceKlass java/lang/Boolean
instanceKlass java/util/concurrent/locks/AbstractOwnableSynchronizer
instanceKlass java/lang/LiveStackFrame
instanceKlass java/lang/StackFrameInfo
instanceKlass java/lang/StackWalker$StackFrame
instanceKlass java/lang/StackStreamFactory$AbstractStackWalker
instanceKlass java/lang/StackWalker
instanceKlass java/nio/Buffer
instanceKlass java/lang/StackTraceElement
instanceKlass java/util/RandomAccess
instanceKlass java/util/List
instanceKlass java/util/AbstractCollection
instanceKlass java/util/Collection
instanceKlass java/lang/Iterable
instanceKlass java/util/concurrent/ConcurrentMap
instanceKlass java/util/AbstractMap
instanceKlass java/security/CodeSource
instanceKlass jdk/internal/loader/ClassLoaders
instanceKlass java/util/jar/Manifest
instanceKlass java/net/URL
instanceKlass java/io/InputStream
instanceKlass java/io/Closeable
instanceKlass java/lang/AutoCloseable
instanceKlass jdk/internal/module/Modules
instanceKlass jdk/internal/misc/Unsafe
instanceKlass jdk/internal/misc/UnsafeConstants
instanceKlass java/lang/AbstractStringBuilder
instanceKlass java/lang/Appendable
instanceKlass java/lang/AssertionStatusDirectives
instanceKlass java/lang/invoke/MethodHandleNatives$CallSiteContext
instanceKlass jdk/internal/invoke/NativeEntryPoint
instanceKlass java/lang/invoke/CallSite
instanceKlass java/lang/invoke/MethodType
instanceKlass java/lang/invoke/TypeDescriptor$OfMethod
instanceKlass java/lang/invoke/LambdaForm
instanceKlass java/lang/invoke/MethodHandleNatives
instanceKlass java/lang/invoke/ResolvedMethodName
instanceKlass java/lang/invoke/MemberName
instanceKlass java/lang/invoke/VarHandle
instanceKlass java/lang/invoke/MethodHandle
instanceKlass jdk/internal/reflect/CallerSensitive
instanceKlass java/lang/annotation/Annotation
instanceKlass jdk/internal/reflect/FieldAccessor
instanceKlass jdk/internal/reflect/ConstantPool
instanceKlass jdk/internal/reflect/ConstructorAccessor
instanceKlass jdk/internal/reflect/MethodAccessor
instanceKlass jdk/internal/reflect/MagicAccessorImpl
instanceKlass java/lang/reflect/Parameter
instanceKlass java/lang/reflect/Member
instanceKlass java/lang/reflect/AccessibleObject
instanceKlass java/lang/Module
instanceKlass java/util/Map
instanceKlass java/util/Dictionary
instanceKlass java/lang/ThreadGroup
instanceKlass java/lang/Thread$UncaughtExceptionHandler
instanceKlass java/lang/Thread
instanceKlass java/lang/Runnable
instanceKlass java/lang/ref/Reference
instanceKlass java/lang/Record
instanceKlass java/security/AccessController
instanceKlass java/security/AccessControlContext
instanceKlass java/security/ProtectionDomain
instanceKlass java/lang/SecurityManager
instanceKlass java/lang/Throwable
instanceKlass java/lang/System
instanceKlass java/lang/ClassLoader
instanceKlass java/lang/Cloneable
instanceKlass java/lang/Class
instanceKlass java/lang/invoke/TypeDescriptor$OfField
instanceKlass java/lang/invoke/TypeDescriptor
instanceKlass java/lang/reflect/Type
instanceKlass java/lang/reflect/GenericDeclaration
instanceKlass java/lang/reflect/AnnotatedElement
instanceKlass java/lang/String
instanceKlass java/lang/constant/ConstantDesc
instanceKlass java/lang/constant/Constable
instanceKlass java/lang/CharSequence
instanceKlass java/lang/Comparable
instanceKlass java/io/Serializable
ciInstanceKlass java/lang/Object 1 1 92 100 1 10 12 1 1 10 7 12 1 1 1 10 100 12 1 1 1 10 12 1 1 8 1 10 12 1 1 10 100 12 1 1 1 10 12 1 10 12 1 1 100 1 8 1 10 12 1 3 8 1 100 1 5 0 1 1 1 1 1 1 1 1 1 1 1 1 1 1 1 1 7 1 1 1 7 1 1 1 1 1 1 1 7 1 1 1 1 1 1 1
ciMethod java/lang/Object equals (Ljava/lang/Object;)Z 1024 0 8170 0 -1
ciMethod java/lang/Object hashCode ()I 768 0 384 0 -1
ciMethod java/lang/Object clone ()Ljava/lang/Object; 512 0 256 0 -1
ciInstanceKlass java/lang/Class 1 1 1611 10 7 12 1 1 1 9 7 12 1 1 1 9 12 1 1 7 1 10 10 12 1 1 8 1 10 12 1 8 1 8 1 10 12 1 1 10 12 1 1 10 12 1 10 10 12 1 10 12 1 1 10 12 1 1 10 7 12 1 1 10 12 1 10 12 1 10 12 1 8 1 10 12 1 8 1 10 12 1 8 1 8 1 10 12 1 1 10 7 12 1 1 1 18 12 1 1 11 7 12 1 1 1 8 1 8 1 8 1 10 7 12 1 1 1 11 12 1 1 7 1 8 1 10 12 1 11 7 12 1 1 1 10 12 1 1 11 8 1 18 8 1 10 12 1 10 7 12 1 1 10 7 12 1 1 1 10 12 1 1 10 7 12 1 1 1 9 100 12 1 1 1 10 100 12 1 1 1 10 7 12 1 1 1 10 12 1 1 18 12 1 1 10 7 12 1 1 1 10 7 12 1 1 10 12 1 1 10 7 1 100 1 10 12 1 1 9 12 1 1 100 1 8 1 10 12 1 10 12 1 1 10 12 1 1 10 7 12 1 1 1 7 1 10 12 1 7 1 100 1 10 10 12 1 1 10 12 1 1 100 1 10 100 12 1 1 1 10 12 1 1 10 12 1 1 9 12 1 1 10 12 1 10 12 1 10 12 1 1 9 12 1 1 9 12 1 1 10 12 1 1 10 7 1 10 12 1 10 12 1 10 12 1 1 10 9 12 1 10 12 1 8 1 10 12 1 1 10 12 1 1 10 12 1 10 12 1 1 10 12 1 1 10 12 1 1 9 7 12 1 1 1 10 7 12 1 1 10 12 10 12 1 10 12 1 1 10 100 12 1 1 10 12 1 10 12 1 1 10 100 12 1 1 1 10 12 1 10 12 1 1 10 12 1 10 12 1 10 12 1 1 10 7 1 10 10 10 12 1 1 10 12 1 1 10 12 10 12 1 1 100 1 8 1 10 10 12 1 1 10 12 1 100 1 11 12 1 10 7 12 1 1 10 12 1 10 12 1 10 100 12 1 1 10 10 12 1 1 8 1 10 12 1 10 12 1 1 8 1 9 12 1 10 12 1 10 12 1 10 12 1 10 12 100 1 9 12 1 10 12 1 9 12 1 10 12 1 10 12 1 10 12 1 10 10 12 1 10 12 1 10 12 1 10 12 1 10 12 1 10 12 1 100 1 10 12 1 10 12 1 1 10 12 1 1 10 12 1 1 10 12 1 1 10 12 1 1 10 12 1 1 7 1 10 10 12 1 1 10 12 1 1 10 12 1 1 10 10 12 1 10 12 1 1 10 12 1 1 10 12 1 1 10 12 1 1 7 1 10 10 12 11 100 12 1 1 10 12 1 1 10 12 1 10 7 12 1 1 1 10 12 1 1 10 10 12 1 1 100 1 10 10 12 1 1 10 100 12 1 1 1 100 1 100 1 10 12 1 1 10 12 1 10 10 12 1 1 10 12 1 10 12 1 10 12 1 10 100 12 1 1 1 11 7 12 1 1 10 12 1 10 12 1 9 12 1 10 12 1 1 10 12 1 9 12 1 1 100 1 10 9 12 1 1 10 12 100 1 10 12 1 9 12 1 10 100 12 1 1 1 10 12 1 10 12 1 10 100 12 1 1 1 10 12 1 10 12 10 12 1 1 100 1 10 8 1 10 12 1 11 11 12 1 1 11 7 12 1 1 11 12 1 8 1 10 12 1 10 12 1 1 9 12 1 9 12 1 1 10 7 12 1 1 9 12 1 10 12 1 1 10 10 12 1 10 7 12 1 1 1 10 7 12 1 1 10 7 12 1 1 9 12 1 1 10 12 1 9 12 1 10 12 1 10 12 1 1 9 12 1 1 9 12 1 10 12 1 10 12 1 1 9 12 1 100 1 10 10 12 1 1 7 1 10 12 1 1 100 11 100 1 9 12 1 1 9 12 1 100 1 10 12 1 9 12 1 1 9 12 1 10 12 1 10 12 1 1 9 12 1 7 1 10 10 12 1 1 10 10 12 1 1 10 12 10 10 12 1 9 12 1 10 12 1 1 10 7 12 1 1 1 10 12 1 1 10 12 1 8 10 7 8 1 18 8 1 8 1 10 12 1 9 12 1 9 12 1 1 10 12 1 7 1 7 1 10 12 1 9 12 1 1 7 1 10 10 12 1 10 7 1 9 12 1 8 1 10 12 1 7 1 10 12 1 10 12 1 1 9 12 1 100 1 8 1 10 7 1 4 10 10 12 11 7 12 1 1 1 10 12 1 100 1 10 12 1 1 10 8 1 8 1 10 12 1 1 9 7 12 1 1 11 12 7 1 11 7 12 1 1 9 12 1 10 100 12 1 1 1 10 7 12 1 1 10 12 1 1 9 12 1 9 10 12 1 1 10 12 1 1 10 12 1 1 10 12 1 1 10 12 1 1 11 12 1 7 1 11 12 1 10 7 12 1 1 1 10 12 1 100 1 11 12 1 10 100 12 1 1 1 10 12 1 10 11 12 1 11 12 1 1 10 12 1 10 12 1 1 9 12 1 1 9 100 12 1 1 10 12 1 10 100 12 1 1 1 10 12 1 1 10 12 1 10 12 1 10 12 1 10 7 12 1 1 1 10 12 1 8 1 10 12 1 10 12 1 10 12 1 10 100 12 1 1 1 11 100 12 1 1 1 10 12 1 1 10 12 1 18 12 1 1 11 12 1 1 18 11 12 1 18 12 1 11 12 1 10 12 1 1 10 12 1 10 12 1 10 12 10 12 1 8 1 10 12 1 7 1 9 12 1 1 100 1 100 1 100 1 100 1 100 1 1 1 3 1 3 1 3 1 1 1 1 1 1 1 5 0 1 1 1 1 1 1 1 1 1 1 1 1 1 1 1 1 1 1 1 1 1 1 1 100 1 1 1 1 1 1 1 100 1 1 1 1 1 1 100 1 1 1 1 1 1 1 1 1 1 1 1 1 1 1 1 1 1 1 1 1 1 1 1 1 1 1 1 1 1 1 1 1 1 1 1 1 1 100 1 1 1 1 1 1 1 1 1 1 1 1 1 1 1 1 1 1 1 1 1 1 1 1 1 1 1 1 100 1 1 1 1 1 1 1 1 1 1 1 1 1 1 1 1 1 1 1 1 1 1 1 1 1 1 1 1 1 1 1 1 1 1 1 1 1 1 1 1 1 1 1 1 1 1 1 1 1 1 1 1 1 100 1 100 1 1 1 1 1 1 1 1 1 1 1 1 1 1 1 1 1 1 1 1 1 1 1 1 1 1 1 1 1 1 1 1 1 1 1 1 1 1 1 1 1 1 1 1 1 1 1 1 1 1 1 1 1 1 1 1 1 1 1 1 1 1 1 100 1 1 1 1 1 1 1 1 1 1 1 1 1 1 1 1 1 1 1 1 1 1 1 1 1 1 1 1 1 1 1 1 1 1 1 1 1 1 1 1 1 1 1 1 1 1 1 1 1 1 1 1 1 1 1 1 1 1 1 1 1 1 1 1 1 1 1 1 15 10 7 12 1 1 1 16 15 10 12 16 15 11 12 16 1 16 15 16 15 10 12 16 16 15 10 12 16 15 16 1 15 10 12 16 1 1 1 1 1 1 1 1 100 1 1 100 1 100 1 1 100 1 100 1 1
staticfield java/lang/Class EMPTY_CLASS_ARRAY [Ljava/lang/Class; 0 [Ljava/lang/Class;
staticfield java/lang/Class serialPersistentFields [Ljava/io/ObjectStreamField; 0 [Ljava/io/ObjectStreamField;
ciMethod java/lang/Class getTypeParameters ()[Ljava/lang/reflect/TypeVariable; 290 0 306 0 0
ciInstanceKlass java/lang/reflect/Type 1 1 17 10 100 12 1 1 1 100 1 1 1 1 1 1 1 1 1
ciMethod java/lang/Class isArray ()Z 512 0 256 0 -1
ciMethod java/lang/Class isPrimitive ()Z 512 0 256 0 -1
ciInstanceKlass java/io/Serializable 1 0 7 100 1 100 1 1 1
instanceKlass jdk/internal/vm/vector/VectorSupport$VectorShuffle
instanceKlass jdk/internal/vm/vector/VectorSupport$VectorMask
instanceKlass jdk/internal/vm/vector/VectorSupport$Vector
ciInstanceKlass jdk/internal/vm/vector/VectorSupport$VectorPayload 0 0 32 10 100 12 1 1 1 9 100 12 1 1 1 10 100 12 1 1 1 1 1 1 1 1 1 1 1 1 1 1 1 1
ciInstanceKlass jdk/internal/vm/vector/VectorSupport$VectorShuffle 0 0 28 10 100 12 1 1 1 100 1 1 1 1 1 1 1 1 1 1 1 1 1 1 1 100 1 1 1 1
ciInstanceKlass jdk/internal/vm/vector/VectorSupport$VectorMask 0 0 28 10 100 12 1 1 1 100 1 1 1 1 1 1 1 1 1 1 1 1 1 1 1 100 1 1 1 1
ciInstanceKlass jdk/internal/vm/vector/VectorSupport$Vector 0 0 28 10 100 12 1 1 1 100 1 1 1 1 1 1 1 1 1 1 1 1 1 1 1 100 1 1 1 1
ciInstanceKlass jdk/internal/vm/vector/VectorSupport 0 0 487 100 1 10 100 12 1 1 1 9 12 1 1 10 12 1 1 100 1 10 12 1 11 100 12 1 1 1 11 100 12 1 1 1 11 100 12 1 1 11 100 12 1 1 1 11 100 1 100 1 10 12 1 1 11 100 12 1 1 11 100 12 1 1 100 1 11 100 12 1 1 11 100 12 1 1 11 100 12 1 1 1 11 100 12 1 1 1 11 100 12 1 1 1 11 100 12 1 1 1 100 1 10 12 1 1 11 100 12 1 1 100 1 11 100 12 1 1 11 100 12 1 1 11 100 12 1 1 11 100 1 100 1 9 12 1 1 10 100 12 1 1 11 100 12 1 1 10 12 1 1 10 100 12 1 1 1 10 12 1 10 12 1 1 10 12 1 1 1 1 1 3 1 3 1 3 1 3 1 3 1 3 1 3 1 3 1 3 1 3 1 3 1 3 1 3 1 3 1 3 1 3 1 3 1 3 1 3 1 3 1 3 1 3 1 3 1 3 1 3 1 3 1 3 1 3 1 3 1 3 1 3 1 3 1 3 1 3 1 3 1 3 1 3 1 3 1 3 1 1 1 1 1 3 1 1 1 1 1 1 3 1 1 1 1 1 1 1 1 1 1 1 1 1 1 1 1 1 1 1 1 1 1 1 1 1 1 1 1 1 1 1 1 1 1 1 1 1 1 1 1 1 1 1 1 1 1 1 1 1 1 1 1 1 1 1 1 1 1 1 1 1 1 1 1 1 1 1 1 1 1 1 1 1 1 1 1 1 1 1 1 1 1 1 1 1 1 1 1 1 1 1 1 1 1 1 1 1 1 1 1 1 1 1 1 1 1 1 1 1 1 1 1 1 1 1 1 1 1 1 1 1 1 1 1 1 1 1 1 1 1 1 1 1 1 1 1 1 1 1 1 1 1 1 1 1 1 1 1 1 1 1 1 1 1 1 1 1 1 1 1 1 1 1 1 1 1 1 1 1 1 1 1 1 1 1 1 1 1 1 1 1 1 1 1 1 1 1 1 1 1 1 1 1 1 1 1 1 1 1 100 1 100 1 1 1 1 1 1 1 1 1 1 1 1 1 1 1 1 1 1 1 1 1 1 1 1
ciInstanceKlass java/lang/reflect/RecordComponent 0 0 196 10 100 12 1 1 1 9 100 12 1 1 1 9 12 1 1 9 12 1 10 12 1 1 10 12 1 1 10 100 12 1 1 1 10 12 1 1 9 12 1 1 10 12 1 1 10 12 1 1 10 12 1 10 100 12 1 1 10 100 12 1 1 9 12 1 1 10 100 12 1 1 1 11 100 12 1 1 1 10 9 100 12 1 1 1 10 100 12 1 1 1 9 12 1 1 10 100 12 1 1 1 10 12 1 1 11 100 12 1 1 10 100 12 1 1 100 1 9 12 1 9 12 1 1 9 12 1 10 100 12 1 1 1 10 12 1 1 10 12 1 1 100 1 10 10 12 1 10 12 1 1 8 1 10 12 1 10 12 1 9 12 1 100 1 1 1 1 1 1 1 1 1 1 1 1 1 1 1 1 1 1 1 1 1 1 100 1 1 1 1 1 1 100 1 1
ciInstanceKlass java/util/Iterator 1 1 53 100 1 8 1 10 12 1 1 10 7 12 1 1 1 11 7 12 1 1 1 11 12 1 1 11 7 12 1 1 1 100 1 1 1 1 1 1 1 1 1 1 1 1 1 1 1 1 1 1 1 1 1
instanceKlass org/springframework/boot/sql/init/DatabaseInitializationMode
instanceKlass jakarta/servlet/DispatcherType
instanceKlass org/springframework/boot/web/servlet/DispatcherType
instanceKlass org/springframework/boot/autoconfigure/reactor/ReactorProperties$ContextPropagationMode
instanceKlass org/springframework/boot/autoconfigure/netty/NettyProperties$LeakDetection
instanceKlass org/springframework/boot/http/client/ClientHttpRequestFactorySettings$Redirects
instanceKlass org/springframework/boot/autoconfigure/http/client/HttpClientProperties$Factory
instanceKlass io/micrometer/core/instrument/simple/CountingMode
instanceKlass org/springframework/boot/actuate/endpoint/Show
instanceKlass org/springframework/boot/autoconfigure/jackson/JacksonProperties$ConstructorDetectorStrategy
instanceKlass org/springframework/boot/autoconfigure/web/WebProperties$LocaleResolver
instanceKlass org/springframework/validation/DefaultMessageCodesResolver$Format
instanceKlass org/springframework/boot/web/server/Shutdown
instanceKlass org/springframework/boot/autoconfigure/web/ServerProperties$ForwardHeadersStrategy
instanceKlass org/springframework/boot/actuate/autoconfigure/web/ManagementContextType
instanceKlass org/springframework/boot/actuate/autoconfigure/web/server/ManagementPortType
instanceKlass org/springframework/boot/actuate/autoconfigure/info/InfoContributorFallback
instanceKlass org/springframework/boot/autoconfigure/cache/CacheType
instanceKlass org/springframework/boot/actuate/endpoint/Access
instanceKlass org/springframework/boot/actuate/autoconfigure/endpoint/expose/EndpointExposure
instanceKlass org/springframework/expression/spel/standard/TokenKind
instanceKlass org/springframework/boot/autoconfigure/thread/Threading
instanceKlass org/springframework/boot/autoconfigure/condition/SearchStrategy
instanceKlass org/springframework/boot/autoconfigure/condition/ConditionalOnWebApplication$Type
instanceKlass org/springframework/security/config/http/SessionCreationPolicy
instanceKlass org/springframework/boot/autoconfigure/condition/ConditionMessage$Style
instanceKlass org/springframework/boot/autoconfigure/condition/FilteringSpringBootCondition$ClassNameFilter
instanceKlass org/springframework/web/bind/annotation/RequestMethod
instanceKlass org/springframework/context/annotation/Bean$Bootstrap
instanceKlass java/nio/file/FileTreeWalker$EventType
instanceKlass java/nio/file/FileVisitOption
instanceKlass java/nio/file/AccessMode
instanceKlass java/util/Comparators$NaturalOrderComparator
instanceKlass org/springframework/context/annotation/ConfigurationCondition$ConfigurationPhase
instanceKlass org/springframework/beans/factory/support/DefaultListableBeanFactory$PreInstantiation
instanceKlass org/springframework/expression/spel/SpelCompilerMode
instanceKlass org/springframework/context/annotation/FilterType
instanceKlass org/springframework/security/crypto/encrypt/RsaAlgorithm
instanceKlass org/springframework/core/ResolvableType$WildcardBounds$Kind
instanceKlass org/apache/catalina/authenticator/AuthenticatorBase$AllowCorsPreflight
instanceKlass org/apache/catalina/LifecycleState
instanceKlass org/springframework/context/annotation/ScopedProxyMode
instanceKlass org/springframework/core/annotation/MergedAnnotation$Adapt
instanceKlass org/apache/tomcat/util/http/CookiesWithoutEquals
instanceKlass org/apache/tomcat/util/http/SameSiteCookies
instanceKlass org/springframework/boot/Banner$Mode
instanceKlass ch/qos/logback/core/pattern/parser/TokenStream$TokenizerState
instanceKlass ch/qos/logback/core/subst/Node$Type
instanceKlass ch/qos/logback/core/subst/Token$Type
instanceKlass ch/qos/logback/core/subst/Tokenizer$TokenizerState
instanceKlass org/springframework/boot/ansi/AnsiStyle
instanceKlass org/springframework/boot/logging/logback/RollingPolicySystemProperty
instanceKlass org/springframework/boot/logging/LoggingSystemProperty
instanceKlass org/springframework/boot/ansi/AnsiColor
instanceKlass org/springframework/boot/ansi/AnsiOutput$Enabled
instanceKlass com/azure/spring/cloud/autoconfigure/implementation/context/AzureGlobalConfigurationEnvironmentPostProcessor$AzureSdkEnvMapping
instanceKlass java/lang/Thread$State
instanceKlass com/azure/security/keyvault/secrets/SecretServiceVersion
instanceKlass com/azure/spring/cloud/core/provider/AzureProfileOptionsProvider$CloudType
instanceKlass org/springframework/boot/context/config/Profiles$Type
instanceKlass com/fasterxml/jackson/core/JsonToken
instanceKlass com/fasterxml/jackson/core/StreamReadCapability
instanceKlass org/springframework/http/HttpStatus$Series
instanceKlass org/springframework/http/HttpStatus
instanceKlass java/net/StandardProtocolFamily
instanceKlass java/net/Proxy$Type
instanceKlass com/fasterxml/jackson/annotation/JsonFormat$Feature
instanceKlass com/fasterxml/jackson/databind/util/AccessPattern
instanceKlass com/fasterxml/jackson/databind/cfg/ConstructorDetector$SingleArgConstructor
instanceKlass com/fasterxml/jackson/annotation/JsonProperty$Access
instanceKlass com/fasterxml/jackson/databind/AnnotationIntrospector$ReferenceProperty$Type
instanceKlass io/micrometer/observation/transport/Kind
instanceKlass sun/net/www/protocol/http/HttpURLConnection$TunnelState
instanceKlass org/springframework/util/ConcurrentLruCache$CacheEntryState
instanceKlass org/springframework/util/ConcurrentLruCache$DrainStatus
instanceKlass org/springframework/web/util/DefaultUriBuilderFactory$EncodingMode
instanceKlass com/fasterxml/jackson/annotation/PropertyAccessor
instanceKlass com/fasterxml/jackson/datatype/jsr310/JavaTimeFeature
instanceKlass com/fasterxml/jackson/annotation/JsonCreator$Mode
instanceKlass com/fasterxml/jackson/core/JsonParser$NumberType
instanceKlass com/fasterxml/jackson/databind/DeserializationFeature
instanceKlass com/fasterxml/jackson/databind/cfg/JsonNodeFeature
instanceKlass com/fasterxml/jackson/databind/cfg/EnumFeature
instanceKlass com/fasterxml/jackson/databind/SerializationFeature
instanceKlass com/fasterxml/jackson/core/util/Separators$Spacing
instanceKlass com/fasterxml/jackson/databind/MapperFeature
instanceKlass com/fasterxml/jackson/annotation/JsonFormat$Shape
instanceKlass com/fasterxml/jackson/databind/cfg/CoercionInputShape
instanceKlass com/fasterxml/jackson/databind/cfg/CoercionAction
instanceKlass com/fasterxml/jackson/databind/type/LogicalType
instanceKlass com/fasterxml/jackson/annotation/JsonAutoDetect$Visibility
instanceKlass com/fasterxml/jackson/annotation/Nulls
instanceKlass com/fasterxml/jackson/annotation/JsonInclude$Include
instanceKlass com/fasterxml/jackson/core/JsonGenerator$Feature
instanceKlass com/fasterxml/jackson/core/JsonParser$Feature
instanceKlass com/fasterxml/jackson/core/JsonFactory$Feature
instanceKlass com/fasterxml/jackson/core/Base64Variant$PaddingReadBehaviour
instanceKlass java/math/RoundingMode
instanceKlass sun/util/locale/provider/LocaleProviderAdapter$Type
instanceKlass com/fasterxml/jackson/databind/util/internal/PrivateMaxEntriesMap$DrainStatus
instanceKlass com/fasterxml/jackson/core/JsonEncoding
instanceKlass org/springframework/http/client/observation/ClientHttpObservationDocumentation$HighCardinalityKeyNames
instanceKlass org/springframework/http/client/observation/ClientHttpObservationDocumentation
instanceKlass org/springframework/http/client/observation/ClientHttpObservationDocumentation$LowCardinalityKeyNames
instanceKlass org/springframework/web/util/HierarchicalUriComponents$EncodeState
instanceKlass org/springframework/web/util/UriComponentsBuilder$EncodingHint
instanceKlass org/springframework/web/util/HierarchicalUriComponents$Type
instanceKlass org/springframework/web/util/RfcUriParser$State
instanceKlass org/springframework/web/util/UriComponentsBuilder$ParserType
instanceKlass org/springframework/cloud/config/client/ConfigClientProperties$MultipleUriStrategy
instanceKlass java/lang/invoke/MethodHandleImpl$ArrayAccess
instanceKlass org/springframework/boot/context/config/LocationResourceLoader$ResourceType
instanceKlass org/springframework/boot/BootstrapRegistry$Scope
instanceKlass org/springframework/boot/context/config/ConfigDataEnvironmentContributor$ImportPhase
instanceKlass org/springframework/boot/context/config/ConfigDataEnvironmentContributor$Kind
instanceKlass org/springframework/boot/context/config/ConfigData$Option
instanceKlass org/springframework/boot/context/properties/source/ConfigurationPropertyState
instanceKlass org/springframework/boot/context/config/ConfigDataNotFoundAction
instanceKlass org/springframework/boot/context/properties/bind/BindMethod
instanceKlass org/springframework/boot/context/config/ConfigDataEnvironmentContributors$BinderOption
instanceKlass org/springframework/boot/cloud/CloudPlatform
instanceKlass org/springframework/core/NativeDetector$Context
instanceKlass com/azure/spring/cloud/autoconfigure/implementation/context/AzureGlobalConfigurationEnvironmentPostProcessor$AzureCoreEnvMapping
instanceKlass java/util/stream/MatchOps$MatchKind
instanceKlass org/springframework/boot/context/properties/source/ConfigurationPropertyName$Form
instanceKlass java/nio/file/attribute/PosixFilePermission
instanceKlass java/time/Month
instanceKlass org/springframework/format/annotation/DurationFormat$Style
instanceKlass java/time/format/FormatStyle
instanceKlass org/springframework/format/datetime/standard/DateTimeFormatterRegistrar$Type
instanceKlass java/lang/annotation/ElementType
instanceKlass org/springframework/core/annotation/IntrospectionFailureLogger
instanceKlass org/springframework/boot/devtools/restart/FailureHandler$Outcome
instanceKlass java/lang/StackStreamFactory$WalkerState
instanceKlass java/lang/StackWalker$ExtendedOption
instanceKlass java/lang/StackWalker$Option
instanceKlass org/springframework/boot/context/properties/bind/Bindable$BindRestriction
instanceKlass org/springframework/boot/context/properties/source/ConfigurationPropertyName$ElementType
instanceKlass org/springframework/boot/logging/LogLevel
instanceKlass java/lang/annotation/RetentionPolicy
instanceKlass org/springframework/core/annotation/MergedAnnotations$SearchStrategy
instanceKlass ch/qos/logback/core/spi/FilterReply
instanceKlass jdk/internal/icu/util/CodePointTrie$ValueWidth
instanceKlass jdk/internal/icu/util/CodePointTrie$Type
instanceKlass java/text/Normalizer$Form
instanceKlass java/lang/constant/DirectMethodHandleDesc$Kind
instanceKlass java/lang/invoke/VarHandle$VarHandleDesc$Kind
instanceKlass java/util/regex/Pattern$Qtype
instanceKlass sun/security/util/DisabledAlgorithmConstraints$Constraint$Operator
instanceKlass sun/util/logging/PlatformLogger$Level
instanceKlass jdk/internal/logger/BootstrapLogger$LoggingBackend
instanceKlass java/lang/System$Logger$Level
instanceKlass sun/security/rsa/RSAUtil$KeyType
instanceKlass sun/security/util/KnownOIDs
instanceKlass org/springframework/util/ConcurrentReferenceHashMap$TaskOption
instanceKlass org/springframework/util/ConcurrentReferenceHashMap$Restructure
instanceKlass org/springframework/util/ConcurrentReferenceHashMap$ReferenceType
instanceKlass org/springframework/boot/WebApplicationType
instanceKlass org/slf4j/helpers/Reporter$Level
instanceKlass org/slf4j/helpers/Reporter$TargetChoice
instanceKlass java/time/format/TextStyle
instanceKlass java/time/format/DateTimeFormatterBuilder$SettingsParser
instanceKlass java/util/Locale$Category
instanceKlass java/time/format/ResolverStyle
instanceKlass java/time/format/SignStyle
instanceKlass java/time/temporal/JulianFields$Field
instanceKlass java/time/temporal/IsoFields$Unit
instanceKlass java/time/temporal/IsoFields$Field
instanceKlass java/time/temporal/ChronoUnit
instanceKlass java/time/temporal/ChronoField
instanceKlass ch/qos/logback/core/joran/spi/ConsoleTarget
instanceKlass ch/qos/logback/classic/spi/Configurator$ExecutionStatus
instanceKlass java/util/concurrent/TimeUnit
instanceKlass java/nio/file/LinkOption
instanceKlass sun/nio/fs/WindowsPathType
instanceKlass java/nio/file/StandardOpenOption
instanceKlass java/util/stream/Collector$Characteristics
instanceKlass java/util/stream/StreamShape
instanceKlass java/lang/invoke/MethodHandles$Lookup$ClassOption
instanceKlass java/lang/invoke/VarHandle$AccessType
instanceKlass java/lang/invoke/VarHandle$AccessMode
instanceKlass java/lang/invoke/MethodHandleImpl$Intrinsic
instanceKlass java/lang/invoke/LambdaForm$BasicType
instanceKlass java/lang/invoke/LambdaForm$Kind
instanceKlass sun/invoke/util/Wrapper
instanceKlass java/util/stream/StreamOpFlag$Type
instanceKlass java/util/stream/StreamOpFlag
instanceKlass java/io/File$PathStatus
instanceKlass java/lang/module/ModuleDescriptor$Requires$Modifier
instanceKlass java/lang/module/ModuleDescriptor$Modifier
ciInstanceKlass java/lang/Enum 1 1 188 9 7 12 1 1 1 9 12 1 1 10 7 12 1 1 1 10 12 1 1 100 1 10 10 12 1 1 10 12 1 100 1 10 10 7 12 1 1 10 12 1 1 18 12 1 1 10 100 12 1 1 1 10 12 1 1 11 7 12 1 1 1 100 1 8 1 10 12 1 100 1 100 1 10 8 1 10 12 1 1 10 12 1 1 8 1 10 12 1 10 100 1 8 1 10 10 12 1 1 10 100 12 1 1 1 100 1 100 1 100 1 1 1 1 1 1 1 1 1 1 1 1 1 1 1 1 1 1 1 1 1 1 1 1 1 1 1 1 1 1 1 1 1 1 1 1 1 1 1 1 1 100 1 100 1 1 100 1 1 1 1 1 1 1 1 1 1 1 15 10 100 12 1 1 1 16 15 10 12 16 1 1 100 1 100 1 1
ciInstanceKlass java/lang/System 1 1 803 10 100 12 1 1 1 9 7 12 1 1 1 10 12 1 10 12 1 1 10 12 1 1 10 12 1 9 12 1 1 10 7 12 1 1 1 11 7 12 1 1 1 10 100 12 1 1 1 10 12 1 1 10 12 1 1 100 1 8 1 10 12 1 10 100 12 1 1 1 10 7 12 1 1 1 18 12 1 1 10 100 12 1 1 1 100 1 10 12 1 1 10 100 12 1 1 1 10 12 1 10 7 12 1 1 1 9 100 12 1 1 1 10 100 12 1 1 1 11 7 12 1 1 1 10 12 1 1 10 7 12 1 1 1 100 1 10 10 12 1 1 8 1 10 12 1 8 1 10 12 1 9 12 1 1 8 1 10 7 12 1 1 1 10 12 1 1 100 1 8 1 10 9 12 1 1 8 1 10 12 1 1 10 100 12 1 1 1 8 1 10 12 1 100 1 10 12 1 8 1 10 12 1 10 12 1 1 100 1 10 12 10 12 1 9 12 1 1 9 12 1 1 10 7 12 1 1 1 10 7 12 1 1 1 10 12 1 1 10 12 1 10 12 1 10 7 12 1 1 1 10 12 1 100 1 100 1 8 1 10 12 1 10 12 1 1 7 1 10 12 1 100 1 8 1 10 10 12 1 100 1 8 1 10 8 1 10 7 12 1 1 8 1 10 12 100 1 8 1 10 10 12 1 1 10 7 12 1 1 1 100 1 18 12 1 100 1 9 100 12 1 1 1 10 12 1 100 1 10 12 1 1 10 12 1 1 10 7 12 1 1 1 10 12 1 1 10 12 1 10 12 1 10 12 1 1 10 12 1 7 1 10 12 1 10 12 1 100 1 10 12 1 10 7 12 1 1 1 100 1 8 1 10 9 12 1 9 12 1 10 12 1 10 100 12 1 1 10 12 1 10 12 1 1 8 1 10 12 1 1 8 1 11 12 1 10 12 11 12 1 1 11 7 12 1 1 1 11 7 12 1 1 11 12 1 1 7 1 11 12 1 10 12 1 8 1 10 12 1 1 8 1 8 1 8 1 8 1 11 12 1 10 12 1 10 12 1 10 12 1 10 7 12 1 1 8 1 7 1 9 7 12 1 1 1 10 12 1 7 1 9 12 10 9 12 7 1 10 12 8 1 10 12 1 1 8 1 10 7 12 1 1 10 12 1 10 7 12 1 1 1 10 12 1 1 10 7 12 1 1 1 10 12 10 7 12 1 1 1 9 12 1 1 100 1 8 1 10 12 1 1 10 7 12 1 1 1 7 1 10 12 1 1 8 1 10 8 1 8 1 8 1 8 1 10 10 7 12 1 1 10 12 1 1 10 12 1 1 10 12 1 1 10 12 1 10 100 12 1 1 1 10 100 1 8 1 10 10 10 12 1 1 10 12 1 1 8 1 10 12 1 8 1 10 12 1 10 12 1 1 7 1 10 10 12 1 10 12 1 9 12 1 1 1 3 1 3 1 1 1 1 1 1 1 1 1 1 1 1 100 1 1 100 1 1 1 1 1 1 1 1 1 1 1 100 1 100 1 1 1 1 1 1 1 1 1 1 1 1 1 1 1 1 1 1 1 1 1 1 1 1 1 1 1 1 1 1 1 1 1 1 1 1 1 1 1 1 1 1 1 1 1 1 1 1 1 1 1 1 1 1 1 1 1 1 100 1 1 1 1 1 1 1 1 1 1 1 1 1 1 1 1 1 1 1 1 1 1 1 1 1 1 1 1 1 1 1 1 1 100 1 1 15 10 100 12 1 1 1 16 15 10 12 1 1 16 15 10 12 16 1 1 1 1 1 1 1 100 1 100 1 1
staticfield java/lang/System in Ljava/io/InputStream; java/io/BufferedInputStream
staticfield java/lang/System out Ljava/io/PrintStream; java/io/PrintStream
staticfield java/lang/System err Ljava/io/PrintStream; java/io/PrintStream
instanceKlass org/springframework/core/DecoratingClassLoader
instanceKlass jdk/internal/reflect/DelegatingClassLoader
instanceKlass java/security/SecureClassLoader
ciInstanceKlass java/lang/ClassLoader 1 1 1098 9 7 12 1 1 1 10 7 12 1 1 1 9 12 1 1 10 7 12 1 1 1 7 1 10 12 1 1 10 12 1 1 9 12 1 1 10 12 1 1 100 1 10 12 1 10 12 1 1 10 7 12 1 1 1 100 1 8 1 10 12 1 10 7 12 1 1 1 10 100 12 1 10 7 1 10 7 1 7 1 7 1 10 12 1 10 12 1 9 12 1 1 10 10 7 12 1 1 1 9 12 1 1 9 12 1 9 12 1 1 9 12 1 9 12 1 1 9 12 1 1 7 1 10 12 1 9 12 1 1 10 12 1 1 10 7 12 1 1 1 9 12 1 9 12 1 1 9 12 1 10 12 1 1 9 12 10 12 1 1 7 1 10 8 1 10 12 1 1 10 12 1 10 7 1 7 1 10 12 1 1 10 7 12 1 1 1 8 1 10 12 1 10 12 1 10 12 1 1 10 12 1 1 10 12 1 1 10 12 1 1 10 12 1 1 10 12 1 7 1 10 12 1 10 100 12 1 1 1 10 12 1 1 10 12 1 10 12 1 10 12 1 10 12 1 10 12 1 1 10 10 12 1 10 12 1 10 100 12 1 1 10 12 1 1 10 12 1 1 10 12 1 100 1 10 12 1 100 1 10 12 1 10 100 12 1 1 1 10 10 12 1 1 10 12 1 1 100 1 8 1 10 8 1 10 12 1 10 12 1 100 1 8 1 10 12 1 1 10 12 1 1 10 10 12 1 1 10 12 1 1 10 12 1 1 10 7 1 10 12 1 1 10 12 1 1 10 12 1 1 10 12 1 1 10 12 1 1 10 12 1 1 10 12 1 10 7 12 1 1 1 10 12 1 10 12 1 10 12 1 1 10 12 1 10 12 1 10 12 1 10 12 1 1 10 12 1 10 12 1 1 8 1 9 12 1 10 12 1 1 8 1 8 1 10 7 12 1 1 100 1 10 10 12 10 12 1 10 12 1 10 12 1 10 12 1 1 10 7 12 1 1 10 12 1 10 7 1 7 1 10 12 1 1 10 12 1 10 7 1 10 12 1 100 1 18 12 1 10 100 12 1 1 1 10 100 12 1 1 1 10 7 12 1 1 10 12 1 1 10 12 1 10 12 1 1 7 1 10 12 1 10 12 1 1 10 7 12 1 1 10 12 1 8 1 100 1 10 10 12 1 9 12 1 10 7 12 1 1 10 12 1 100 1 8 1 10 12 1 10 8 1 8 1 10 12 1 1 10 12 1 1 10 12 1 1 10 100 12 1 1 1 100 1 100 1 10 12 1 1 100 1 100 1 10 100 12 1 1 10 12 1 10 12 1 1 10 12 1 10 12 1 1 10 12 1 1 9 100 12 1 1 1 10 12 1 1 10 12 1 10 12 1 10 12 1 1 10 12 1 8 1 10 12 1 7 1 18 12 1 1 10 12 1 1 10 12 1 10 12 1 10 12 1 8 1 10 12 1 10 12 1 18 12 1 11 100 12 1 1 1 100 1 10 12 1 1 10 12 1 10 11 12 1 1 10 18 10 12 1 1 11 100 12 1 18 12 1 11 12 1 1 10 12 10 12 1 1 10 12 1 1 100 1 8 1 10 10 12 1 8 1 8 1 10 100 12 1 1 10 12 1 100 1 10 10 12 1 8 1 8 1 8 1 10 12 1 10 12 1 1 10 12 1 10 100 12 1 1 1 11 100 12 1 1 100 1 10 11 10 12 1 10 12 1 10 12 1 1 9 100 12 1 1 9 12 1 1 9 12 9 12 1 9 12 1 9 12 1 8 10 12 1 1 10 7 12 1 1 1 10 12 1 1 10 12 1 1 10 12 1 10 10 12 1 11 12 1 1 10 100 12 1 1 1 100 1 10 12 1 10 12 1 10 12 1 1 1 1 1 1 1 1 1 1 1 1 1 1 1 1 1 1 1 1 1 1 1 1 1 1 1 1 100 1 1 1 1 1 1 1 1 1 1 1 1 1 1 1 1 1 1 1 1 1 100 1 1 1 1 1 1 1 1 1 1 7 1 1 1 1 1 1 1 1 1 1 1 1 1 1 1 1 1 1 1 1 1 1 1 1 1 1 1 1 1 1 1 1 1 1 1 1 1 1 1 1 1 100 1 1 1 1 1 1 1 1 1 1 1 1 1 1 1 1 1 1 100 1 1 1 1 1 1 1 1 1 1 1 1 1 1 1 1 1 1 1 1 1 1 1 1 1 1 1 1 1 1 1 1 1 1 1 1 1 1 1 1 1 1 1 1 1 1 1 1 1 1 1 100 1 1 1 1 1 1 1 1 1 1 1 1 1 1 1 1 1 1 1 1 1 1 1 1 1 1 1 1 1 1 1 1 1 1 1 1 1 1 1 1 1 1 1 1 1 1 15 10 100 12 1 1 1 16 1 15 10 12 16 1 16 15 10 12 16 1 16 1 15 10 12 16 15 10 12 16 15 10 12 16 1 1 100 1 100 1 1
staticfield java/lang/ClassLoader nocerts [Ljava/security/cert/Certificate; 0 [Ljava/security/cert/Certificate;
staticfield java/lang/ClassLoader $assertionsDisabled Z 1
ciInstanceKlass jdk/internal/reflect/DelegatingClassLoader 1 1 18 10 7 12 1 1 1 100 1 1 1 1 1 1 1 1 1 1
instanceKlass java/net/URLClassLoader
instanceKlass jdk/internal/loader/BuiltinClassLoader
ciInstanceKlass java/security/SecureClassLoader 1 1 102 10 7 12 1 1 1 7 1 10 12 1 9 7 12 1 1 1 10 12 1 10 12 1 10 12 1 1 10 12 1 1 10 12 1 7 1 10 7 1 10 12 1 7 1 10 12 1 11 7 12 1 1 1 7 1 11 12 1 10 12 1 1 1 1 1 1 1 1 1 1 1 1 1 1 1 1 1 1 1 1 1 1 1 1 1 1 1 1 1 1 1 1 1 1 1 1 100 1 1 1 1
instanceKlass jdk/internal/loader/ClassLoaders$BootClassLoader
instanceKlass jdk/internal/loader/ClassLoaders$PlatformClassLoader
instanceKlass jdk/internal/loader/ClassLoaders$AppClassLoader
ciInstanceKlass jdk/internal/loader/BuiltinClassLoader 1 1 737 9 7 12 1 1 1 10 7 12 1 1 1 10 7 12 1 1 1 9 12 1 1 9 12 1 1 7 1 10 12 1 9 12 1 10 12 1 9 12 1 10 7 12 1 1 1 10 7 12 1 1 1 10 7 12 1 1 1 11 7 12 1 1 1 100 1 100 1 10 10 12 1 1 8 1 10 12 1 10 12 7 1 10 12 1 10 12 1 1 11 7 12 1 1 1 11 7 12 1 1 1 11 12 1 1 7 1 8 1 8 1 10 9 12 1 1 10 7 12 1 1 11 12 1 1 10 12 1 1 10 12 1 1 10 12 1 1 10 7 12 1 1 1 10 12 1 10 100 12 1 1 1 10 12 1 1 11 7 12 1 1 1 10 7 12 1 1 7 1 10 7 12 1 1 1 10 12 1 100 1 8 1 10 12 1 1 10 8 1 10 12 1 1 10 12 1 1 10 12 1 1 11 7 12 1 1 11 12 1 7 1 10 11 12 1 1 11 10 12 1 1 7 1 10 12 1 10 7 12 1 10 12 1 7 1 10 12 1 10 7 12 1 1 1 100 1 10 12 1 1 11 12 1 100 1 100 1 10 12 1 10 12 1 1 100 1 100 1 10 12 1 10 12 1 18 12 1 1 10 12 1 10 12 1 1 18 100 1 10 7 12 1 1 1 7 1 10 10 12 1 1 10 12 1 1 10 12 1 1 10 12 1 9 12 1 1 100 1 10 10 12 1 1 10 12 1 1 10 12 1 10 12 10 12 1 1 10 12 1 1 10 12 1 1 10 12 1 10 12 1 1 18 12 1 7 1 10 12 1 1 10 12 1 10 12 1 1 10 12 1 100 1 10 12 1 7 1 10 12 1 10 7 12 1 1 1 10 12 1 11 12 1 7 1 10 12 1 7 1 100 1 10 12 1 10 12 1 11 12 1 1 10 12 1 1 10 12 1 1 10 12 1 1 10 12 1 1 10 12 1 10 12 1 10 12 1 10 12 1 8 1 10 12 1 1 10 7 12 1 1 10 12 1 100 1 8 1 8 1 10 10 12 1 8 1 8 1 10 7 12 1 1 1 11 7 12 1 1 1 9 7 12 1 1 1 10 7 12 1 1 1 9 12 1 9 12 1 9 12 1 9 12 1 9 12 1 9 12 1 10 7 12 1 1 1 8 1 10 12 1 7 1 10 12 1 1 10 12 1 7 1 10 11 12 1 1 10 12 10 12 1 10 12 1 100 1 10 12 1 10 12 1 10 10 12 1 10 7 12 1 1 8 1 10 7 12 1 1 10 12 1 1 1 1 1 1 1 1 1 1 1 1 1 1 1 1 1 1 1 1 1 1 1 1 1 1 1 1 1 1 1 1 1 1 1 1 1 1 1 1 1 1 1 1 1 1 1 1 1 1 1 1 1 1 1 1 100 1 1 1 1 1 1 1 1 1 1 1 1 1 1 1 1 1 1 100 1 100 1 1 1 1 1 1 1 1 1 1 1 1 1 1 1 1 1 1 1 1 1 1 1 1 1 1 1 1 1 1 1 1 1 1 1 1 1 1 1 1 1 1 1 1 1 1 1 1 1 1 1 100 1 1 15 10 100 12 1 1 1 16 15 10 12 16 15 10 12 16 15 10 12 16 1 1 1 100 1 1 1 1 1 100 1 100 1 1
staticfield jdk/internal/loader/BuiltinClassLoader packageToModule Ljava/util/Map; java/util/concurrent/ConcurrentHashMap
staticfield jdk/internal/loader/BuiltinClassLoader $assertionsDisabled Z 1
ciInstanceKlass java/security/AccessController 1 1 295 10 100 12 1 1 1 10 7 12 1 1 1 10 7 12 1 1 1 10 12 1 1 10 12 1 1 10 7 12 1 1 1 10 12 1 1 10 12 1 10 12 1 1 10 12 1 100 1 8 1 10 12 1 10 12 1 10 12 1 1 10 12 1 100 1 100 1 10 12 1 1 10 12 1 10 12 1 10 12 1 1 10 7 12 1 1 1 10 12 1 1 9 100 12 1 1 1 10 100 12 1 1 1 10 12 1 10 12 1 9 100 12 1 1 1 10 12 1 10 12 1 1 9 12 1 1 10 100 1 10 11 7 12 1 1 1 10 7 12 1 1 11 7 1 100 1 10 12 1 10 12 1 10 12 1 8 1 10 12 1 1 8 1 10 100 12 1 1 1 8 1 100 1 10 10 12 1 1 10 12 1 10 7 12 1 1 1 10 12 1 8 1 10 100 12 1 1 8 1 8 1 10 12 1 8 1 10 12 1 10 12 1 1 10 12 1 1 1 1 1 1 1 1 1 1 1 1 1 1 1 1 1 1 1 1 1 1 1 1 1 1 1 1 100 1 1 1 1 1 1 1 1 1 1 1 1 1 1 1 1 1 1 1 1 1 1 1 1 1 1 1 1 1 1 1 1 1 1 100 1 100 1 1 1 1 1 1 1 1 1 3 1 1 1
staticfield java/security/AccessController $assertionsDisabled Z 1
instanceKlass jdk/internal/reflect/GeneratedConstructorAccessor22
instanceKlass jdk/internal/reflect/GeneratedConstructorAccessor21
instanceKlass jdk/internal/reflect/GeneratedConstructorAccessor20
instanceKlass jdk/internal/reflect/GeneratedConstructorAccessor19
instanceKlass jdk/internal/reflect/GeneratedConstructorAccessor18
instanceKlass jdk/internal/reflect/GeneratedConstructorAccessor17
instanceKlass jdk/internal/reflect/GeneratedConstructorAccessor16
instanceKlass jdk/internal/reflect/GeneratedConstructorAccessor15
instanceKlass jdk/internal/reflect/GeneratedConstructorAccessor14
instanceKlass jdk/internal/reflect/GeneratedConstructorAccessor13
instanceKlass jdk/internal/reflect/GeneratedConstructorAccessor12
instanceKlass jdk/internal/reflect/GeneratedConstructorAccessor11
instanceKlass jdk/internal/reflect/GeneratedConstructorAccessor10
instanceKlass jdk/internal/reflect/GeneratedConstructorAccessor9
instanceKlass jdk/internal/reflect/GeneratedConstructorAccessor8
instanceKlass jdk/internal/reflect/GeneratedConstructorAccessor7
instanceKlass jdk/internal/reflect/GeneratedConstructorAccessor6
instanceKlass jdk/internal/reflect/GeneratedConstructorAccessor5
instanceKlass jdk/internal/reflect/GeneratedConstructorAccessor4
instanceKlass jdk/internal/reflect/GeneratedConstructorAccessor3
instanceKlass jdk/internal/reflect/GeneratedConstructorAccessor2
instanceKlass jdk/internal/reflect/BootstrapConstructorAccessorImpl
instanceKlass jdk/internal/reflect/GeneratedConstructorAccessor1
instanceKlass jdk/internal/reflect/DelegatingConstructorAccessorImpl
instanceKlass jdk/internal/reflect/NativeConstructorAccessorImpl
ciInstanceKlass jdk/internal/reflect/ConstructorAccessorImpl 1 1 27 10 7 12 1 1 1 100 1 100 1 1 1 1 1 1 1 1 1 100 1 100 1 100 1 1 1
instanceKlass jdk/internal/reflect/FieldAccessorImpl
instanceKlass jdk/internal/reflect/ConstructorAccessorImpl
instanceKlass jdk/internal/reflect/MethodAccessorImpl
ciInstanceKlass jdk/internal/reflect/MagicAccessorImpl 1 1 16 10 7 12 1 1 1 100 1 1 1 1 1 1 1 1
instanceKlass jdk/internal/reflect/GeneratedMethodAccessor2
instanceKlass jdk/internal/reflect/GeneratedMethodAccessor1
instanceKlass jdk/internal/reflect/DelegatingMethodAccessorImpl
instanceKlass jdk/internal/reflect/NativeMethodAccessorImpl
ciInstanceKlass jdk/internal/reflect/MethodAccessorImpl 1 1 25 10 7 12 1 1 1 100 1 100 1 1 1 1 1 1 1 1 1 100 1 100 1 1 1
ciInstanceKlass java/lang/Module 1 1 959 10 7 12 1 1 1 9 7 12 1 1 1 10 7 12 1 1 1 9 12 1 9 12 1 1 9 12 1 1 10 12 1 1 10 12 1 10 12 1 1 10 7 12 1 1 1 7 1 10 7 12 1 1 1 10 12 1 1 11 7 12 1 1 1 10 12 1 1 10 7 12 1 1 1 10 12 1 1 10 7 12 1 1 1 9 100 12 1 1 1 10 100 12 1 1 1 10 12 1 8 1 10 7 12 1 1 1 10 7 12 1 1 1 9 12 1 1 9 12 1 1 10 12 1 9 12 1 1 11 12 1 9 7 12 1 1 10 7 12 1 1 1 10 100 12 1 1 1 10 12 1 1 100 1 100 1 10 10 12 1 1 8 1 10 12 1 10 12 10 12 1 10 12 1 1 10 12 1 1 10 12 1 1 9 7 12 1 1 1 10 12 1 1 10 12 1 1 9 12 1 10 12 1 10 12 1 9 12 1 1 11 7 12 1 1 10 12 1 1 9 12 1 9 12 1 10 12 1 10 12 1 100 1 8 1 10 10 12 1 1 10 12 1 8 1 10 12 1 1 8 1 8 1 10 12 1 1 10 12 1 10 12 1 1 18 12 1 1 10 12 1 1 11 12 1 9 12 1 11 12 10 100 12 1 1 100 1 8 1 10 7 1 11 12 1 1 10 12 1 10 12 1 10 12 1 1 11 12 1 1 11 7 12 1 1 11 12 1 1 9 12 1 11 12 1 10 12 1 1 10 12 1 1 9 12 1 10 12 10 7 12 1 1 10 7 12 1 1 10 7 1 18 12 1 1 11 100 12 1 1 1 18 12 1 11 12 1 1 10 100 12 1 1 1 11 12 1 1 10 7 12 1 1 4 7 1 11 12 1 7 1 7 1 10 10 7 12 1 1 1 10 11 7 12 1 8 1 10 10 12 1 1 10 7 12 1 1 10 12 1 10 12 1 7 1 10 12 1 10 11 12 1 1 10 12 10 12 1 1 9 12 1 100 1 10 10 12 1 1 11 100 1 10 12 1 1 11 12 1 10 10 12 1 11 10 12 1 1 10 12 1 1 10 12 1 1 10 7 12 1 1 10 12 1 10 12 1 1 10 10 12 1 1 10 12 1 18 12 1 11 12 1 18 12 1 10 12 1 10 12 1 10 12 7 1 10 12 1 10 12 1 10 12 1 9 12 1 7 1 10 10 10 10 12 1 10 12 1 10 12 1 10 12 1 1 10 12 1 1 10 12 1 9 12 1 18 12 1 1 10 100 12 1 1 1 100 1 8 1 10 12 1 1 10 12 1 1 10 100 12 1 1 100 1 10 12 1 1 100 1 8 1 100 1 10 100 1 100 1 3 10 12 1 100 1 10 12 1 10 12 1 1 10 12 1 1 100 1 10 12 1 10 12 1 1 100 1 100 1 10 12 8 1 10 12 1 1 10 12 1 1 10 100 12 1 1 10 12 1 1 10 12 1 10 12 10 12 1 1 100 1 10 10 12 1 1 10 100 12 1 1 1 100 1 8 1 10 12 1 1 10 100 12 1 1 8 1 10 12 1 8 1 10 12 1 10 12 10 12 1 8 1 10 10 100 12 1 1 7 1 10 10 12 1 10 7 12 1 1 9 12 1 9 12 1 9 12 1 9 12 1 10 12 11 12 1 10 12 1 100 1 1 1 1 1 1 1 1 1 1 1 1 1 1 1 1 100 1 1 1 1 1 1 1 1 1 1 1 1 1 1 1 1 1 1 1 1 1 1 1 1 1 1 1 1 1 1 1 1 1 1 1 1 1 1 1 1 1 1 1 1 1 1 1 1 1 1 1 1 1 1 1 1 1 1 1 1 1 1 1 1 1 1 1 1 1 1 1 1 1 1 1 1 1 1 1 1 1 1 1 100 100 1 1 1 1 1 1 1 1 1 1 1 1 1 1 1 1 1 1 1 1 1 1 1 1 1 1 1 1 1 1 1 1 1 1 100 1 100 1 100 1 1 1 1 1 1 1 1 1 1 1 1 1 1 1 1 1 1 1 1 1 1 1 1 1 1 1 1 15 10 7 12 1 1 1 16 15 10 12 16 16 15 10 12 16 16 15 10 16 1 15 10 12 16 1 15 10 12 16 1 16 15 10 12 16 1 1 1 1 1 1 1 100 1 100 1 1
staticfield java/lang/Module ALL_UNNAMED_MODULE Ljava/lang/Module; java/lang/Module
staticfield java/lang/Module ALL_UNNAMED_MODULE_SET Ljava/util/Set; java/util/ImmutableCollections$Set12
staticfield java/lang/Module EVERYONE_MODULE Ljava/lang/Module; java/lang/Module
staticfield java/lang/Module EVERYONE_SET Ljava/util/Set; java/util/ImmutableCollections$Set12
staticfield java/lang/Module $assertionsDisabled Z 1
instanceKlass org/springframework/beans/factory/support/ManagedList
ciInstanceKlass java/util/ArrayList 1 1 492 10 7 12 1 1 1 7 1 9 7 12 1 1 1 9 12 1 100 1 100 1 10 8 1 10 12 1 1 10 12 1 10 12 1 1 10 12 1 9 12 1 11 7 12 1 1 1 9 12 1 1 10 12 1 1 7 10 7 12 1 1 1 9 12 1 10 12 1 10 12 1 1 10 7 12 1 1 1 10 7 12 1 1 1 10 12 1 1 10 12 1 1 10 12 1 1 10 12 1 10 12 1 1 100 1 100 1 10 12 1 10 7 12 1 1 1 10 7 12 1 1 10 12 1 10 12 10 12 1 1 10 12 1 1 10 12 1 1 100 1 10 12 1 1 10 12 1 1 10 12 1 100 1 10 11 12 1 1 11 100 12 1 1 1 11 12 1 10 12 1 10 12 1 10 12 1 1 100 1 10 12 1 1 10 10 12 1 1 10 12 1 8 1 8 1 8 1 8 1 10 12 1 1 10 12 1 1 11 12 1 100 1 10 100 12 1 1 10 12 1 10 12 1 1 10 100 12 1 1 10 12 1 10 100 12 1 1 1 11 100 12 1 1 1 10 12 1 100 1 8 1 10 100 1 10 12 1 7 1 10 12 1 10 12 1 1 7 1 10 12 1 10 12 1 1 11 7 12 1 1 7 1 10 12 1 10 12 1 1 11 7 12 1 1 10 12 1 1 10 12 1 1 10 12 1 1 10 12 1 1 11 100 12 1 1 10 12 1 1 100 1 100 1 100 1 1 1 1 5 0 1 3 1 1 1 1 1 1 1 1 1 1 1 1 1 1 1 1 1 1 1 1 1 1 1 1 1 1 1 1 1 1 1 1 1 1 1 1 1 1 1 1 1 1 1 1 1 1 1 1 1 1 1 1 1 1 1 1 1 1 1 1 1 1 1 1 1 1 1 1 1 1 1 1 1 1 1 1 1 1 1 1 1 1 1 1 1 1 1 1 1 1 1 1 1 1 1 1 100 1 1 1 1 100 1 1 1 1 1 1 1 1 1 1 1 1 1 1 1 1 1 1 1 1 1 1 1 1 1 1 1 1 1 100 1 1 1 1 1 1 1 1 1 1 1 1 1 1 1 1 1 1 100 1 100 1 1 1 1 1 1
staticfield java/util/ArrayList EMPTY_ELEMENTDATA [Ljava/lang/Object; 0 [Ljava/lang/Object;
staticfield java/util/ArrayList DEFAULTCAPACITY_EMPTY_ELEMENTDATA [Ljava/lang/Object; 0 [Ljava/lang/Object;
instanceKlass com/fasterxml/jackson/core/util/InternCache
ciInstanceKlass java/util/concurrent/ConcurrentHashMap 1 1 1210 7 1 7 1 3 10 12 1 1 3 100 1 10 7 12 1 1 1 100 1 10 100 12 1 1 1 100 1 11 12 1 1 11 12 1 11 12 1 1 9 12 1 1 9 12 1 1 9 12 1 10 7 12 1 1 1 7 1 10 12 1 1 10 12 1 1 10 7 12 1 1 1 4 10 12 1 9 12 1 10 12 1 1 100 1 10 5 0 10 12 1 10 12 1 1 5 0 10 12 1 1 10 12 1 9 12 1 1 10 12 1 1 9 12 1 9 12 1 1 10 12 1 1 9 12 1 10 12 1 1 9 12 1 1 10 12 1 1 100 1 10 7 1 10 12 1 10 12 1 1 10 12 1 1 10 12 1 1 10 12 1 10 12 1 1 10 12 1 1 100 1 10 12 1 1 7 1 100 1 8 1 10 12 1 10 12 1 1 10 12 1 1 11 7 12 1 1 10 12 1 1 11 12 1 1 11 7 12 1 1 1 11 7 12 1 1 1 11 12 1 7 1 11 12 1 11 12 1 10 12 1 1 10 12 1 1 9 12 1 1 10 100 12 1 1 1 9 10 12 1 1 9 12 1 10 12 1 1 5 0 9 12 1 1 7 1 10 12 1 9 12 1 1 7 1 10 12 1 9 12 1 7 1 10 100 1 10 10 12 1 1 8 1 10 12 1 10 12 1 1 11 100 1 10 12 1 10 100 12 1 1 1 8 1 10 100 12 1 1 1 8 1 10 12 1 8 1 10 12 1 10 12 1 1 10 100 12 1 1 10 12 1 10 12 1 10 12 1 9 12 1 9 10 12 1 9 12 1 1 11 7 12 1 1 1 11 100 12 1 1 1 100 1 10 12 11 100 12 1 1 10 11 7 12 1 10 12 1 100 1 10 12 1 100 1 10 10 9 7 12 1 1 1 10 12 3 10 100 12 1 1 9 12 1 10 12 1 1 9 12 1 1 9 12 1 10 12 1 1 10 7 12 1 1 9 12 1 9 7 12 1 1 10 12 1 1 10 12 1 3 9 12 1 9 12 1 10 12 1 1 7 1 9 3 9 12 1 100 1 10 12 1 9 12 1 10 12 1 9 12 1 10 12 1 9 12 1 10 100 12 1 1 1 100 10 12 1 100 1 5 0 10 100 12 1 1 100 1 10 12 1 1 10 12 1 10 12 1 100 1 10 12 1 10 100 1 100 1 10 10 12 1 10 100 1 10 12 1 10 100 1 10 12 1 10 100 1 10 12 1 1 100 1 10 12 1 10 10 12 1 100 1 10 12 1 10 10 12 1 100 1 10 12 1 10 100 1 10 12 1 10 100 1 10 12 1 10 100 1 10 12 1 10 100 1 10 12 1 10 100 1 10 12 1 10 100 1 10 12 1 10 100 1 10 12 1 10 100 1 10 10 100 1 10 10 100 1 10 10 100 1 10 12 1 10 100 1 10 12 1 10 100 1 10 12 1 10 100 1 10 12 1 10 100 1 10 12 1 10 100 1 10 10 100 1 10 10 100 1 10 10 100 1 10 12 1 10 100 1 10 12 1 10 100 1 10 12 1 10 100 1 10 12 1 10 100 1 10 12 1 10 10 12 1 10 7 12 1 1 1 10 12 1 7 1 7 1 10 12 1 9 12 1 1 9 12 1 1 10 12 1 1 8 10 12 1 1 8 8 8 8 7 10 12 1 1 10 12 1 100 1 8 1 10 7 1 100 1 100 1 1 1 5 0 1 1 3 1 3 1 1 1 1 3 1 3 1 3 1 1 1 1 1 3 1 3 1 3 1 1 1 1 1 1 1 1 1 1 1 1 1 1 1 1 1 1 1 1 1 1 1 1 1 100 1 1 1 1 1 1 1 1 1 1 1 1 1 1 1 1 1 1 1 1 1 1 1 1 1 1 1 1 1 1 1 1 1 1 1 1 1 1 1 1 1 1 1 1 1 1 1 1 1 1 1 1 1 1 1 1 1 1 1 1 1 1 1 1 1 1 1 1 1 1 1 1 1 1 1 1 1 1 1 1 1 1 1 1 100 1 1 1 1 1 1 1 1 1 1 1 100 1 1 1 1 1 1 1 1 1 1 1 1 1 1 1 1 1 1 1 1 1 1 1 1 1 1 1 1 1 1 1 1 1 1 1 1 1 1 1 1 1 1 1 1 1 1 1 1 1 1 1 1 1 1 1 1 1 1 1 1 1 1 1 1 1 1 1 1 1 1 1 1 1 1 1 1 1 1 1 1 1 1 1 1 1 1 1 1 1 1 1 1 1 1 1 1 1 1 1 1 1 1 1 1 1 1 1 1 1 1 1 1 1 1 1 1 1 1 1 1 1 1 1 1 1 1 1 1 1 1 1 1 1 1 1 1 1 1 1 1 1 1 1 1 1 1 1 1 1 1 1 1 1 1 1 1 1 1 1 1 1 1 1 1 1 1 1 1 1 1 1 1 1 1 1 1 1 1 1 1 1 1 1 1 1 1 1 1 1 1 1 1 1 1 1 1 1 1 1 1 1 1 1 1 1 1 1 1 1 1 1 1 1 1 1 1 1 1 1 1 1 1 1 100 1 100 1 100 1 100 1 100 1 100 1 100 1 100 1 100 1 1 1 1 1 1 1 1 1 1 1 1 1 1 1 1 1 1 1 1 1 1 1 1 1 1 1 1 1 1 1 1 1 1 1 1 1 1 1 1 1 1 1 1 1 1 1 1 1 1 1 1 1 1 1 1 1 1
staticfield java/util/concurrent/ConcurrentHashMap NCPU I 12
staticfield java/util/concurrent/ConcurrentHashMap serialPersistentFields [Ljava/io/ObjectStreamField; 3 [Ljava/io/ObjectStreamField;
staticfield java/util/concurrent/ConcurrentHashMap U Ljdk/internal/misc/Unsafe; jdk/internal/misc/Unsafe
staticfield java/util/concurrent/ConcurrentHashMap SIZECTL J 20
staticfield java/util/concurrent/ConcurrentHashMap TRANSFERINDEX J 32
staticfield java/util/concurrent/ConcurrentHashMap BASECOUNT J 24
staticfield java/util/concurrent/ConcurrentHashMap CELLSBUSY J 36
staticfield java/util/concurrent/ConcurrentHashMap CELLVALUE J 144
staticfield java/util/concurrent/ConcurrentHashMap ABASE I 16
staticfield java/util/concurrent/ConcurrentHashMap ASHIFT I 2
ciInstanceKlass java/lang/String 1 1 1396 10 7 12 1 1 1 8 1 9 7 12 1 1 1 9 12 1 1 9 12 1 1 10 12 1 10 12 1 1 10 12 1 1 9 12 1 1 10 7 12 1 1 1 10 7 1 10 7 12 1 1 1 10 12 1 1 10 12 1 1 10 12 1 10 12 1 1 10 12 1 10 7 12 1 1 1 9 7 12 1 1 1 10 7 12 1 1 1 10 12 1 1 10 12 1 1 10 12 1 1 10 12 1 1 10 12 1 1 9 7 12 1 1 10 12 9 7 12 1 1 3 10 7 12 1 1 1 7 1 11 12 1 1 11 12 1 11 12 1 1 10 100 12 1 1 1 10 12 1 1 9 100 12 1 1 1 10 12 1 1 10 12 1 11 12 1 1 10 12 1 1 10 12 10 12 1 1 10 100 12 1 1 1 10 7 12 1 1 1 10 12 1 1 7 1 100 1 10 12 1 10 12 1 10 12 1 1 100 1 10 12 1 1 100 1 10 12 1 1 10 12 1 1 10 10 12 1 100 1 100 1 7 1 10 12 1 10 12 1 1 10 12 1 1 10 12 1 10 12 1 1 10 12 1 1 10 100 12 1 1 100 1 11 11 12 1 11 12 1 10 12 1 1 10 12 1 10 12 10 12 1 1 10 10 100 12 1 1 1 10 100 12 1 1 10 12 1 1 10 100 12 1 1 10 12 1 10 12 1 1 10 12 1 1 10 12 1 10 12 1 10 12 1 1 100 1 10 12 1 1 10 12 10 12 1 10 12 1 1 10 100 12 1 1 1 10 12 1 10 12 1 1 10 12 1 10 12 1 3 3 10 12 1 10 12 1 1 10 12 1 1 10 12 1 1 10 12 1 10 12 1 1 10 12 1 1 10 12 1 10 12 1 10 12 1 10 12 1 1 10 12 1 10 12 1 10 12 1 10 12 1 10 12 1 10 12 1 10 100 1 10 8 1 10 12 1 1 10 12 1 8 1 10 12 1 1 10 12 10 12 1 8 1 10 10 12 1 1 10 12 1 1 10 12 1 10 12 1 1 10 12 10 100 1 10 10 12 1 10 12 1 10 12 1 10 10 12 1 10 12 1 1 10 12 1 100 1 10 10 12 1 100 1 10 10 12 1 10 12 1 1 10 12 1 10 12 1 1 10 10 12 1 1 10 100 1 10 10 12 1 10 12 1 1 10 12 1 1 10 100 1 10 12 1 10 12 1 10 12 1 10 12 1 1 10 12 1 11 7 1 11 12 10 12 1 10 12 1 1 10 12 1 1 10 10 12 1 10 12 1 9 12 1 1 11 7 12 1 1 1 10 10 12 1 10 12 1 1 10 10 12 1 10 12 1 10 12 1 1 9 12 1 10 12 1 1 10 10 12 1 1 10 12 10 10 12 1 10 12 10 10 12 10 10 12 1 10 12 1 10 12 10 10 12 10 12 1 10 12 10 12 10 10 12 1 10 12 1 1 10 12 1 10 10 12 1 10 7 12 1 1 1 10 12 1 1 10 10 7 12 1 1 1 11 10 12 1 10 12 1 1 10 12 1 1 10 7 12 1 1 1 10 12 1 10 10 12 1 10 12 1 10 12 1 10 100 12 1 1 10 12 1 100 1 100 1 8 1 10 10 10 12 1 8 1 10 12 1 3 3 7 1 10 10 12 1 10 12 1 10 12 1 1 10 12 1 1 11 7 12 1 1 1 7 1 10 12 1 1 10 12 1 10 12 1 1 10 12 1 1 8 1 10 12 1 1 10 12 1 11 100 12 1 1 1 11 100 12 1 1 11 12 1 1 10 12 1 10 12 1 1 10 10 7 12 1 1 1 10 12 1 10 12 1 10 10 12 10 12 1 1 10 10 12 1 10 10 12 1 10 10 12 1 10 10 12 1 10 12 1 1 10 10 12 1 8 1 10 12 1 1 18 12 1 1 11 100 12 1 1 1 7 1 3 18 12 1 18 12 1 8 1 10 100 12 1 1 1 11 12 1 1 10 12 10 10 12 1 10 11 12 1 1 10 12 1 1 11 12 1 18 3 11 10 12 1 11 11 10 12 1 10 12 1 1 8 1 10 12 1 10 12 1 10 12 1 1 10 10 12 1 11 100 12 1 7 1 100 1 10 12 1 7 1 10 10 7 12 1 1 1 100 1 10 7 1 10 10 12 1 10 10 12 1 8 1 10 10 12 1 8 1 8 1 10 12 1 10 12 1 10 10 12 10 100 12 1 1 10 100 12 1 1 10 100 12 1 1 8 1 10 12 1 10 12 1 1 10 10 12 8 1 8 1 10 8 1 8 1 8 1 8 1 10 12 1 10 12 1 8 1 10 100 12 1 1 1 10 12 10 12 1 1 10 12 10 10 12 10 12 7 1 9 12 1 1 7 1 10 100 1 100 1 100 1 100 1 1 1 1 1 1 5 0 1 1 1 1 1 3 1 3 1 1 1 1 1 1 1 1 1 1 1 1 1 1 1 100 1 1 1 100 1 1 1 1 1 1 1 1 1 1 1 1 1 1 1 1 1 1 1 1 1 1 1 1 1 1 1 100 1 1 1 1 1 1 1 1 1 100 1 1 1 1 1 1 1 1 1 1 1 1 1 1 1 1 1 1 1 1 1 1 1 1 1 1 1 1 1 1 1 1 1 1 1 1 1 1 1 1 1 1 1 1 1 1 1 1 1 1 1 1 1 1 1 1 1 1 1 1 1 1 1 1 1 1 1 1 1 1 1 1 1 1 1 1 1 1 1 1 1 1 1 1 1 1 1 1 1 1 1 1 1 1 1 1 1 1 1 1 1 1 1 1 1 1 1 1 1 1 1 1 1 1 1 1 1 1 1 1 1 1 1 1 1 1 1 1 1 1 1 1 1 1 1 1 1 1 1 1 1 1 1 1 1 1 1 1 1 1 1 1 1 1 1 1 1 1 1 1 1 1 1 1 1 1 1 1 1 100 1 1 1 1 1 1 1 1 1 1 1 1 1 1 1 1 1 1 1 1 1 1 1 1 100 1 1 1 1 1 1 1 1 1 1 1 1 1 7 1 1 1 1 1 1 1 1 1 1 1 1 1 1 1 15 10 100 12 1 1 1 16 15 10 12 16 15 10 12 15 10 12 15 10 12 1 1 1 1 100 1 100 1 1 1
staticfield java/lang/String COMPACT_STRINGS Z 1
staticfield java/lang/String serialPersistentFields [Ljava/io/ObjectStreamField; 0 [Ljava/io/ObjectStreamField;
staticfield java/lang/String CASE_INSENSITIVE_ORDER Ljava/util/Comparator; java/lang/String$CaseInsensitiveComparator
ciInstanceKlass java/security/ProtectionDomain 1 1 324 10 7 12 1 1 1 9 7 12 1 1 1 7 1 10 9 12 1 1 9 12 1 1 9 12 1 1 10 7 12 1 1 7 1 9 12 1 9 12 1 1 7 1 9 12 1 1 9 12 1 10 100 12 1 1 10 100 12 1 1 1 10 12 1 1 10 12 1 9 12 1 9 100 12 1 1 10 12 1 1 10 100 1 10 12 1 1 8 1 100 1 8 1 10 12 1 10 10 100 12 1 1 1 10 12 1 1 8 1 11 8 1 10 12 1 8 1 8 1 10 12 1 1 10 12 1 10 12 1 1 10 12 1 8 1 10 12 1 8 1 8 1 10 100 12 1 1 1 9 100 12 1 1 1 10 12 1 1 9 100 12 1 1 1 10 100 12 1 1 1 100 1 100 1 10 12 1 10 100 12 1 1 1 10 100 1 10 12 1 10 12 1 1 11 100 12 1 1 11 12 1 100 1 11 100 12 1 1 1 10 12 1 10 11 12 1 1 11 12 1 1 10 12 1 10 7 12 1 1 10 100 12 1 1 11 12 1 10 12 8 1 8 1 10 7 12 1 1 1 7 1 10 10 7 12 1 1 1 1 1 1 1 1 1 1 100 1 1 100 1 1 1 1 1 1 1 1 1 1 1 1 1 1 1 1 1 1 1 1 1 1 1 1 1 1 1 1 1 1 1 1 1 1 1 1 1 1 1 1 1 1 100 1 1 1 1 1 100 1 1 1 1 1
staticfield java/security/ProtectionDomain filePermCompatInPD Z 0
ciInstanceKlass java/security/CodeSource 1 1 395 10 7 12 1 1 1 9 7 12 1 1 1 9 12 1 1 9 12 1 1 9 12 1 1 10 7 12 1 1 1 9 12 1 1 10 7 12 1 1 10 7 10 100 12 1 1 1 10 100 12 1 1 1 10 12 1 1 7 1 10 10 7 12 1 1 1 10 7 12 1 1 1 10 12 1 1 10 12 1 100 1 10 12 1 1 10 12 1 1 10 12 1 1 10 12 1 10 10 10 12 1 1 10 100 12 1 1 1 10 12 1 10 12 1 10 12 1 8 1 10 12 1 10 12 1 10 12 1 1 10 12 1 8 1 10 12 1 1 10 100 1 10 10 12 1 1 8 1 10 12 1 10 12 1 10 12 1 8 1 8 1 9 12 1 1 100 1 8 1 10 12 1 10 12 1 1 8 1 10 12 1 8 1 8 1 8 1 10 100 12 1 1 10 12 1 1 10 12 1 10 12 1 1 10 12 1 1 10 12 1 1 100 1 100 1 10 12 1 10 12 10 12 1 1 10 100 12 1 1 10 12 1 100 1 10 12 10 8 1 10 12 1 10 12 1 10 12 1 1 100 1 10 12 1 1 100 1 100 1 8 1 8 1 10 10 12 1 1 10 100 12 1 1 1 100 1 10 12 10 12 1 1 11 100 12 1 1 10 10 12 1 11 10 12 1 8 1 100 1 10 12 1 10 12 1 1 10 12 1 11 12 1 1 11 100 1 1 1 1 5 0 1 1 1 1 1 1 1 1 1 1 1 1 1 1 1 1 1 1 1 1 1 1 1 1 1 1 1 1 1 1 1 1 1 1 1 1 1 1 1 1 1 1 1 1 1 1 1 1 1 1 1 1 1 1 1 1 1 1 1 1 1 1 1 1 1 100 1 1 1 1 1 1 1
ciInstanceKlass java/lang/StringBuilder 1 1 409 10 7 12 1 1 1 10 12 1 10 12 1 10 12 1 1 10 7 12 1 1 1 10 7 12 1 1 1 10 12 1 10 12 1 10 12 1 10 12 1 10 12 1 10 12 1 10 12 1 10 12 1 10 12 1 10 12 1 10 12 1 10 12 1 10 12 1 10 12 1 1 10 12 1 10 12 1 1 10 12 1 1 10 12 1 10 12 1 10 12 1 10 12 1 10 12 1 10 12 1 10 12 1 10 12 10 12 1 10 12 1 10 12 1 10 12 1 1 10 12 1 10 12 1 10 12 10 12 1 1 10 12 1 1 9 12 1 1 9 12 1 1 10 7 12 1 1 1 10 7 1 10 100 12 1 1 1 10 12 1 10 12 1 1 10 12 1 1 10 10 12 1 1 10 100 12 1 1 10 12 1 10 12 1 1 100 1 100 1 8 1 10 10 12 1 1 10 12 1 1 10 12 1 10 12 1 10 12 1 10 12 1 10 12 1 10 12 1 10 12 1 10 12 1 10 12 1 10 12 1 10 12 1 10 12 1 10 12 1 10 12 1 10 12 1 1 10 12 1 1 10 12 1 10 12 1 10 12 1 10 12 10 12 10 12 1 10 12 1 10 12 1 10 12 10 12 1 10 12 1 10 12 1 10 12 1 10 12 1 10 12 1 10 12 1 10 12 1 10 12 1 1 10 12 1 10 12 1 1 10 12 1 10 12 1 1 10 12 1 10 12 1 1 10 12 1 10 12 1 10 12 1 10 10 12 1 10 12 1 100 1 100 1 100 1 1 1 1 5 0 1 1 1 1 1 1 1 1 1 1 1 1 1 1 1 1 1 1 1 1 1 1 1 1 1 1 1 1 1 1 1 1 1 1 1 1 1 1 1 1 1 1 1 100 1 1 1 100 1 1 1 1 1 1 1 1 1 1
ciInstanceKlass jdk/internal/reflect/Reflection 1 1 376 10 100 12 1 1 1 10 7 12 1 1 1 10 12 1 1 10 7 12 1 1 1 10 100 12 1 1 1 11 100 12 1 1 1 100 1 100 1 10 8 1 10 12 1 1 10 12 1 10 12 1 1 10 12 1 10 7 12 1 1 1 10 12 1 1 10 12 1 1 10 7 12 1 1 1 10 12 1 1 10 12 1 10 12 1 10 12 1 10 12 1 10 12 1 10 7 12 1 1 1 10 12 1 10 12 1 1 10 12 1 1 10 12 1 1 9 12 1 1 10 12 1 1 9 12 1 11 7 12 1 1 100 1 8 1 10 7 1 10 12 1 11 7 12 1 1 1 11 12 1 1 10 12 1 1 7 1 7 1 10 12 1 8 1 11 12 1 1 10 100 12 1 1 1 100 1 11 100 12 1 1 10 7 12 1 1 10 7 12 1 1 1 7 1 10 12 1 1 10 12 1 1 11 100 12 1 1 1 10 12 1 8 1 10 12 1 1 8 1 8 1 8 1 8 1 8 1 10 12 1 8 1 8 1 8 1 8 1 100 1 10 8 1 11 12 1 1 9 12 1 1 7 1 8 1 8 1 11 12 1 7 1 7 1 7 1 7 1 8 1 11 12 1 11 12 1 1 1 1 1 1 1 1 1 1 1 1 1 1 1 1 1 1 1 1 1 1 1 1 1 1 1 1 1 1 1 1 1 1 1 1 1 1 1 1 1 1 1 1 1 1 1 1 1 1 1 1 1 1 1 1 1 1 1 1 1 1 1 1 1 1 1 1 1 1 1 1 1 1 1 1 1 1 1 1 1 1 1 1 1 1 1 1 1 1 1 1 1 100 1 1 1 1 1 1
staticfield jdk/internal/reflect/Reflection ALL_MEMBERS Ljava/util/Set; java/util/ImmutableCollections$Set12
ciInstanceKlass jdk/internal/misc/VM 1 1 314 10 7 12 1 1 1 9 7 12 1 1 1 9 12 1 1 100 1 100 1 10 8 1 10 12 1 1 10 12 1 10 12 1 1 10 12 1 10 12 1 10 12 1 10 12 1 10 12 1 9 12 1 1 9 12 1 1 9 12 1 3 10 7 12 1 1 1 9 12 1 1 100 1 8 1 10 11 7 12 1 1 1 7 1 10 100 12 1 1 1 8 1 8 1 10 12 1 1 8 1 10 12 1 1 10 7 12 1 1 1 10 12 1 1 10 100 12 1 1 1 5 0 8 1 8 1 8 1 10 12 1 1 10 12 1 1 10 7 12 1 1 1 10 12 1 10 12 1 9 12 1 100 1 10 12 1 10 7 12 1 1 9 12 1 9 12 1 9 7 12 1 1 1 9 12 1 9 12 1 9 12 1 9 12 1 9 12 1 10 12 1 10 12 1 10 12 1 10 12 1 10 12 1 9 100 12 1 1 1 5 0 10 1 1 3 1 3 1 3 1 3 1 3 1 1 1 1 1 1 1 3 1 3 1 3 1 1 1 1 1 1 1 100 1 1 1 100 1 1 1 1 1 1 1 1 1 1 1 1 1 1 1 1 1 1 1 1 1 1 1 1 1 1 1 1 1 1 1 1 1 1 1 1 1 1 1 1 1 1 1 1 1 1 1 1 1 1 1 1 1 1 1 1 1 1 100 1 1 100 1 1 1 1
staticfield jdk/internal/misc/VM lock Ljava/lang/Object; java/lang/Object
ciInstanceKlass jdk/internal/loader/ClassLoaders 1 1 183 10 100 12 1 1 1 10 7 12 1 1 1 10 12 1 1 10 100 12 1 1 1 9 7 12 1 1 1 9 12 1 1 9 12 1 1 7 1 11 100 12 1 1 1 100 1 11 12 1 1 11 12 1 1 10 100 12 1 1 1 10 100 12 1 1 1 100 1 100 1 10 7 12 1 1 1 9 12 1 1 10 12 1 1 7 1 10 12 1 1 10 12 1 7 1 8 1 10 7 12 1 1 1 10 12 1 1 7 1 10 12 1 10 12 1 10 12 1 8 1 10 7 12 1 1 8 1 8 1 10 12 1 7 1 10 12 1 10 12 1 10 12 1 1 1 1 1 1 1 1 1 1 1 1 1 1 1 1 1 1 1 1 100 1 1 1 1 1 1 1 1 1 1 1 1 1 1 1 1 1 1 1
staticfield jdk/internal/loader/ClassLoaders JLA Ljdk/internal/access/JavaLangAccess; java/lang/System$2
staticfield jdk/internal/loader/ClassLoaders BOOT_LOADER Ljdk/internal/loader/ClassLoaders$BootClassLoader; jdk/internal/loader/ClassLoaders$BootClassLoader
staticfield jdk/internal/loader/ClassLoaders PLATFORM_LOADER Ljdk/internal/loader/ClassLoaders$PlatformClassLoader; jdk/internal/loader/ClassLoaders$PlatformClassLoader
staticfield jdk/internal/loader/ClassLoaders APP_LOADER Ljdk/internal/loader/ClassLoaders$AppClassLoader; jdk/internal/loader/ClassLoaders$AppClassLoader
ciInstanceKlass jdk/internal/misc/Unsafe 1 1 1285 10 7 12 1 1 1 9 7 12 1 1 1 9 12 1 1 10 12 1 1 10 7 12 1 1 1 10 12 1 1 10 12 1 1 10 12 1 1 10 12 1 1 10 12 1 1 10 12 1 1 10 12 1 1 10 12 1 1 10 12 1 1 10 12 1 1 10 12 1 1 10 12 1 1 10 12 1 1 10 12 1 10 12 1 100 1 10 10 12 1 1 10 12 1 1 5 0 10 12 1 1 10 12 1 1 10 7 12 1 1 1 10 12 1 1 10 12 1 10 12 1 10 12 1 1 10 12 1 1 10 12 1 10 12 1 100 1 100 1 10 8 1 10 12 1 1 10 12 1 8 1 10 12 1 1 10 12 1 10 12 1 10 12 1 1 10 12 1 10 12 1 1 10 12 1 1 10 12 1 10 12 1 10 12 1 10 12 1 1 10 12 1 10 12 1 10 12 1 1 10 12 1 5 0 5 0 5 0 10 12 1 10 12 1 10 12 1 10 12 1 10 12 1 10 12 1 10 12 1 10 12 1 10 12 1 1 10 12 1 10 12 1 100 1 8 1 10 100 1 10 10 12 1 1 10 12 1 1 10 12 1 10 12 1 1 10 12 1 1 10 12 1 10 12 1 1 10 12 1 9 7 12 1 1 9 12 1 100 1 10 10 12 1 1 8 1 10 8 1 8 1 10 12 1 1 9 7 12 1 1 1 9 100 1 9 7 1 9 7 1 9 9 100 1 9 100 1 9 100 1 10 12 1 1 10 12 1 1 10 12 1 1 10 12 1 1 5 0 5 0 9 12 1 1 10 12 1 10 12 1 10 12 1 1 10 12 1 1 10 12 1 8 1 3 10 12 1 1 10 12 1 1 10 12 1 10 12 1 1 10 12 1 1 10 12 1 10 12 1 10 12 1 10 12 1 10 12 1 10 12 1 1 10 12 1 1 10 12 1 10 12 1 10 12 1 10 12 1 10 12 1 10 12 1 1 10 12 1 1 10 12 1 10 12 1 10 12 1 10 12 1 10 12 1 10 12 1 1 10 12 1 1 10 12 1 1 10 12 1 1 10 12 1 10 12 1 10 12 1 10 12 1 10 12 1 10 12 1 10 12 1 1 10 12 1 1 10 12 1 10 12 1 10 12 1 10 12 1 10 12 1 10 12 1 10 12 1 1 10 12 1 1 10 12 1 10 12 1 10 12 1 10 12 1 10 12 1 10 12 1 10 12 1 10 12 1 1 10 12 1 10 12 1 10 12 1 10 12 1 10 12 1 1 10 12 1 10 12 1 10 12 1 10 12 1 10 12 1 10 12 1 10 12 1 10 12 1 1 10 12 1 10 12 1 10 12 1 10 12 1 10 12 1 10 12 1 1 10 12 1 10 12 1 10 12 1 1 10 12 1 10 12 1 10 12 1 10 12 1 10 12 1 10 12 1 10 12 1 10 12 1 10 12 1 10 12 1 10 12 1 10 12 1 10 12 1 10 12 1 10 12 1 10 12 1 10 12 1 10 12 1 10 12 1 10 12 1 10 12 1 10 12 1 100 1 10 100 1 10 9 12 1 5 0 10 12 1 1 5 0 10 12 1 5 0 10 12 1 10 12 1 10 12 1 1 10 12 1 1 10 12 1 10 12 1 10 12 1 10 12 1 1 10 12 1 10 12 1 10 12 1 10 12 1 10 12 1 1 10 12 1 10 12 1 10 12 1 10 12 1 1 10 12 1 10 12 1 10 12 1 1 10 12 1 10 12 1 10 12 1 10 12 1 1 10 12 1 10 10 12 1 1 10 12 1 10 12 1 1 10 12 1 10 12 5 0 5 0 5 0 10 12 1 1 10 12 1 10 12 1 10 12 10 100 12 1 1 8 1 100 1 11 12 1 1 8 1 11 12 1 1 10 100 12 1 1 10 12 1 10 12 1 10 12 1 10 12 1 10 12 1 1 10 12 1 10 12 1 10 12 1 10 12 1 10 12 1 10 12 1 10 7 1 10 12 1 9 12 1 7 1 9 12 1 7 1 9 12 1 7 1 9 12 1 7 1 9 12 1 7 1 9 12 1 7 1 9 12 1 7 1 9 12 1 7 1 9 12 1 10 12 1 9 12 1 9 12 1 9 12 1 9 12 1 9 12 1 9 12 1 9 12 1 9 12 1 9 12 1 9 12 1 1 1 3 1 1 1 1 1 1 1 1 1 1 1 1 1 1 1 1 1 1 1 1 1 1 1 1 1 1 1 1 1 1 1 1 1 1 1 1 1 1 1 1 1 1 1 1 1 1 1 1 1 1 1 1 1 1 1 1 1 1 1 1 1 1 1 1 1 1 1 1 1 1 1 1 1 1 1 1 1 1 1 1 1 1 1 1 1 1 1 1 1 100 1 1 1 1 1 1 1 1 1 1 1 1 1 1 1 1 1 1 1 1 1 1 1 1 1 1 1 1 1 1 1 1 1 1 1 1 1 1 1 1 1 1 1 1 1 1 1 1 1 1 1 1 1 1 1 1 1 1 1 1 1 1 1 1 1 1 1 1 1 1 1 1 1 1 1 1 1 1 1 1 1 1 1 1 1 1 1 1 1 1 1 1 1 1 1 1 1 1 1 1 1 1 1 1 1 1 1 1 1 1 1 1 1 1 1 1 1 1 1 1 1 1 1 1 1 1 1 1 1 1 1 1 1 1 1 1 1 1 1 1 1 1 1 1 1 1 1 1 1 1 1 1 1 1 1 1 1 1 1 1 1 1 1 1 1 1 1 1 1 1 1 1 1 1 1 1 1 1 1 1 1 1 1 1 1 1 1 1 1 1 1 1 1 1 1 1 1 1 1 1 1 1 1 1 1 1 1 3 1 1 1 1 1 1 1 1 1 1 1 1 1 1 1 1 1 1 1 1 1
staticfield jdk/internal/misc/Unsafe theUnsafe Ljdk/internal/misc/Unsafe; jdk/internal/misc/Unsafe
staticfield jdk/internal/misc/Unsafe ARRAY_BOOLEAN_BASE_OFFSET I 16
staticfield jdk/internal/misc/Unsafe ARRAY_BYTE_BASE_OFFSET I 16
staticfield jdk/internal/misc/Unsafe ARRAY_SHORT_BASE_OFFSET I 16
staticfield jdk/internal/misc/Unsafe ARRAY_CHAR_BASE_OFFSET I 16
staticfield jdk/internal/misc/Unsafe ARRAY_INT_BASE_OFFSET I 16
staticfield jdk/internal/misc/Unsafe ARRAY_LONG_BASE_OFFSET I 16
staticfield jdk/internal/misc/Unsafe ARRAY_FLOAT_BASE_OFFSET I 16
staticfield jdk/internal/misc/Unsafe ARRAY_DOUBLE_BASE_OFFSET I 16
staticfield jdk/internal/misc/Unsafe ARRAY_OBJECT_BASE_OFFSET I 16
staticfield jdk/internal/misc/Unsafe ARRAY_BOOLEAN_INDEX_SCALE I 1
staticfield jdk/internal/misc/Unsafe ARRAY_BYTE_INDEX_SCALE I 1
staticfield jdk/internal/misc/Unsafe ARRAY_SHORT_INDEX_SCALE I 2
staticfield jdk/internal/misc/Unsafe ARRAY_CHAR_INDEX_SCALE I 2
staticfield jdk/internal/misc/Unsafe ARRAY_INT_INDEX_SCALE I 4
staticfield jdk/internal/misc/Unsafe ARRAY_LONG_INDEX_SCALE I 8
staticfield jdk/internal/misc/Unsafe ARRAY_FLOAT_INDEX_SCALE I 4
staticfield jdk/internal/misc/Unsafe ARRAY_DOUBLE_INDEX_SCALE I 8
staticfield jdk/internal/misc/Unsafe ARRAY_OBJECT_INDEX_SCALE I 4
staticfield jdk/internal/misc/Unsafe ADDRESS_SIZE I 8
ciInstanceKlass jdk/internal/access/SharedSecrets 1 1 407 10 100 12 1 1 1 9 7 12 1 1 1 8 1 10 7 12 1 1 1 100 1 9 12 1 1 100 1 10 12 1 1 9 12 1 1 9 12 1 1 8 1 9 12 1 1 7 1 9 12 1 1 9 12 1 1 9 12 1 1 7 1 9 12 1 1 7 1 9 12 1 1 100 1 9 12 1 1 100 1 9 12 1 1 100 1 9 12 1 1 7 1 9 12 1 1 9 12 1 1 100 1 100 1 9 12 1 1 100 1 9 12 1 1 100 1 9 12 1 1 7 1 9 12 1 1 9 12 1 1 9 12 1 1 9 12 1 1 100 1 9 12 1 1 100 1 9 12 1 1 9 12 1 1 100 1 9 12 1 1 100 1 9 12 1 1 100 1 9 12 1 1 100 1 9 12 1 1 100 1 9 12 1 1 100 1 10 7 12 1 1 1 10 7 12 1 1 1 100 1 9 12 1 1 1 1 1 1 1 1 1 1 1 1 1 100 1 1 100 1 1 1 1 1 1 1 1 1 1 1 1 1 100 1 1 1 1 1 1 100 1 1 1 1 1 1 1 1 1 1 1 1 1 1 1 100 1 1 1 1 1 100 1 1 1 1 1 1 100 1 1 1 1 1 1 100 1 1 1 1 1 100 1 1 1 1 1 1 100 1 1 1 1 1 1 100 1 1 1 1 1 1 100 1 1 1 1 1 1 100 1 1 1 1 1 1 100 1 1 1 100 1 1 1 1 1 1 1 1 1 1 1 1 1 1 1 1 1 1 1 100 1 1 1 1 1 100 1 1 1 1 1 100 1 1 1 1 1 100 1 1 1 1 1 1 1 1 100 1 1 1 1 1 1 100 1 1 1 1 1 1 1 1 1 1 1 1 1 1 1 100 1 1 1 1 1 1 1 1 1 1 1 100 1 1 1
staticfield jdk/internal/access/SharedSecrets lookup Ljava/lang/invoke/MethodHandles$Lookup; java/lang/invoke/MethodHandles$Lookup
ciInstanceKlass java/lang/reflect/ReflectAccess 1 1 179 10 7 12 1 1 1 7 1 10 12 1 10 7 12 1 1 1 10 12 1 1 10 12 1 1 10 12 1 1 10 12 1 1 10 12 1 1 10 12 1 1 10 12 1 10 7 12 1 1 10 12 1 1 10 12 1 1 10 12 1 10 7 12 1 1 10 12 1 10 7 12 1 1 1 10 12 1 1 10 12 1 1 100 1 100 1 1 1 1 1 1 1 1 1 1 1 1 1 1 1 1 1 1 1 1 1 1 1 1 1 1 1 1 1 1 1 1 1 1 1 1 1 1 1 1 1 1 1 1 1 1 1 1 1 1 1 1 1 1 1 1 1 1 1 1 1 1 1 1 1 1 1 1 1 1 1 1 1 1 1 1 1 1 1 1 1 1 1 1 100 1 100 1 100 1 1 1 1
ciInstanceKlass java/util/Map 1 1 259 11 7 12 1 1 1 11 12 1 1 10 100 12 1 1 11 12 1 1 11 7 12 1 1 1 11 100 12 1 1 1 11 12 1 1 7 1 11 12 1 11 12 1 100 1 100 1 10 12 1 1 11 100 12 1 1 1 11 100 12 1 1 1 11 12 1 11 12 1 10 12 1 1 11 12 1 11 100 12 1 9 7 12 1 1 1 100 1 10 12 7 1 7 1 10 12 1 7 1 10 7 1 11 12 1 1 7 1 11 12 1 1 1 1 1 1 1 1 1 1 1 1 1 1 1 1 1 1 1 1 1 1 1 1 1 1 1 1 1 1 1 1 1 1 1 1 1 1 1 1 1 1 1 1 1 1 1 1 1 1 1 1 1 1 1 1 1 1 1 1 1 1 1 1 1 1 1 1 1 1 1 1 1 1 1 1 1 1 1 1 1 1 1 1 1 1 1 1 1 1 1 1 1 1 1 1 1 1 1 1 1 1 1 1 1 1 1 1 1 1 1 1 1 1 1 1 1 1 1 1 1 1 1 1 1 1 1 1 1 100 1 1 1 1 1 1 1 1 1 1 1 1 1 1 1 1 1 1
ciInstanceKlass java/lang/ThreadGroup 1 1 293 10 7 12 1 1 1 9 7 12 1 1 1 8 1 9 12 1 1 7 1 9 12 1 9 12 1 1 10 12 1 1 10 12 1 1 10 12 1 10 12 1 1 10 12 1 9 12 1 1 10 12 1 1 10 12 1 9 12 1 10 100 12 1 1 1 9 12 1 9 12 1 1 10 7 12 1 1 1 100 10 12 1 1 10 7 12 1 1 1 10 100 12 1 9 12 1 10 12 1 1 10 12 1 1 9 12 1 1 10 12 1 1 10 12 1 10 12 1 10 12 1 1 10 12 1 1 10 12 1 10 12 1 10 10 12 1 10 12 1 10 100 1 10 10 12 1 10 12 1 10 12 1 7 10 12 1 9 12 1 1 10 12 1 1 8 1 10 100 12 1 1 1 10 12 1 1 10 12 1 1 10 12 1 1 11 100 1 100 1 9 12 1 100 1 10 8 1 10 12 1 1 10 12 1 1 8 1 10 12 1 10 100 12 1 1 1 10 12 1 1 10 100 1 8 1 10 8 1 10 12 1 8 1 1 1 1 1 1 1 1 1 1 1 1 1 1 1 1 1 3 1 1 1 1 1 1 1 1 1 1 1 1 1 1 1 1 1 1 1 1 1 1 1 1 1 1 1 1 1 1 1 1 1 1 1 1 1 1 1 1 1 1
ciInstanceKlass java/io/PrintStream 1 1 346 100 1 10 12 1 1 8 1 10 7 12 1 1 1 10 7 12 1 1 1 100 1 100 1 100 1 10 10 7 12 1 1 9 12 1 1 9 12 1 9 12 1 7 1 10 9 12 1 1 7 1 10 12 1 9 12 1 1 10 12 1 10 12 1 8 1 7 1 10 12 1 10 12 1 10 12 1 100 1 10 10 12 1 8 1 10 12 1 9 12 1 1 100 1 8 1 10 10 12 1 1 10 12 1 10 12 1 10 10 10 12 1 1 10 12 1 1 100 1 10 100 12 1 1 1 10 12 1 10 12 1 10 10 12 1 10 12 1 10 10 12 1 10 12 10 7 12 1 1 1 10 12 1 1 10 10 12 1 10 12 1 10 12 1 10 12 1 10 12 1 10 10 12 1 10 10 7 12 1 1 1 10 12 1 10 12 1 1 10 12 1 10 12 10 12 1 10 12 1 10 12 1 10 12 10 12 10 12 10 12 1 1 10 12 1 9 12 1 1 10 100 12 1 1 1 9 100 12 1 1 1 10 100 12 1 1 1 10 12 1 10 12 1 10 12 1 8 1 11 100 12 1 1 1 10 12 1 1 10 12 1 10 12 1 100 1 100 1 1 1 1 1 1 1 1 1 1 1 1 1 1 1 1 100 1 1 1 1 1 1 1 1 100 1 1 1 1 1 1 1 1 1 100 1 1 1 1 1 1 1 1 1 1 1 1 1 1 1 1 1 1 1 1 1 1 1 1 1 1 100 1 1 1 1 1 1 1 1 1 1 1 1 1 1 1
ciInstanceKlass java/lang/System$2 1 1 435 10 7 12 1 1 1 10 7 12 1 1 1 10 12 1 1 10 12 1 1 10 12 1 1 10 12 1 1 10 12 1 1 10 12 1 10 12 1 1 10 12 1 1 7 1 10 100 12 1 1 1 10 100 12 1 1 1 10 12 1 10 12 1 10 7 12 1 1 1 10 12 1 1 10 12 1 1 10 12 1 1 10 12 1 1 10 100 12 1 1 1 10 100 12 1 1 1 10 12 1 7 1 10 12 1 10 12 1 10 12 1 1 10 12 1 10 12 1 1 10 12 1 10 12 1 10 12 1 10 12 1 10 12 1 10 12 1 1 10 12 1 1 10 12 1 10 12 1 1 10 12 1 10 12 1 1 10 7 12 1 1 1 10 12 1 10 12 1 1 10 12 1 10 7 12 1 1 1 10 12 1 1 10 12 1 1 10 12 1 1 10 7 12 1 1 1 10 12 1 1 10 7 12 1 1 1 10 100 12 1 1 1 10 12 1 1 10 7 12 1 1 1 10 12 1 1 10 12 1 1 10 12 1 1 10 12 1 1 10 12 1 1 10 12 1 1 10 12 1 1 8 1 100 1 100 1 1 1 1 1 1 1 1 1 1 1 1 1 1 1 1 1 1 1 1 1 1 1 1 1 1 1 1 1 1 1 1 1 1 1 1 1 1 1 1 1 1 1 1 1 1 1 1 1 1 1 1 1 1 1 1 1 1 1 1 1 1 1 1 1 1 1 1 1 1 1 1 1 1 1 1 1 1 1 1 1 1 1 1 1 1 1 1 1 1 1 1 1 1 1 1 1 1 1 1 1 1 1 1 1 1 1 1 1 1 1 1 1 1 1 1 1 1 1 1 1 1 1 1 1 1 1 1 1 1 1 100 1 1 1 1 1 1 1 1 1 1 1 1 1 1 1 1 1 1 1 1 1 1 1 1 1 1 1 1 1 1 1 1 1 1 1 1 1 1 1 1 1 100 1 12 1 1 1
instanceKlass org/springframework/core/SortedProperties
instanceKlass java/security/Provider
ciInstanceKlass java/util/Properties 1 1 651 10 7 12 1 1 1 100 1 10 7 12 1 1 7 1 10 12 1 9 12 1 1 9 12 1 1 9 12 1 1 10 7 12 1 1 1 10 12 1 1 8 1 10 7 12 1 1 1 7 1 10 12 1 10 12 1 1 8 1 10 12 1 7 1 10 12 10 12 1 1 9 12 1 1 10 12 1 1 7 1 10 12 1 10 12 1 10 12 1 1 100 1 8 1 10 12 1 10 12 1 10 12 1 1 10 12 1 100 1 3 10 10 100 12 1 1 1 10 12 1 10 12 1 1 8 1 10 12 1 10 12 1 1 8 1 10 100 12 1 1 10 12 1 1 10 12 1 10 12 1 1 100 1 10 12 1 10 12 1 1 100 1 9 100 12 1 1 1 10 12 1 10 12 1 1 100 1 10 10 10 12 1 1 11 7 12 1 1 1 11 7 12 1 1 1 11 12 1 1 7 1 11 12 1 11 12 1 10 12 1 1 8 1 10 12 1 10 12 1 100 1 10 10 12 1 1 10 100 12 1 1 9 100 12 1 1 10 12 1 1 10 100 12 1 1 1 100 1 100 1 100 1 10 8 1 8 1 10 12 1 10 12 1 10 12 1 1 10 10 12 1 1 10 12 1 1 7 1 10 10 12 1 11 7 12 1 1 10 7 12 1 1 1 8 1 10 100 12 1 1 11 8 1 10 100 1 11 10 12 1 10 12 1 10 12 1 10 12 1 1 10 12 1 1 10 12 1 1 10 12 1 10 12 1 10 10 12 1 10 12 1 10 12 1 10 10 12 1 1 10 12 1 1 7 1 10 10 12 1 10 12 1 10 12 1 10 12 1 10 12 1 1 10 12 1 1 10 12 1 10 12 1 10 12 1 1 10 12 10 12 1 1 10 12 1 1 10 12 1 10 12 1 1 10 12 1 1 10 12 100 1 10 11 100 12 1 1 4 11 10 12 1 1 10 100 12 1 1 11 12 1 10 12 1 1 10 100 12 1 1 10 12 1 100 1 8 1 10 12 1 10 10 100 12 1 1 1 100 1 6 0 10 12 1 1 11 100 12 1 1 1 10 12 1 10 12 1 1 1 1 1 5 0 1 1 1 1 1 1 1 1 1 1 1 1 1 1 1 1 1 1 1 1 1 1 1 1 1 1 1 1 1 1 1 1 1 1 1 1 1 1 1 1 100 1 1 1 1 1 1 1 1 1 1 1 1 1 1 1 1 1 1 1 1 100 1 1 1 1 1 1 1 100 1 100 1 1 1 1 100 1 1 1 1 1 1 1 1 1 1 1 1 1 1 1 1 1 1 1 1 1 1 1 1 1 1 1 1 1 1 1 1 1 1 1 1 1 1 1 1 1 1 1 1 1 1 1 1 1 1 1 1 1 1 1 1 1 1 1 1 1 1 1 1 1 1 1 1 1 1 1 1 1 1 1 1 100 1 1 1 1 1 1 1 1 1 100 1 1 1
staticfield java/util/Properties UNSAFE Ljdk/internal/misc/Unsafe; jdk/internal/misc/Unsafe
instanceKlass java/util/Hashtable
ciInstanceKlass java/util/Dictionary 1 1 36 10 7 12 1 1 1 100 1 1 1 1 1 1 1 1 1 1 1 1 1 1 1 1 1 1 1 1 1 1 1 1 1 1 1 1
instanceKlass java/util/Properties
ciInstanceKlass java/util/Hashtable 1 1 512 100 1 10 7 12 1 1 1 9 7 12 1 1 1 100 1 100 1 10 8 1 10 12 1 1 10 12 1 10 12 1 1 10 12 1 10 7 12 1 1 1 8 1 10 12 1 9 12 1 1 7 1 9 12 1 1 4 10 7 12 1 1 1 9 12 1 4 10 12 1 11 100 12 1 1 1 10 12 1 1 10 12 1 1 9 12 1 10 12 1 1 100 1 10 9 12 1 1 10 7 12 1 1 1 9 12 1 1 10 12 1 10 12 1 3 9 12 1 9 12 1 3 10 12 1 10 12 1 10 12 1 1 11 12 1 1 11 100 12 1 1 1 11 100 12 1 1 1 11 12 1 100 1 11 12 1 11 12 1 10 12 1 1 10 12 1 1 10 12 1 9 12 1 1 9 12 9 12 1 1 10 100 1 100 1 10 12 1 10 8 1 10 10 12 1 8 1 10 8 1 10 7 12 1 1 1 7 1 10 12 1 10 12 1 7 1 10 12 1 10 12 1 1 100 1 10 100 1 10 10 12 1 1 11 12 1 1 11 12 1 100 1 10 10 10 100 12 1 1 11 100 12 1 1 1 100 1 10 11 100 12 1 1 11 100 12 1 10 12 1 10 12 1 1 10 100 12 1 1 10 12 1 1 10 12 1 1 10 12 1 1 10 100 12 1 1 1 8 10 100 12 1 1 100 1 8 1 10 4 10 12 4 10 12 1 8 1 10 12 10 100 12 1 1 1 100 1 11 100 12 1 1 1 10 100 12 1 1 1 10 12 1 10 12 1 1 10 100 1 100 1 1 1 1 1 1 5 0 1 1 1 1 1 3 1 3 1 3 1 1 1 1 1 1 1 1 1 1 1 1 1 1 1 1 1 1 1 1 1 1 1 1 1 100 1 1 1 1 1 1 1 1 1 1 1 1 1 1 1 1 1 1 1 1 1 1 1 1 1 1 1 1 1 100 1 1 1 1 1 1 1 1 1 1 1 1 1 1 1 1 1 1 1 1 1 1 1 1 1 1 1 1 1 1 1 1 1 1 1 1 1 1 1 1 1 1 1 1 1 1 1 1 1 1 1 1 1 1 1 1 1 1 100 1 1 1 100 1 1 1 1 1 100 1 1 1 1 1 1 1 1 1 1 1 1 1 1 1 1 1 1
ciInstanceKlass java/util/Set 1 1 140 100 1 10 7 12 1 1 1 9 7 12 1 1 1 7 1 10 12 1 1 10 12 1 7 1 7 1 10 12 1 7 1 7 1 7 1 10 12 1 10 12 1 1 11 12 1 1 100 1 1 1 1 1 1 1 1 1 1 1 1 1 1 1 1 1 1 1 1 1 1 1 1 1 1 1 1 1 1 1 1 1 1 1 1 1 1 1 1 1 1 1 1 1 1 1 1 1 1 1 1 1 1 1 1 1 1 1 1 1 1 1 1 1 1 1 1 1 1 1 1 1 1 1 1 1 1 1 1 1 1 1 1 1 1 1 1 1 1 1
instanceKlass sun/nio/ch/ChannelInputStream
instanceKlass com/fasterxml/jackson/core/io/MergedStream
instanceKlass sun/net/www/http/ChunkedInputStream
instanceKlass sun/nio/ch/NioSocketImpl$1
instanceKlass java/net/Socket$SocketInputStream
instanceKlass java/util/jar/JarVerifier$VerifierStream
instanceKlass java/util/zip/ZipFile$ZipFileInputStream
instanceKlass java/io/FilterInputStream
instanceKlass java/io/FileInputStream
instanceKlass java/io/ByteArrayInputStream
ciInstanceKlass java/io/InputStream 1 1 184 100 1 10 7 12 1 1 1 100 1 10 10 7 12 1 1 1 10 7 12 1 1 1 10 12 1 100 1 3 10 12 1 1 100 1 8 1 10 12 1 10 7 12 1 1 1 3 100 1 8 1 10 10 7 12 1 1 1 7 1 10 11 7 12 1 1 1 10 12 1 1 11 12 1 1 11 7 12 1 1 1 11 12 1 1 7 1 10 7 12 1 1 1 5 0 10 12 1 10 12 1 1 100 1 10 8 1 10 8 1 8 1 10 12 1 1 10 100 12 1 1 1 100 1 1 1 1 3 1 3 1 1 1 1 1 1 1 1 1 1 1 1 1 1 1 1 1 1 1 1 1 1 1 1 1 1 1 1 1 1 1 1 1 1 1 1 1 1 1 1 1 1 1 1 1 1 1 1 1 1 1 1 1
ciInstanceKlass java/io/ByteArrayInputStream 1 1 96 10 7 12 1 1 1 9 7 12 1 1 1 9 12 1 1 9 12 1 9 12 1 10 100 12 1 1 1 10 7 12 1 1 1 10 7 12 1 1 1 10 100 12 1 1 1 10 12 1 1 10 100 12 1 1 1 1 1 1 1 1 1 1 1 1 1 1 1 1 1 1 1 1 1 1 1 1 1 1 1 100 1 1 1 1 1 1 1 1 1 1 1 1 1 1
instanceKlass org/springframework/context/support/AbstractApplicationContext$1
instanceKlass java/util/logging/LogManager$Cleaner
instanceKlass org/springframework/boot/devtools/restart/RestartLauncher
instanceKlass org/springframework/boot/devtools/restart/Restarter$LeakSafeThread
instanceKlass jdk/internal/misc/InnocuousThread
instanceKlass java/lang/ref/Finalizer$FinalizerThread
instanceKlass java/lang/ref/Reference$ReferenceHandler
ciInstanceKlass java/lang/Thread 1 1 612 9 7 12 1 1 1 9 12 1 1 10 12 1 1 9 12 1 1 9 12 1 1 100 1 8 1 10 12 1 1 3 8 1 100 1 5 0 10 12 1 1 10 7 12 1 1 9 12 1 1 9 12 1 9 12 1 1 9 12 1 100 1 8 1 10 9 12 1 1 10 7 12 1 1 1 10 100 12 1 1 1 10 10 7 12 1 1 10 12 1 1 10 12 1 1 9 100 12 1 1 1 10 12 1 1 10 12 1 9 12 1 1 10 12 1 1 10 12 1 1 9 12 1 10 12 1 1 9 12 1 1 10 7 12 1 1 1 9 12 1 1 9 12 1 1 10 12 1 1 10 7 12 1 1 1 9 12 1 10 12 1 1 9 12 1 100 1 10 7 1 10 8 1 10 12 1 1 10 12 1 10 12 1 10 12 1 1 10 12 1 10 12 1 9 12 1 100 1 10 10 12 1 1 10 12 1 10 12 1 100 1 11 7 12 1 1 9 7 12 1 1 1 10 12 1 10 12 1 10 12 9 12 1 1 10 9 12 1 10 12 1 100 1 10 10 12 1 1 9 12 1 10 12 1 11 100 12 1 1 10 12 1 9 12 1 10 12 1 10 12 1 10 10 12 1 10 12 1 10 12 1 10 12 1 10 12 1 1 100 1 10 10 12 1 10 12 1 10 12 1 9 100 12 1 1 1 10 12 1 1 10 12 1 7 1 8 1 10 10 12 1 10 12 8 1 10 12 1 8 1 10 8 1 8 1 10 100 12 1 1 10 100 12 1 1 1 100 1 8 1 10 9 12 1 9 12 1 1 10 12 1 1 10 10 12 1 1 9 12 1 10 12 1 1 100 1 10 12 11 100 12 1 1 1 9 100 12 1 1 1 9 12 1 1 10 12 1 1 100 1 10 12 1 11 100 12 1 1 1 100 1 10 12 1 10 12 1 1 11 12 1 10 12 1 100 1 10 12 1 10 12 1 1 10 7 12 1 1 1 8 1 9 12 1 10 12 1 1 11 100 12 1 1 1 10 100 12 1 1 1 11 12 1 10 12 1 7 1 1 1 1 3 1 3 1 3 1 1 1 1 1 1 1 1 1 1 1 1 1 1 1 1 1 1 1 100 1 1 1 1 1 1 1 1 1 1 1 1 100 1 100 1 1 1 1 1 1 1 1 1 1 1 1 1 1 1 1 1 1 1 1 1 1 1 1 1 1 1 1 1 1 1 1 1 1 1 1 1 1 1 1 1 1 1 100 100 1 1 1 1 1 1 1 1 1 100 1 1 1 1 1 1 1 1 1 1 1 1 1 1 1 1 1 1 1 1 1 1 1 1 1 1 1 1 100 1 1 1 1 1 1 100 1 1 100 1 1 1 1 1 1
staticfield java/lang/Thread EMPTY_STACK_TRACE [Ljava/lang/StackTraceElement; 0 [Ljava/lang/StackTraceElement;
ciInstanceKlass java/lang/invoke/MethodHandleStatics 1 1 312 10 100 12 1 1 1 9 7 12 1 1 1 9 12 1 9 12 1 9 12 1 9 12 1 9 12 1 9 100 12 1 1 1 100 1 10 8 1 10 12 1 1 10 100 12 1 1 1 8 1 10 100 12 1 1 1 10 12 1 1 8 1 8 1 10 12 1 10 100 12 1 1 1 10 7 12 1 1 1 8 1 10 12 1 1 8 1 8 1 8 1 8 1 10 12 1 1 100 1 10 12 10 12 1 10 12 1 100 1 10 10 12 1 1 100 1 10 10 12 1 100 1 100 1 8 1 8 1 10 12 1 8 1 100 1 10 12 1 8 1 10 10 12 1 10 7 12 1 1 1 9 12 1 1 10 7 12 1 1 1 8 1 10 7 12 1 1 10 7 12 1 1 1 8 1 8 1 8 1 8 1 8 1 8 1 10 12 1 10 7 12 1 1 1 9 12 1 1 8 1 8 1 8 1 8 1 9 12 1 8 1 9 12 1 8 1 8 1 9 12 1 8 1 8 1 9 12 1 8 1 9 12 1 8 1 9 12 1 8 1 8 1 9 12 1 8 1 10 12 1 1 1 1 1 1 1 1 1 1 1 1 1 1 1 1 1 1 1 1 1 100 1 100 1 100 1 1 1 1 1 1 1 1 1 1 1 1 1 1 1 1 1 1 1 1 1 1 1 1 1 1 1 1 1 1 1 1 1 1 1 1
staticfield java/lang/invoke/MethodHandleStatics UNSAFE Ljdk/internal/misc/Unsafe; jdk/internal/misc/Unsafe
staticfield java/lang/invoke/MethodHandleStatics DEBUG_METHOD_HANDLE_NAMES Z 0
staticfield java/lang/invoke/MethodHandleStatics DUMP_CLASS_FILES Z 0
staticfield java/lang/invoke/MethodHandleStatics TRACE_INTERPRETER Z 0
staticfield java/lang/invoke/MethodHandleStatics TRACE_METHOD_LINKAGE Z 0
staticfield java/lang/invoke/MethodHandleStatics TRACE_RESOLVE Z 0
staticfield java/lang/invoke/MethodHandleStatics COMPILE_THRESHOLD I 0
staticfield java/lang/invoke/MethodHandleStatics LOG_LF_COMPILATION_FAILURE Z 0
staticfield java/lang/invoke/MethodHandleStatics DONT_INLINE_THRESHOLD I 30
staticfield java/lang/invoke/MethodHandleStatics PROFILE_LEVEL I 0
staticfield java/lang/invoke/MethodHandleStatics PROFILE_GWT Z 1
staticfield java/lang/invoke/MethodHandleStatics CUSTOMIZE_THRESHOLD I 127
staticfield java/lang/invoke/MethodHandleStatics VAR_HANDLE_GUARDS Z 1
staticfield java/lang/invoke/MethodHandleStatics MAX_ARITY I 255
staticfield java/lang/invoke/MethodHandleStatics VAR_HANDLE_IDENTITY_ADAPT Z 0
ciMethod java/lang/System getSecurityManager ()Ljava/lang/SecurityManager; 424 0 45788 0 -1
ciInstanceKlass java/lang/StringLatin1 1 1 380 7 1 10 100 12 1 1 1 100 1 10 12 1 10 7 12 1 1 1 10 7 12 1 1 1 10 12 1 10 7 12 1 1 1 10 12 1 1 10 7 12 1 1 1 10 12 1 1 10 12 1 1 10 10 12 1 10 12 1 1 10 9 7 12 1 1 1 10 12 1 1 10 7 12 1 1 1 10 12 10 12 1 1 10 12 1 1 10 12 1 1 10 7 12 1 1 1 10 12 1 10 12 1 1 9 12 1 1 100 1 10 10 100 12 1 1 1 10 7 12 1 1 1 10 12 1 10 12 1 100 1 100 1 8 1 10 12 1 8 1 10 12 100 1 10 10 10 7 12 1 1 1 8 1 8 1 8 1 10 12 1 1 10 100 12 1 1 10 12 1 10 12 1 1 10 12 1 1 10 12 1 1 10 12 1 10 12 10 12 10 12 1 10 12 10 10 12 1 10 12 1 10 12 1 10 100 12 1 1 1 10 100 12 1 1 1 10 12 1 1 10 12 1 1 10 10 7 12 1 1 1 1 1 1 1 1 1 1 1 1 1 1 1 1 1 1 1 1 1 1 1 1 1 1 1 1 1 1 1 1 1 1 1 1 1 1 1 1 1 1 1 1 1 1 1 1 1 1 1 1 100 1 1 1 1 1 1 1 1 1 1 1 1 1 1 1 1 1 1 1 1 1 1 1 1 1 1 1 1 1 1 1 1 1 1 1 1 1 1 1 1 1 1 1 1 100 1 1 1 1 1 1 1 1 1 1 1 1 1 1 1 1 1 1 1 1 1 100 1 1 1 1 1 1 1 1 1 1 1 1 1 1 1 1 1 1 1 1 1 1 1 1 1 1 100 1 1 1 1
staticfield java/lang/StringLatin1 $assertionsDisabled Z 1
ciInstanceKlass java/lang/Math 1 1 395 10 100 12 1 1 1 10 7 12 1 1 1 10 12 1 10 12 1 10 12 1 10 12 1 10 12 1 7 1 6 0 6 0 10 12 1 10 12 1 10 12 1 10 12 1 10 12 1 10 12 1 1 10 12 1 10 12 1 10 12 1 10 12 1 10 12 1 10 7 12 1 1 1 100 1 3 3 3 10 7 12 1 1 1 100 1 5 0 5 0 5 0 5 0 5 0 9 100 12 1 1 1 10 100 12 1 1 1 100 1 8 1 10 12 1 8 1 10 12 1 1 10 12 1 1 100 1 5 0 5 0 100 1 3 5 0 3 5 0 10 12 1 10 12 1 8 1 10 12 1 8 1 9 12 1 1 9 12 1 10 12 1 1 6 0 10 12 1 9 12 1 1 100 1 10 10 12 1 100 1 10 12 1 10 12 1 1 10 12 1 10 12 1 10 12 1 10 12 1 1 10 12 1 1 10 12 1 1 10 12 6 0 10 12 1 1 10 12 1 1 10 12 10 12 1 4 10 12 1 1 10 12 1 10 12 1 10 12 10 12 1 10 12 1 10 12 1 10 12 1 10 12 1 10 12 1 10 12 1 5 0 6 0 4 6 0 4 6 0 4 10 12 1 1 9 12 1 1 10 12 1 9 12 1 10 7 12 1 1 1 4 6 0 1 1 6 0 1 6 0 1 1 1 1 1 1 1 1 1 1 1 1 1 1 1 1 1 1 1 1 1 1 1 1 1 1 1 1 1 1 1 1 1 1 1 1 1 1 1 1 1 1 1 1 1 1 1 1 1 1 1 1 1 1 1 1 1 1 1 1 1 1 1 1 1 1 1 1 1 1 1 1 1 1 1 1 1 1 1 1 1 1 1 1 1 1 1 1 1 1 1 1 1 1
staticfield java/lang/Math negativeZeroFloatBits J -2147483648
staticfield java/lang/Math negativeZeroDoubleBits J -9223372036854775808
staticfield java/lang/Math $assertionsDisabled Z 1
ciInstanceKlass java/util/Arrays 1 1 988 10 7 12 1 1 1 10 100 12 1 1 1 10 7 12 1 1 1 10 12 1 10 12 1 10 12 1 10 12 1 10 12 1 10 12 1 10 100 12 1 1 1 100 1 100 1 10 8 1 10 12 1 1 10 12 1 8 1 8 1 10 12 1 1 10 12 1 100 1 10 12 1 9 100 12 1 1 1 10 7 12 1 1 100 1 10 12 1 1 10 7 12 1 1 10 7 12 1 1 1 100 1 10 12 1 10 12 1 1 7 1 9 7 12 1 1 1 10 12 1 1 10 7 12 1 1 10 12 1 10 12 1 1 10 12 1 10 12 1 1 7 1 11 12 1 1 10 12 1 10 7 12 1 1 1 10 12 10 12 1 10 12 1 10 12 10 12 1 11 100 12 1 1 1 10 7 12 1 1 1 100 1 10 12 1 10 100 1 10 12 1 10 100 1 10 12 1 10 100 1 10 12 1 10 10 12 1 1 10 12 1 10 12 1 10 12 1 10 12 1 10 12 1 10 100 12 1 1 1 10 12 1 10 100 12 1 1 1 10 12 1 10 12 1 10 7 12 1 1 1 10 12 1 10 12 1 10 12 1 10 12 1 10 12 1 10 12 1 10 12 1 10 12 1 10 12 1 10 12 1 10 12 1 10 12 1 10 12 1 10 12 1 10 12 1 10 12 1 1 10 12 1 1 10 7 12 1 1 1 10 12 1 8 1 7 1 10 12 10 12 1 10 12 1 1 10 12 1 1 9 100 12 1 1 1 100 1 10 12 1 9 100 1 100 1 10 12 1 9 100 1 100 1 10 12 1 9 100 1 100 1 10 12 1 9 100 1 100 1 10 12 1 9 100 1 100 1 10 12 1 9 100 1 10 12 1 100 1 10 12 1 10 12 1 9 12 1 100 1 10 10 12 1 1 10 12 1 10 12 1 10 12 1 10 12 1 10 12 1 10 12 1 10 12 1 10 12 1 10 12 1 8 1 8 1 10 12 1 10 12 1 8 1 10 12 1 10 12 1 10 12 1 10 100 12 1 1 1 3 10 100 1 10 10 12 1 1 11 100 12 1 1 10 12 1 1 10 12 1 10 12 1 10 12 1 10 12 1 10 12 1 10 12 1 10 12 1 10 12 1 11 12 1 8 1 10 11 12 1 11 100 12 1 1 1 11 100 12 1 1 1 11 12 1 1 18 12 1 1 11 12 1 1 11 100 12 1 1 1 18 12 1 11 100 12 1 1 1 18 12 1 11 100 12 1 1 1 18 12 1 100 1 10 7 12 1 1 1 10 12 1 10 12 1 10 12 1 10 12 1 10 12 1 10 12 1 10 12 1 10 12 1 1 10 12 1 10 7 12 1 1 10 12 1 10 12 1 10 12 1 1 10 12 1 10 12 1 10 12 1 1 10 12 1 10 12 1 10 12 1 1 10 12 1 10 12 1 10 12 1 10 12 1 10 12 10 12 1 10 12 10 12 10 12 1 10 12 10 12 1 10 12 1 10 12 1 1 1 1 3 1 3 1 1 1 1 1 1 1 1 1 1 1 1 1 1 1 1 1 1 1 1 1 1 1 1 1 1 1 1 1 1 1 1 1 1 1 1 1 1 1 1 1 1 1 1 1 1 1 1 1 1 1 1 1 1 1 1 1 1 1 1 1 1 1 1 1 1 1 1 1 1 1 1 1 1 1 1 1 1 1 1 1 1 1 1 1 1 1 1 1 1 1 1 1 1 1 1 1 1 1 1 1 1 1 1 1 1 1 1 1 1 1 1 1 1 1 1 1 1 1 1 1 1 1 1 1 1 1 1 1 1 1 1 1 1 1 1 1 1 1 1 1 1 1 1 1 1 1 1 1 1 1 1 1 1 1 1 1 1 1 1 1 1 1 1 1 1 1 1 1 1 1 1 1 1 1 1 1 1 1 1 1 1 1 1 1 1 1 1 1 1 1 1 1 1 1 1 1 1 1 1 1 1 1 1 1 1 1 1 1 1 1 1 1 1 1 1 1 1 1 1 1 1 1 1 1 1 1 1 1 1 1 1 1 1 1 1 1 1 1 1 1 1 1 1 1 1 1 1 1 1 1 1 1 1 1 1 1 1 1 1 1 100 1 1 15 10 100 12 1 1 1 16 15 10 12 15 10 12 15 10 12 15 10 12 1 1 100 1 100 1 1 1 1 100 1 1 1 1 1 1 100 1 1 100 1 1 100 1 1 1 100 1 100 1 1
staticfield java/util/Arrays $assertionsDisabled Z 1
ciMethod java/lang/StringLatin1 equals ([B[B)Z 510 518 6480 0 -1
ciMethod java/lang/StringLatin1 hashCode ([B)I 260 5224 1193 0 384
ciMethod java/lang/StringLatin1 charAt ([BI)C 594 0 741881 0 128
ciInstanceKlass java/lang/StringUTF16 1 1 598 100 1 7 1 10 100 12 1 1 1 100 1 10 7 1 3 100 1 100 1 10 8 1 10 12 1 1 10 12 1 8 1 10 12 1 1 10 12 1 9 12 1 1 10 12 1 1 100 1 8 1 10 12 1 9 12 1 1 9 12 1 10 10 12 1 1 10 12 1 1 10 100 12 1 1 1 10 12 1 10 12 1 1 10 12 1 1 10 12 1 1 10 12 1 1 10 12 1 10 12 1 1 10 12 1 1 10 12 1 1 10 12 1 1 10 12 1 10 12 1 10 12 1 1 10 12 1 100 1 10 12 1 10 10 12 1 1 10 12 1 10 12 1 1 10 12 1 10 100 12 1 1 1 10 100 12 1 1 1 10 12 10 12 1 1 10 12 1 10 12 1 1 10 12 1 1 10 12 1 10 12 1 10 12 1 3 10 12 1 1 10 12 1 10 12 1 10 12 1 10 12 1 10 12 1 10 12 1 1 9 12 1 10 12 1 10 12 1 10 12 1 10 12 1 10 12 1 10 10 12 10 12 10 10 100 12 1 1 1 10 7 12 1 1 1 10 12 1 10 12 1 100 1 8 1 8 1 10 12 1 1 100 1 10 10 100 12 1 1 1 10 100 12 1 1 8 1 8 1 8 1 10 12 1 1 10 12 1 1 10 12 10 12 1 10 100 12 1 1 10 12 1 1 10 12 1 1 10 12 1 10 12 10 12 10 12 1 10 12 10 12 1 10 12 1 10 12 1 10 12 1 10 12 1 10 100 12 1 1 1 10 100 12 1 1 1 10 12 1 1 10 12 1 1 11 100 12 1 1 10 12 1 10 12 1 10 12 1 1 9 12 1 1 9 12 1 5 0 5 0 10 12 1 10 12 10 12 10 7 12 1 1 1 10 12 1 1 1 1 1 1 1 1 1 1 1 1 1 1 1 1 1 1 1 1 1 1 1 1 1 1 1 1 1 1 1 100 1 1 1 1 1 1 1 1 1 1 1 1 1 1 1 1 1 1 1 1 1 1 1 1 1 1 1 1 1 1 1 1 1 1 1 1 1 1 1 1 1 1 1 1 1 1 1 1 1 1 1 1 1 1 1 1 1 1 1 1 1 1 1 1 1 1 1 1 1 1 1 1 1 1 1 1 1 1 1 1 1 1 100 1 1 1 1 1 1 1 1 1 1 1 1 1 1 1 1 1 100 1 1 1 1 1 1 1 1 1 1 1 1 1 1 1 1 1 1 1 1 1 1 1 1 1 1 1 1 1 1 1 1 1 1 1 1 1 1 1 1 1 1 1 1 1 1 1 1 1 1 1 1 1 1 1 1 1 1 1 1 1 100 1 100 1 1 1 1 1
staticfield java/lang/StringUTF16 HI_BYTE_SHIFT I 0
staticfield java/lang/StringUTF16 LO_BYTE_SHIFT I 8
staticfield java/lang/StringUTF16 $assertionsDisabled Z 1
ciMethod java/lang/StringUTF16 hashCode ([B)I 0 0 1 0 -1
ciMethod java/lang/StringUTF16 checkIndex (I[B)V 0 0 86 0 -1
ciMethod java/lang/StringUTF16 getChar ([BI)C 512 0 10122 0 -1
ciMethod java/lang/StringUTF16 charAt ([BI)C 0 0 4 0 0
instanceKlass java/lang/Exception
instanceKlass java/lang/Error
ciInstanceKlass java/lang/Throwable 1 1 393 10 7 12 1 1 1 9 7 12 1 1 1 9 12 1 1 9 12 1 9 12 1 1 9 12 1 10 12 1 1 9 12 1 1 10 12 1 1 10 12 1 100 1 100 1 10 8 1 10 12 1 1 8 1 10 100 12 1 1 10 10 12 1 100 1 8 1 10 10 12 1 1 10 7 12 1 1 10 12 1 8 1 9 100 12 1 1 1 10 12 1 1 100 1 10 12 10 12 1 100 1 10 10 7 12 1 1 1 11 100 12 1 1 1 10 100 12 1 1 1 10 12 1 1 10 12 1 1 8 1 10 12 1 10 12 1 1 8 1 8 1 10 12 1 1 10 12 1 8 1 8 1 9 12 1 1 10 100 12 1 1 100 1 10 11 12 1 8 1 8 1 10 7 12 1 1 8 1 10 12 1 8 1 100 1 10 12 1 9 12 1 1 10 12 1 10 7 12 1 9 12 1 1 10 12 1 1 100 1 8 1 10 12 1 10 100 12 1 1 10 12 1 1 100 1 10 100 12 1 1 1 10 12 1 11 100 12 1 1 1 11 100 12 1 1 1 11 12 1 8 1 10 12 1 1 8 1 10 10 9 100 12 1 1 1 8 1 10 12 1 1 10 100 1 8 1 10 11 12 1 1 8 1 9 12 1 10 100 12 1 1 11 9 12 1 1 11 12 1 1 100 10 12 1 10 12 1 1 100 1 1 1 1 5 0 1 1 1 1 1 1 1 1 1 1 1 1 1 100 1 1 1 1 1 1 1 1 1 1 1 1 1 1 1 1 1 1 1 1 1 1 1 1 1 1 1 1 1 1 1 1 1 1 1 1 1 1 1 1 1 1 100 1 100 1 1 1 1 1 1 1 1 1 1 1 1 1 1 1 1 1 1
staticfield java/lang/Throwable UNASSIGNED_STACK [Ljava/lang/StackTraceElement; 0 [Ljava/lang/StackTraceElement;
staticfield java/lang/Throwable SUPPRESSED_SENTINEL Ljava/util/List; java/util/Collections$EmptyList
staticfield java/lang/Throwable EMPTY_THROWABLE_ARRAY [Ljava/lang/Throwable; 0 [Ljava/lang/Throwable;
staticfield java/lang/Throwable $assertionsDisabled Z 1
instanceKlass java/util/concurrent/ExecutionException
instanceKlass org/springframework/expression/AccessException
instanceKlass javax/xml/parsers/ParserConfigurationException
instanceKlass org/xml/sax/SAXException
instanceKlass sun/security/pkcs11/wrapper/PKCS11Exception
instanceKlass java/security/PrivilegedActionException
instanceKlass org/apache/catalina/LifecycleException
instanceKlass jakarta/servlet/ServletException
instanceKlass ch/qos/logback/core/spi/ScanException
instanceKlass java/beans/IntrospectionException
instanceKlass java/lang/CloneNotSupportedException
instanceKlass java/text/ParseException
instanceKlass sun/nio/fs/WindowsException
instanceKlass javax/naming/NamingException
instanceKlass java/security/GeneralSecurityException
instanceKlass java/net/URISyntaxException
instanceKlass java/util/concurrent/TimeoutException
instanceKlass java/lang/InterruptedException
instanceKlass ch/qos/logback/core/boolex/EvaluationException
instanceKlass ch/qos/logback/core/util/DynamicClassLoadingException
instanceKlass ch/qos/logback/core/util/IncompatibleClassException
instanceKlass ch/qos/logback/core/joran/spi/JoranException
instanceKlass java/io/IOException
instanceKlass java/lang/ReflectiveOperationException
instanceKlass java/lang/RuntimeException
ciInstanceKlass java/lang/Exception 1 1 40 10 7 12 1 1 1 10 12 1 10 12 1 10 12 1 10 12 1 100 1 1 1 1 5 0 1 1 1 1 1 1 1 1 1 1 1 1 1 1
instanceKlass java/lang/reflect/InvocationTargetException
instanceKlass java/lang/IllegalAccessException
instanceKlass java/lang/InstantiationException
instanceKlass java/lang/NoSuchFieldException
instanceKlass java/lang/NoSuchMethodException
instanceKlass java/lang/ClassNotFoundException
ciInstanceKlass java/lang/ReflectiveOperationException 1 1 34 10 7 12 1 1 1 10 12 1 10 12 1 10 12 1 100 1 1 1 1 5 0 1 1 1 1 1 1 1 1 1 1 1
ciInstanceKlass java/lang/NoSuchMethodException 1 1 26 10 7 12 1 1 1 10 12 1 100 1 1 1 1 5 0 1 1 1 1 1 1 1 1 1
ciMethod java/lang/Throwable printStackTrace (Ljava/io/PrintStream;)V 0 0 1 0 -1
instanceKlass org/springframework/objenesis/ObjenesisException
instanceKlass org/springframework/cglib/core/CodeGenerationException
instanceKlass org/springframework/boot/autoconfigure/condition/OnBeanCondition$BeanTypeDeductionException
instanceKlass org/springframework/boot/context/properties/source/MutuallyExclusiveConfigurationPropertiesException
instanceKlass org/springframework/expression/spel/InternalParseException
instanceKlass org/springframework/expression/ExpressionException
instanceKlass java/security/ProviderException
instanceKlass java/util/concurrent/CompletionException
instanceKlass org/apache/juli/logging/LogConfigurationException
instanceKlass jakarta/validation/ValidationException
instanceKlass java/lang/reflect/MalformedParametersException
instanceKlass java/nio/file/FileSystemNotFoundException
instanceKlass org/springframework/boot/context/properties/bind/UnboundConfigurationPropertiesException
instanceKlass org/springframework/boot/context/config/ConfigDataException
instanceKlass org/springframework/boot/context/properties/bind/BindException
instanceKlass org/springframework/cloud/commons/ConfigDataMissingEnvironmentPostProcessor$ImportException
instanceKlass java/util/ConcurrentModificationException
instanceKlass java/time/DateTimeException
instanceKlass org/springframework/boot/context/properties/source/InvalidConfigurationPropertyValueException
instanceKlass java/util/MissingResourceException
instanceKlass org/springframework/cglib/core/ClassNameReader$EarlyExitException
instanceKlass org/springframework/boot/devtools/restart/SilentExitExceptionHandler$SilentExitException
instanceKlass java/lang/reflect/InaccessibleObjectException
instanceKlass java/util/concurrent/RejectedExecutionException
instanceKlass org/springframework/core/NestedRuntimeException
instanceKlass java/lang/TypeNotPresentException
instanceKlass org/springframework/boot/context/properties/source/InvalidConfigurationPropertyNameException
instanceKlass java/util/NoSuchElementException
instanceKlass java/lang/reflect/UndeclaredThrowableException
instanceKlass java/io/UncheckedIOException
instanceKlass ch/qos/logback/core/LogbackException
instanceKlass java/lang/IndexOutOfBoundsException
instanceKlass java/lang/SecurityException
instanceKlass java/lang/UnsupportedOperationException
instanceKlass java/lang/IllegalStateException
instanceKlass org/springframework/boot/SpringApplication$AbandonedRunException
instanceKlass org/springframework/boot/AotInitializerNotFoundException
instanceKlass java/lang/IllegalArgumentException
instanceKlass java/lang/ArithmeticException
instanceKlass java/lang/NullPointerException
instanceKlass java/lang/IllegalMonitorStateException
instanceKlass java/lang/ArrayStoreException
instanceKlass java/lang/ClassCastException
ciInstanceKlass java/lang/RuntimeException 1 1 40 10 7 12 1 1 1 10 12 1 10 12 1 10 12 1 10 12 1 100 1 1 1 1 5 0 1 1 1 1 1 1 1 1 1 1 1 1 1 1
instanceKlass java/security/InvalidParameterException
instanceKlass java/nio/charset/UnsupportedCharsetException
instanceKlass org/springframework/http/InvalidMediaTypeException
instanceKlass org/springframework/util/InvalidMimeTypeException
instanceKlass org/springframework/web/util/InvalidUrlException
instanceKlass org/springframework/util/PlaceholderResolutionException
instanceKlass java/lang/NumberFormatException
ciInstanceKlass java/lang/IllegalArgumentException 1 1 35 10 7 12 1 1 1 10 12 1 10 12 1 10 12 1 100 1 1 1 1 5 0 1 1 1 1 1 1 1 1 1 1 1 1
instanceKlass java/lang/AssertionError
instanceKlass java/util/ServiceConfigurationError
instanceKlass java/lang/VirtualMachineError
instanceKlass java/lang/LinkageError
instanceKlass java/lang/ThreadDeath
ciInstanceKlass java/lang/Error 1 1 40 10 7 12 1 1 1 10 12 1 10 12 1 10 12 1 10 12 1 100 1 1 1 1 5 0 1 1 1 1 1 1 1 1 1 1 1 1 1 1
instanceKlass java/lang/StackOverflowError
instanceKlass java/lang/OutOfMemoryError
instanceKlass java/lang/InternalError
ciInstanceKlass java/lang/VirtualMachineError 1 1 34 10 7 12 1 1 1 10 12 1 10 12 1 10 12 1 100 1 1 1 1 5 0 1 1 1 1 1 1 1 1 1 1 1
ciInstanceKlass java/lang/StackOverflowError 1 1 26 10 100 12 1 1 1 10 12 1 100 1 1 1 1 5 0 1 1 1 1 1 1 1 1 1
instanceKlass java/lang/ClassFormatError
instanceKlass java/lang/IncompatibleClassChangeError
instanceKlass java/lang/BootstrapMethodError
instanceKlass java/lang/NoClassDefFoundError
ciInstanceKlass java/lang/LinkageError 1 1 31 10 7 12 1 1 1 10 12 1 10 12 1 100 1 1 1 1 5 0 1 1 1 1 1 1 1 1 1 1 1
ciInstanceKlass java/lang/ArrayStoreException 1 1 26 10 100 12 1 1 1 10 12 1 100 1 1 1 1 5 0 1 1 1 1 1 1 1 1 1
ciInstanceKlass java/lang/ThreadDeath 0 0 21 10 100 12 1 1 1 100 1 1 1 1 5 0 1 1 1 1 1 1 1
ciInstanceKlass java/util/Collections 1 1 851 10 7 12 1 1 1 11 7 12 1 1 1 7 1 11 12 1 1 7 1 10 12 1 1 10 12 1 11 12 1 1 100 1 11 12 1 1 11 12 1 1 10 12 1 11 100 12 1 1 11 12 1 1 11 12 1 10 12 1 10 12 1 10 12 11 100 12 1 1 1 10 12 1 1 11 12 1 11 12 1 1 9 12 1 1 100 1 10 10 12 1 1 10 12 1 1 11 12 1 1 10 12 1 11 12 1 100 1 8 1 10 12 1 11 7 12 1 1 1 11 100 1 11 12 1 1 10 12 1 1 10 12 1 10 12 1 1 10 12 1 11 12 1 1 10 12 1 1 10 12 1 1 10 12 1 1 10 12 1 1 7 1 10 12 1 7 1 10 12 1 100 1 10 12 1 100 1 10 12 1 7 1 7 1 10 12 10 7 1 10 12 1 100 1 10 12 1 100 1 10 12 1 100 1 10 10 12 1 7 1 10 10 12 1 100 1 10 100 1 10 100 1 10 100 1 10 10 12 1 10 7 1 10 100 1 10 100 1 10 100 1 10 12 1 10 100 12 1 1 1 100 1 100 1 10 12 1 100 1 10 12 1 100 1 10 12 1 100 1 10 12 1 100 1 10 12 1 100 1 10 100 1 10 12 1 100 1 10 12 1 100 1 10 12 1 9 7 12 1 1 1 9 100 12 1 1 9 7 12 1 1 1 9 12 1 1 9 12 1 1 9 12 1 1 9 12 1 1 9 12 1 1 7 1 10 12 7 1 10 7 1 10 7 1 10 7 1 10 12 1 100 1 100 1 10 8 1 10 12 1 1 10 12 1 10 12 1 1 10 7 1 10 12 1 9 7 12 1 1 1 9 7 12 1 1 1 7 1 9 12 1 1 10 12 7 1 10 100 1 10 11 100 12 1 1 11 12 1 10 12 1 100 1 11 11 12 1 11 7 1 10 100 1 10 100 12 1 1 1 100 1 10 12 1 7 1 10 7 1 10 7 1 10 1 1 1 3 1 3 1 3 1 3 1 3 1 3 1 3 1 3 1 1 1 1 1 1 1 1 1 1 1 1 1 1 1 1 1 1 1 1 1 1 1 1 1 1 1 1 1 1 1 1 1 1 1 1 1 1 1 1 1 1 1 1 1 1 1 1 1 1 1 1 1 1 1 1 1 1 1 1 1 1 1 1 1 1 1 1 1 1 1 1 1 1 1 1 1 1 1 1 1 1 1 1 1 1 1 1 1 1 1 1 1 1 1 1 1 1 1 1 1 1 1 1 1 1 1 1 1 1 1 1 1 1 1 1 1 1 1 1 1 1 1 1 1 1 1 1 1 1 1 1 1 1 1 1 1 1 1 1 1 1 1 1 1 1 1 1 1 1 1 1 1 1 1 1 1 1 1 1 1 1 1 1 1 1 1 1 1 1 1 1 1 1 1 1 1 1 1 1 1 1 1 1 1 1 1 1 1 1 1 1 1 1 1 1 1 1 1 1 1 1 1 1 1 1 1 1 1 1 1 1 1 1 1 1 1 1 1 1 1 1 1 1 1 1 1 1 1 1 1 1 1 1 1 1 1 1 1 1 1 1 1 1 1 1 1 1 1 1 1 1 1 1 1 1 1 1 1 1 1 1 1 1 1 1 1 1 1 1 1 1 1 1 1 1 1 1 1 1 1 1 1 1 1 1 1 1 1 1 1 1 1 1 1 1 1 1 1 1 1 1 1 1 1 1 1 1 1 1 100 1 100 1 100 1 100 1 100 1 100 1 100 1 100 1 100 1 100 1 100 1 100 1 100 1 1 1 1 1 1 1 1 1 1 1 1 1 1 1 1 1 1 1 1 1 1 1 1 1 1 1 1 1 1 1 1 1 1 1 1 1 1 1 100 1 1 1 1 1 1 1 1 1 1 1 1 1 1
staticfield java/util/Collections EMPTY_SET Ljava/util/Set; java/util/Collections$EmptySet
staticfield java/util/Collections EMPTY_LIST Ljava/util/List; java/util/Collections$EmptyList
staticfield java/util/Collections EMPTY_MAP Ljava/util/Map; java/util/Collections$EmptyMap
ciInstanceKlass java/lang/StackTraceElement 1 1 224 10 7 12 1 1 1 10 7 12 1 1 9 12 1 1 9 12 1 1 9 12 1 9 12 1 8 1 10 100 12 1 1 1 100 1 9 12 1 8 1 9 12 1 9 12 1 9 12 1 1 8 1 10 12 1 1 10 12 1 100 1 10 10 12 1 1 8 1 10 12 1 1 10 12 1 8 1 8 1 8 1 10 12 1 8 1 8 1 10 12 1 8 1 8 1 10 12 1 1 10 12 1 10 12 1 1 10 12 1 9 12 1 1 10 7 12 1 1 1 10 12 1 1 7 1 10 12 1 1 10 7 12 1 1 10 7 12 1 1 1 10 7 12 1 1 10 7 12 1 1 10 10 12 1 1 10 12 1 10 12 1 1 100 1 1 1 1 1 3 1 3 1 1 5 0 1 1 1 1 1 1 1 1 1 1 1 1 1 1 1 1 1 1 1 1 1 1 1 1 1 1 100 1 100 1 1 1 1 1 1 1 1 1 1 100 1 1 1 1 1 1 1 1
instanceKlass java/util/TreeMap$Values
instanceKlass com/fasterxml/jackson/databind/util/internal/LinkedDeque
instanceKlass java/util/concurrent/ConcurrentLinkedDeque
instanceKlass java/util/LinkedHashMap$LinkedValues
instanceKlass java/util/IdentityHashMap$Values
instanceKlass java/util/AbstractQueue
instanceKlass java/util/HashMap$Values
instanceKlass java/util/ArrayDeque
instanceKlass java/util/AbstractSet
instanceKlass java/util/ImmutableCollections$AbstractImmutableCollection
instanceKlass java/util/AbstractList
ciInstanceKlass java/util/AbstractCollection 1 1 160 10 7 12 1 1 1 10 7 12 1 1 1 10 12 1 1 11 7 12 1 1 1 11 12 1 1 10 12 1 1 10 100 12 1 1 1 10 12 1 1 10 12 1 1 10 7 12 1 1 10 7 12 1 1 1 7 1 10 100 12 1 1 1 10 100 12 1 1 1 100 1 10 11 12 1 11 7 1 10 12 1 10 12 1 10 7 12 1 1 1 11 8 1 7 1 10 10 12 1 1 8 1 10 12 1 10 12 1 1 1 1 1 1 1 1 1 1 1 1 1 1 1 1 1 1 1 1 1 1 1 1 1 1 1 1 1 1 1 1 1 1 1 1 1 1 1 1 1 1 1 1 1 1 1 1 1 1 1 1
ciInstanceKlass java/lang/Boolean 1 1 151 10 7 12 1 1 1 9 7 12 1 1 1 10 12 1 1 10 12 1 8 1 10 7 12 1 1 9 12 1 1 9 12 1 8 1 10 12 1 1 10 12 1 1 10 7 12 1 1 1 100 1 100 1 10 12 1 1 9 100 12 1 1 9 12 10 100 12 1 1 1 10 12 1 1 8 1 10 7 12 1 1 1 9 12 1 1 100 1 100 1 100 1 1 1 1 1 1 5 0 1 1 1 1 1 1 1 1 1 1 3 1 1 1 1 1 1 1 1 1 1 1 1 1 1 1 1 1 1 1 1 100 1 1 1 1 1 1 1 1 1 1 100 1 1 1 1 1 1 1 1
staticfield java/lang/Boolean TRUE Ljava/lang/Boolean; java/lang/Boolean
staticfield java/lang/Boolean FALSE Ljava/lang/Boolean; java/lang/Boolean
staticfield java/lang/Boolean TYPE Ljava/lang/Class; java/lang/Class
instanceKlass java/util/concurrent/locks/AbstractQueuedSynchronizer
ciInstanceKlass java/util/concurrent/locks/AbstractOwnableSynchronizer 1 1 32 10 7 12 1 1 1 9 7 12 1 1 1 100 1 1 1 1 5 0 1 1 1 1 1 1 1 1 1 1 1 1
instanceKlass java/util/concurrent/ThreadPoolExecutor$Worker
instanceKlass java/util/concurrent/CountDownLatch$Sync
instanceKlass java/util/concurrent/locks/ReentrantLock$Sync
ciInstanceKlass java/util/concurrent/locks/AbstractQueuedSynchronizer 1 1 349 10 7 12 1 1 1 9 7 12 1 1 1 9 12 1 1 9 12 1 1 10 7 12 1 1 1 9 12 1 10 12 1 1 100 1 10 9 12 1 9 12 1 1 10 100 12 1 1 1 10 12 1 10 12 1 1 9 12 1 9 12 1 9 12 1 1 10 7 12 1 1 1 9 12 1 10 12 1 1 100 1 10 100 12 1 1 1 9 12 1 10 12 1 10 12 1 10 12 1 10 12 1 1 100 1 10 12 1 1 10 12 1 10 12 1 10 10 12 1 1 10 100 12 1 1 1 10 12 1 1 10 12 1 10 12 1 1 10 12 1 10 12 1 10 12 1 3 100 1 10 10 12 1 1 100 1 10 10 12 1 10 12 1 100 1 10 10 12 1 100 1 10 10 12 1 1 100 1 10 10 100 12 1 1 1 10 12 1 1 8 1 10 12 1 1 10 12 1 8 1 10 12 1 8 1 8 1 8 1 10 10 100 12 1 1 1 10 12 1 1 100 1 8 1 10 12 1 10 12 1 10 12 1 10 12 1 1 10 12 1 1 8 10 12 1 1 8 8 100 1 1 1 5 0 1 3 1 1 3 1 1 1 1 1 1 1 1 1 1 1 1 1 1 1 1 1 1 1 1 1 1 1 1 1 1 1 1 1 1 1 1 1 1 1 1 1 1 1 1 1 1 1 1 1 1 1 1 1 1 1 1 1 1 1 1 1 1 1 1 1 1 1 1 1 1 1 1 1 1 100 1 1 1 1 1 1 1 1 1 1 100 1 1 1 1 1 1 1
staticfield java/util/concurrent/locks/AbstractQueuedSynchronizer U Ljdk/internal/misc/Unsafe; jdk/internal/misc/Unsafe
staticfield java/util/concurrent/locks/AbstractQueuedSynchronizer STATE J 16
staticfield java/util/concurrent/locks/AbstractQueuedSynchronizer HEAD J 20
staticfield java/util/concurrent/locks/AbstractQueuedSynchronizer TAIL J 24
instanceKlass java/util/concurrent/locks/ReentrantLock$NonfairSync
ciInstanceKlass java/util/concurrent/locks/ReentrantLock$Sync 1 1 127 10 7 12 1 1 1 10 7 12 1 1 1 10 7 12 1 1 1 10 12 1 1 10 12 1 1 10 12 1 100 1 8 1 10 12 1 10 12 1 1 10 12 1 1 10 12 1 10 12 1 100 1 10 10 12 1 10 12 1 1 100 1 10 7 1 10 12 1 10 12 1 10 100 12 1 1 1 1 1 5 0 1 1 1 1 1 1 1 1 1 1 1 1 1 1 1 1 1 1 1 1 1 1 1 1 1 1 1 1 1 1 1 1 1 100 1 100 1 1 1 1 100 1 1 1 1
ciInstanceKlass java/util/concurrent/locks/ReentrantLock$NonfairSync 1 1 69 10 7 12 1 1 1 10 7 12 1 1 1 10 7 12 1 1 1 10 12 1 1 10 12 1 10 12 1 1 100 1 8 1 10 12 1 10 12 1 1 1 1 1 5 0 1 1 1 1 1 1 1 1 1 1 1 1 1 1 1 1 1 1 100 1 1 1 1
ciMethod java/util/concurrent/locks/ReentrantLock$Sync tryRelease (I)Z 230 0 2661 0 0
ciMethod java/util/concurrent/locks/ReentrantLock$Sync initialTryLock ()Z 0 0 1 0 -1
ciMethod java/util/concurrent/locks/AbstractQueuedSynchronizer tryRelease (I)Z 0 0 1 0 -1
ciMethod java/util/concurrent/locks/AbstractQueuedSynchronizer getState ()I 256 0 128 0 0
ciMethod java/util/concurrent/locks/AbstractQueuedSynchronizer release (I)Z 230 0 2664 0 0
ciMethod java/util/concurrent/locks/AbstractQueuedSynchronizer acquire (I)V 0 0 1 0 -1
ciMethod java/util/concurrent/locks/AbstractQueuedSynchronizer signalNext (Ljava/util/concurrent/locks/AbstractQueuedSynchronizer$Node;)V 178 0 2624 0 -1
ciMethod java/util/concurrent/locks/AbstractQueuedSynchronizer setState (I)V 256 0 128 0 0
ciMethod java/util/concurrent/locks/AbstractQueuedSynchronizer compareAndSetState (II)Z 512 0 1280 0 96
instanceKlass java/lang/LiveStackFrameInfo
ciInstanceKlass java/lang/StackFrameInfo 1 1 132 10 7 12 1 1 1 9 7 12 1 1 1 9 7 1 9 12 1 1 11 7 12 1 1 1 9 12 1 1 11 12 1 1 10 12 1 1 10 100 12 1 1 1 10 12 1 11 12 1 11 12 1 1 11 12 1 10 12 1 1 9 12 1 1 10 12 1 1 10 100 12 1 1 10 12 1 1 11 12 1 1 10 12 1 9 12 1 1 10 12 1 1 100 1 8 1 10 12 1 10 7 12 1 1 1 100 1 1 1 1 1 1 1 1 1 1 1 1 1 1 1 1 1 1 100 1 1 1 1 1 1
staticfield java/lang/StackFrameInfo JLIA Ljdk/internal/access/JavaLangInvokeAccess; java/lang/invoke/MethodHandleImpl$1
ciInstanceKlass java/lang/LiveStackFrameInfo 0 0 97 10 100 12 1 1 1 9 100 12 1 1 1 9 12 1 9 12 1 9 12 1 9 12 1 1 100 1 10 12 1 1 10 12 1 8 1 10 12 1 1 8 1 8 1 8 1 10 100 1 10 12 1 100 1 10 12 1 100 1 100 1 1 1 3 1 3 1 1 1 1 1 1 1 1 1 1 1 1 1 1 1 1 1 1 1 1 1 1 1 1 1 1 1 100 1 1
ciMethod java/util/concurrent/locks/AbstractOwnableSynchronizer setExclusiveOwnerThread (Ljava/lang/Thread;)V 256 0 128 0 0
ciMethod java/util/concurrent/locks/AbstractOwnableSynchronizer getExclusiveOwnerThread ()Ljava/lang/Thread; 256 0 128 0 0
ciInstanceKlass java/lang/Character 1 1 576 7 1 100 1 100 1 9 12 1 1 8 1 9 12 1 1 100 1 9 12 1 1 10 100 12 1 1 1 10 100 12 1 1 1 10 100 12 1 1 1 10 7 12 1 1 1 9 7 12 1 1 1 10 12 1 10 12 1 1 10 12 1 1 10 100 12 1 1 10 12 1 1 3 3 3 3 3 10 12 1 1 10 12 1 3 11 7 12 1 1 1 11 12 1 1 10 12 1 1 10 12 1 1 100 1 10 10 12 1 3 10 12 1 1 10 12 1 10 12 1 1 100 1 8 1 10 12 1 1 10 12 1 10 12 1 10 12 1 10 12 1 10 12 1 1 10 12 1 10 7 12 1 1 10 10 12 1 10 10 12 1 10 12 1 1 10 12 1 10 10 12 1 10 12 1 10 12 1 10 12 1 10 12 1 10 12 1 10 12 1 10 12 10 10 12 10 10 12 1 10 10 12 1 10 10 12 1 10 10 12 1 10 10 12 1 10 10 12 1 10 10 12 1 1 10 10 12 1 10 5 0 10 12 1 10 12 1 10 10 12 1 10 10 12 1 1 10 10 12 1 10 10 12 1 9 12 1 1 100 1 10 10 12 1 10 12 1 1 3 10 100 12 1 1 1 10 12 1 10 100 12 1 1 100 1 10 10 12 1 1 10 12 1 1 10 12 1 1 8 1 10 12 1 9 100 12 1 1 1 10 12 1 10 10 12 1 10 12 1 1 10 12 1 10 10 12 1 1 10 10 12 1 1 100 1 8 1 10 12 1 1 10 7 12 1 1 1 8 1 10 12 1 1 9 12 1 1 100 1 100 1 100 1 1 1 1 3 1 3 1 3 1 3 1 1 1 1 1 3 1 1 3 1 3 1 3 1 3 1 3 1 3 1 3 1 3 1 3 1 3 1 3 1 3 1 3 1 3 1 3 1 3 1 3 1 3 1 3 1 3 1 3 1 3 1 3 1 3 1 3 1 3 1 3 1 3 1 1 1 1 1 1 1 1 1 1 1 1 1 1 1 1 1 1 1 3 1 1 1 1 1 1 1 3 1 1 3 1 1 1 1 1 3 1 1 5 0 1 1 1 1 1 1 1 1 1 1 1 1 1 1 1 1 1 1 1 1 1 1 1 1 1 1 1 1 1 1 1 1 1 1 1 1 1 1 1 1 1 1 1 1 1 1 1 1 1 1 1 1 1 1 1 1 1 1 1 1 1 1 1 1 1 1 1 1 1 1 1 1 1 1 1 1 1 1 1 1 1 1 1 1 1 1 1 1 1 100 1 100 1 1 1 1 1 1
staticfield java/lang/Character TYPE Ljava/lang/Class; java/lang/Class
staticfield java/lang/Character $assertionsDisabled Z 1
ciInstanceKlass java/util/Spliterator 1 1 85 11 7 12 1 1 1 11 12 1 1 5 0 11 12 1 1 100 1 10 12 1 1 100 1 1 1 1 3 1 3 1 3 1 3 1 3 1 3 1 3 1 3 1 1 1 1 1 1 1 1 1 1 1 1 1 1 1 1 1 1 1 1 1 1 1 1 1 1 1 1 1 100 1 100 1 100 1 100 1 1 1 1 1 1
ciInstanceKlass java/lang/Float 1 1 223 7 1 100 1 10 100 12 1 1 1 10 100 12 1 1 1 4 100 1 10 12 1 1 10 12 1 1 8 1 8 1 10 100 12 1 1 1 10 12 1 1 10 12 1 1 10 4 4 4 10 7 12 1 1 9 12 1 1 10 12 1 1 10 12 1 10 12 1 10 12 1 1 10 12 1 10 12 1 3 10 12 1 1 10 12 1 1 10 12 1 10 100 12 1 1 1 10 12 1 1 10 12 1 1 8 1 10 7 12 1 1 1 9 12 1 1 100 1 100 1 100 1 1 1 1 1 4 1 1 1 4 1 1 3 1 3 1 3 1 3 1 1 1 1 5 0 1 1 1 1 1 1 1 1 1 1 100 1 1 1 1 1 1 1 1 1 1 1 1 1 3 1 1 1 1 1 1 1 1 1 1 1 1 1 1 1 1 1 1 1 1 1 1 1 1 1 1 1 1 1 1 1 1 1 1 1 1 1 1 100 1 1 1 1 1 1 1 100 1 100 1 1
staticfield java/lang/Float TYPE Ljava/lang/Class; java/lang/Class
instanceKlass java/util/concurrent/atomic/Striped64
instanceKlass java/math/BigDecimal
instanceKlass java/math/BigInteger
instanceKlass java/util/concurrent/atomic/AtomicLong
instanceKlass java/util/concurrent/atomic/AtomicInteger
instanceKlass java/lang/Long
instanceKlass java/lang/Integer
instanceKlass java/lang/Short
instanceKlass java/lang/Byte
instanceKlass java/lang/Double
instanceKlass java/lang/Float
ciInstanceKlass java/lang/Number 1 1 37 10 7 12 1 1 1 10 100 12 1 1 1 100 1 1 1 1 5 0 1 1 1 1 1 1 1 1 1 1 1 1 1 1 1 1 1
ciInstanceKlass java/lang/Integer$IntegerCache 1 1 93 10 100 12 1 1 1 7 1 10 7 12 1 1 1 9 7 12 1 1 1 8 1 10 7 12 1 1 1 10 12 1 1 10 100 12 1 1 1 3 10 12 1 100 1 9 12 1 1 10 7 12 1 1 1 9 12 1 1 10 12 1 9 12 1 100 1 10 1 1 3 1 1 1 1 1 1 1 1 1 1 1 1 1 1 100 1 100 1 1 1 1 1
staticfield java/lang/Integer$IntegerCache high I 127
staticfield java/lang/Integer$IntegerCache cache [Ljava/lang/Integer; 256 [Ljava/lang/Integer;
staticfield java/lang/Integer$IntegerCache $assertionsDisabled Z 1
ciMethod java/lang/Number <init> ()V 610 0 5443 0 0
ciInstanceKlass java/lang/Double 1 1 285 7 1 100 1 10 7 12 1 1 1 10 12 1 1 10 12 1 100 1 10 12 1 1 10 100 12 1 1 1 6 0 8 1 10 12 1 1 8 1 10 12 1 1 8 1 6 0 10 12 1 1 100 1 5 0 5 0 8 1 8 1 10 100 12 1 1 1 10 100 12 1 1 1 8 1 10 12 1 1 8 1 8 1 8 1 10 12 1 1 10 12 1 10 12 1 1 10 12 1 10 12 1 10 12 1 1 10 12 1 10 6 0 6 0 6 0 10 7 12 1 1 9 12 1 1 10 12 1 10 12 1 10 12 1 10 12 1 5 0 10 12 1 1 10 12 1 10 12 1 10 100 12 1 1 1 10 12 1 1 10 12 1 1 8 1 10 7 12 1 1 1 9 12 1 1 100 1 100 1 100 1 1 1 1 1 6 0 1 1 1 6 0 1 1 3 1 3 1 3 1 3 1 1 1 1 5 0 1 1 1 1 1 1 1 1 1 1 1 1 1 1 1 1 100 1 1 1 1 1 1 1 1 1 1 1 1 3 1 1 1 1 1 1 1 1 1 1 1 1 1 1 1 1 1 1 1 1 1 1 1 1 1 1 1 1 1 1 1 1 1 1 100 1 1 1 1 1 1 1 100 1 100 1 1
staticfield java/lang/Double TYPE Ljava/lang/Class; java/lang/Class
ciInstanceKlass java/lang/Byte 1 1 215 7 1 100 1 10 100 12 1 1 1 9 12 1 1 8 1 9 12 1 1 100 1 10 12 1 1 10 12 1 1 10 100 12 1 1 1 10 100 12 1 1 1 9 7 12 1 1 1 10 12 1 1 100 1 100 1 10 12 1 1 8 1 10 12 1 1 8 1 10 12 1 10 12 1 10 12 1 10 12 1 1 10 12 1 10 12 1 10 12 1 1 10 8 1 8 1 10 7 1 9 12 1 1 10 12 1 10 12 1 1 10 12 1 1 10 12 1 1 10 12 1 5 0 10 12 1 1 8 1 10 7 12 1 1 1 9 12 1 1 100 1 100 1 1 1 3 1 3 1 1 1 1 3 1 3 1 1 5 0 1 1 1 1 1 1 1 1 1 1 1 1 1 1 1 1 1 1 1 1 1 1 1 1 1 1 1 1 1 1 1 1 1 1 1 1 1 1 1 1 1 1 1 1 1 1 1 1 1 1 1 1 1 1 1
staticfield java/lang/Byte TYPE Ljava/lang/Class; java/lang/Class
ciInstanceKlass java/lang/Short 1 1 224 7 1 100 1 100 1 10 100 12 1 1 1 10 12 1 1 100 1 100 1 10 12 1 1 8 1 10 12 1 1 8 1 10 12 1 10 12 1 10 12 1 10 12 1 1 10 12 1 1 10 12 1 9 12 1 1 8 1 9 12 1 1 100 1 10 12 1 1 10 12 1 10 100 12 1 1 1 10 100 12 1 1 1 9 7 12 1 1 1 10 12 1 10 12 1 1 10 8 1 8 1 10 7 1 9 12 1 1 10 12 1 10 12 1 1 10 12 1 1 10 12 1 1 10 12 1 3 3 5 0 10 12 1 1 8 1 10 7 12 1 1 1 9 12 1 1 100 1 100 1 1 1 3 1 3 1 1 1 1 3 1 3 1 1 5 0 1 1 1 1 1 1 1 1 1 1 1 1 1 1 1 1 1 1 1 1 1 1 1 1 1 1 1 3 1 1 1 1 1 1 1 1 1 1 1 1 1 1 1 1 1 1 1 1 1 1 1 1 1 1 1 1 1
staticfield java/lang/Short TYPE Ljava/lang/Class; java/lang/Class
ciInstanceKlass java/lang/Integer 1 1 445 7 1 100 1 7 1 7 1 10 12 1 1 9 12 1 1 9 12 1 1 10 100 12 1 1 1 10 12 1 1 10 100 12 1 1 1 10 10 12 1 1 10 100 12 1 1 1 10 12 1 10 12 1 1 10 7 12 1 1 1 10 12 1 1 10 12 1 1 10 12 1 10 12 1 10 12 1 1 10 10 12 1 9 12 1 1 9 12 1 100 1 8 1 10 12 1 100 1 10 12 1 8 1 10 12 1 1 10 12 1 8 1 10 12 1 8 1 10 12 1 1 3 10 12 1 1 3 10 12 1 1 10 12 1 1 10 7 12 1 1 1 11 7 1 100 1 10 11 10 12 1 1 8 1 10 12 1 1 8 1 100 1 10 12 1 1 10 12 1 1 5 0 8 1 10 12 1 10 12 1 10 12 1 10 12 1 1 7 1 9 12 1 1 9 12 1 1 10 12 1 10 7 1 9 12 1 10 12 1 10 12 1 10 12 1 1 10 7 12 1 1 1 100 1 100 1 10 12 1 1 10 12 1 1 8 1 8 1 10 12 1 1 8 1 8 1 8 1 8 1 8 1 8 1 10 12 1 10 12 1 10 12 1 5 0 3 3 3 3 10 12 1 3 10 12 1 10 100 12 1 1 1 10 12 1 1 10 12 1 1 8 1 10 7 12 1 1 1 9 12 1 1 3 3 3 3 3 3 9 12 1 1 100 1 100 1 100 1 1 1 1 1 1 1 3 1 3 1 1 5 0 1 1 1 1 1 1 1 1 1 100 1 1 1 1 1 1 1 1 1 1 1 1 1 1 1 1 1 1 1 1 1 1 1 1 1 1 1 1 1 1 1 1 1 1 1 1 1 1 1 3 1 1 1 1 1 1 1 1 1 1 1 1 1 1 1 1 100 1 1 1 1 1 1 1 1 1 1 1 1 1 1 1 1 1 1 1 1 1 1 1 1 1 1 1 1 1 1 1 100 1 1 1 1 1 1 1 1 1 100 1 100 1 1
staticfield java/lang/Integer TYPE Ljava/lang/Class; java/lang/Class
staticfield java/lang/Integer digits [C 36
staticfield java/lang/Integer DigitTens [B 100
staticfield java/lang/Integer DigitOnes [B 100
staticfield java/lang/Integer sizeTable [I 10
ciMethod java/lang/Integer intValue ()I 262 0 131 0 -1
ciMethod java/lang/Integer <init> (I)V 566 0 1976 0 0
ciMethod java/lang/Integer valueOf (I)Ljava/lang/Integer; 624 0 4899 0 0
ciInstanceKlass java/lang/Long 1 1 506 7 1 100 1 7 1 100 1 10 12 1 1 9 12 1 1 9 7 12 1 1 1 10 100 12 1 1 1 10 12 1 1 10 100 12 1 1 1 10 10 12 10 12 1 10 12 1 10 12 1 5 0 5 0 100 1 10 12 1 1 10 12 1 1 10 12 1 10 12 1 10 12 1 10 12 1 1 10 100 12 1 1 10 12 1 10 12 1 1 10 12 1 1 10 12 1 1 10 12 1 1 10 100 12 1 1 1 10 12 1 1 10 12 1 10 12 1 10 12 1 10 12 1 1 10 10 12 1 5 0 5 0 9 12 1 1 9 12 1 5 0 7 1 8 1 10 12 1 8 1 10 12 1 8 1 8 1 10 12 1 1 5 0 10 12 1 1 5 0 10 12 1 1 10 12 1 1 10 100 12 1 1 1 11 100 1 100 1 10 11 10 12 1 1 8 1 10 12 1 1 8 1 100 1 10 12 1 1 10 12 1 8 1 8 1 11 12 1 1 10 12 1 10 12 1 10 12 1 5 0 5 0 9 7 12 1 1 1 10 12 1 10 12 1 1 8 1 8 1 10 12 1 1 8 1 8 1 8 1 8 1 8 1 8 1 10 12 1 10 12 1 10 12 1 1 10 7 1 9 12 1 1 10 12 1 10 12 1 1 10 100 12 1 1 1 100 1 100 1 10 12 1 1 10 12 1 1 5 0 10 12 1 10 12 1 5 0 5 0 5 0 10 12 1 1 5 0 5 0 10 12 1 10 12 1 10 100 12 1 1 1 10 12 1 1 10 12 1 1 8 1 10 7 12 1 1 1 9 12 1 1 100 1 100 1 100 1 1 1 1 5 0 1 1 1 1 3 1 3 1 5 0 1 1 1 1 1 1 1 1 1 100 1 1 1 1 1 1 1 1 1 1 1 1 1 1 1 1 1 1 1 1 1 1 1 1 1 1 1 1 1 1 1 1 1 1 1 1 1 1 1 1 1 1 1 1 1 1 1 1 1 1 1 1 1 1 3 1 1 1 1 1 1 1 1 1 1 1 1 1 1 1 100 1 1 1 1 1 1 1 1 1 1 1 1 1 1 1 1 1 1 1 1 1 1 1 1 1 1 1 100 1 1 1 1 1 1 1 1 1 100 1 100 1 1
staticfield java/lang/Long TYPE Ljava/lang/Class; java/lang/Class
ciInstanceKlass java/util/WeakHashMap$Entry 1 1 112 10 7 12 1 1 1 9 7 12 1 1 1 9 12 1 1 9 12 1 1 10 12 1 1 10 100 12 1 1 1 100 1 10 12 1 11 10 100 12 1 1 1 10 12 1 11 10 100 12 1 1 1 100 1 10 12 1 10 12 1 1 8 1 10 12 1 10 12 1 1 1 1 1 1 1 1 1 1 1 1 1 1 1 1 1 1 1 1 1 1 1 1 1 1 1 1 1 1 1 1 1 1 1 1 1 1 1 1 1 100 1
instanceKlass java/lang/ref/PhantomReference
instanceKlass java/lang/ref/FinalReference
instanceKlass java/lang/ref/WeakReference
instanceKlass java/lang/ref/SoftReference
ciInstanceKlass java/lang/ref/Reference 1 1 195 9 7 12 1 1 1 9 7 12 1 1 10 12 1 1 10 12 1 1 9 12 1 1 10 12 1 1 9 12 1 1 9 12 1 1 7 1 10 12 1 10 7 12 1 1 10 12 1 10 12 1 1 10 12 1 9 12 1 10 12 1 1 10 12 1 10 12 1 9 12 1 100 1 100 1 10 12 1 9 12 1 9 12 1 100 1 10 10 12 1 10 10 7 12 1 1 10 7 12 1 1 1 10 12 1 1 10 7 12 1 1 7 1 8 1 10 12 1 10 12 1 1 10 12 1 1 10 12 1 7 1 10 10 7 12 1 1 1 1 1 1 1 1 1 1 1 1 1 1 1 1 1 1 1 100 1 1 1 100 1 1 1 1 1 1 1 1 1 1 1 1 1 1 1 1 1 1 1 1 1 1 1 1 1 1 1 1 1 1 1 1 1 1 1
staticfield java/lang/ref/Reference processPendingLock Ljava/lang/Object; java/lang/Object
staticfield java/lang/ref/Reference $assertionsDisabled Z 1
instanceKlass java/util/ResourceBundle$BundleReference
instanceKlass sun/util/locale/provider/LocaleResources$ResourceReference
instanceKlass sun/util/resources/Bundles$BundleReference
instanceKlass sun/security/util/MemoryCache$SoftCacheEntry
instanceKlass org/springframework/util/ConcurrentReferenceHashMap$SoftEntryReference
instanceKlass sun/util/locale/LocaleObjectCache$CacheEntry
instanceKlass java/lang/invoke/LambdaFormEditor$Transform
ciInstanceKlass java/lang/ref/SoftReference 1 1 47 10 7 12 1 1 1 9 7 12 1 1 1 9 12 1 10 12 1 10 12 1 1 1 1 1 1 1 1 1 1 1 1 1 1 1 1 1 1 1 1 100 1 1 1 1 1
ciMethod java/lang/ref/SoftReference get ()Ljava/lang/Object; 512 0 10676 0 160
ciMethod java/lang/ref/Reference refersToImpl (Ljava/lang/Object;)Z 512 0 7381 0 -1
ciInstanceKlass java/security/PrivilegedAction 1 0 14 100 1 100 1 1 1 1 1 1 1 1 1 1
instanceKlass org/springframework/cglib/core/WeakCacheKey
instanceKlass java/util/ResourceBundle$KeyElementReference
instanceKlass com/intellij/rt/debugger/agent/CaptureStorage$WeakKey
instanceKlass java/util/logging/LogManager$LoggerWeakRef
instanceKlass java/util/logging/Level$KnownLevel
instanceKlass java/lang/WeakPairMap$WeakRefPeer
instanceKlass java/lang/ClassValue$Entry
instanceKlass java/lang/ThreadLocal$ThreadLocalMap$Entry
instanceKlass java/lang/invoke/MethodType$ConcurrentWeakInternSet$WeakEntry
instanceKlass java/util/WeakHashMap$Entry
ciInstanceKlass java/lang/ref/WeakReference 1 1 31 10 7 12 1 1 1 10 12 1 100 1 1 1 1 1 1 1 1 1 1 1 1 1 1 1 1 1 1 1 1
ciInstanceKlass java/lang/ThreadLocal$ThreadLocalMap$Entry 1 1 37 10 7 12 1 1 1 9 7 12 1 1 1 1 1 1 1 1 1 1 1 1 1 1 1 1 1 1 1 1 100 1 1 100 1 1 1
ciMethod java/lang/ref/Reference get ()Ljava/lang/Object; 0 0 1 0 -1
ciMethod java/lang/ref/WeakReference <init> (Ljava/lang/Object;)V 768 0 379 0 -1
instanceKlass java/lang/ref/Finalizer
ciInstanceKlass java/lang/ref/FinalReference 1 1 47 10 100 12 1 1 1 10 100 12 1 1 1 10 12 1 1 100 1 8 1 10 12 1 1 1 1 1 1 1 1 1 1 1 1 1 1 1 1 1 1 1 1 1 1 1 1
ciInstanceKlass java/lang/ref/Finalizer 1 1 152 9 7 12 1 1 1 10 100 12 1 1 1 9 12 1 1 9 12 1 1 9 12 1 9 12 1 10 12 1 10 12 1 1 9 12 1 1 100 1 10 12 1 100 1 11 100 12 1 1 100 1 10 12 1 100 1 10 12 1 10 100 12 1 1 1 10 100 12 1 1 1 100 1 10 10 12 1 10 7 12 1 1 1 7 1 10 7 1 10 10 7 12 1 1 1 10 12 1 1 10 7 12 1 1 7 1 10 12 1 10 12 1 1 10 12 1 1 10 12 1 1 1 1 1 1 1 1 1 1 1 1 1 1 1 1 1 1 1 1 1 1 1 1 1 1 1 1 1 1 1 1
staticfield java/lang/ref/Finalizer lock Ljava/lang/Object; java/lang/Object
staticfield java/lang/ref/Finalizer $assertionsDisabled Z 1
instanceKlass jdk/internal/ref/PhantomCleanable
instanceKlass jdk/internal/ref/Cleaner
ciInstanceKlass java/lang/ref/PhantomReference 1 1 39 10 100 12 1 1 1 10 7 12 1 1 1 1 1 1 1 1 1 1 1 1 1 1 1 1 1 1 1 1 1 1 1 1 1 1 1 1 1
instanceKlass java/lang/ref/ReferenceQueue$Null
ciInstanceKlass java/lang/ref/ReferenceQueue 1 1 140 10 7 12 1 1 1 7 1 10 9 7 12 1 1 1 9 12 1 1 9 7 12 1 1 1 9 12 1 9 12 1 9 12 1 1 100 1 10 9 12 1 1 9 12 1 7 1 10 100 12 1 1 1 10 12 1 10 12 1 1 100 1 8 1 10 12 1 10 7 12 1 1 1 10 12 1 1 5 0 10 12 1 1 11 100 12 1 1 1 10 7 12 1 1 1 7 1 10 1 1 1 1 1 1 1 1 1 1 1 1 1 1 100 1 1 1 1 1 1 1 1 1 100 1 1 1 1 1 1 1 1 1 1 1 1 1 1 1 1
staticfield java/lang/ref/ReferenceQueue NULL Ljava/lang/ref/ReferenceQueue; java/lang/ref/ReferenceQueue$Null
staticfield java/lang/ref/ReferenceQueue ENQUEUED Ljava/lang/ref/ReferenceQueue; java/lang/ref/ReferenceQueue$Null
staticfield java/lang/ref/ReferenceQueue $assertionsDisabled Z 1
instanceKlass java/lang/reflect/Executable
instanceKlass java/lang/reflect/Field
ciInstanceKlass java/lang/reflect/AccessibleObject 1 1 398 10 7 12 1 1 1 9 100 12 1 1 1 10 100 12 1 1 1 10 7 12 1 1 10 7 12 1 1 1 10 100 12 1 1 1 10 12 1 1 10 12 1 1 9 12 1 1 100 1 10 7 12 1 1 1 11 12 1 100 1 10 12 1 7 1 100 1 10 12 1 10 12 1 1 7 1 10 7 12 1 1 1 10 12 1 1 100 1 10 12 1 1 100 1 10 10 10 7 12 1 1 1 10 12 1 1 10 12 1 10 12 1 10 12 1 1 10 12 1 8 1 100 1 10 10 12 1 1 8 1 10 12 1 10 12 1 8 1 8 1 8 1 8 1 8 1 8 1 100 1 10 12 1 10 12 1 9 12 1 1 10 12 1 1 10 12 1 10 11 100 1 100 1 8 1 10 10 12 1 10 12 1 1 8 1 10 12 1 8 1 10 12 1 1 10 100 1 8 1 10 11 7 12 1 1 10 12 1 1 10 12 1 1 10 12 1 1 9 12 1 1 100 1 10 12 1 7 1 10 12 1 10 12 1 1 10 100 1 10 12 1 10 12 10 12 1 10 12 1 1 10 12 1 10 12 1 1 10 12 1 9 12 1 10 100 12 1 1 8 1 10 100 12 1 1 1 8 1 10 100 12 1 1 1 9 12 1 100 1 10 7 1 10 10 7 12 1 1 1 7 1 10 10 7 12 1 1 1 7 1 9 12 1 1 1 1 1 1 1 1 1 1 1 1 1 1 1 1 1 1 1 1 1 1 1 1 1 1 1 1 1 1 1 1 1 1 1 1 1 1 1 1 1 1 1 1 1 1 1 1 1 1 1 1 1 1 1 1 1 1 1 1 1 1 1 1 1 1 1 1 1 1 1 1 1 1 1 1 1 1 1 1 1 1 1 1 1
staticfield java/lang/reflect/AccessibleObject reflectionFactory Ljdk/internal/reflect/ReflectionFactory; jdk/internal/reflect/ReflectionFactory
instanceKlass java/lang/reflect/Constructor
instanceKlass java/lang/reflect/Method
ciInstanceKlass java/lang/reflect/Executable 1 1 548 10 7 12 1 1 1 10 7 12 1 1 1 10 7 12 1 1 1 11 7 12 1 1 1 10 7 12 1 1 1 10 12 1 1 10 7 12 1 1 1 10 100 12 1 1 1 10 12 1 8 1 10 10 12 1 1 10 12 1 1 10 100 12 1 1 1 18 12 1 1 11 100 12 1 1 1 8 1 8 1 8 1 10 100 12 1 1 1 11 12 1 1 7 1 8 1 8 1 10 12 1 100 1 8 1 10 12 1 8 1 11 100 12 1 1 1 100 1 10 12 1 1 11 12 1 8 1 18 8 1 10 12 1 10 12 1 1 18 8 1 10 12 1 100 1 10 12 1 10 12 1 11 100 12 1 1 10 12 1 1 8 1 8 1 10 12 1 1 10 12 1 1 10 10 12 1 100 1 10 10 12 1 10 12 1 1 10 7 12 1 1 10 12 1 10 12 1 10 12 1 1 10 7 12 1 1 10 12 1 10 12 1 10 7 12 1 1 1 10 12 1 8 1 10 12 1 10 12 1 3 100 1 8 1 10 12 1 10 12 1 10 10 12 1 10 12 1 1 8 1 8 1 8 1 9 12 1 10 12 1 100 1 8 1 9 12 1 10 12 1 10 12 1 1 10 12 1 1 10 12 1 10 12 10 12 1 7 1 10 12 1 10 12 1 1 100 1 10 100 12 1 1 1 7 1 10 7 12 1 1 1 10 12 1 1 11 7 12 1 1 10 7 12 1 1 10 100 12 1 1 1 10 12 1 1 9 12 1 10 12 1 1 10 12 1 10 12 1 1 9 100 12 1 1 1 10 100 12 1 1 1 10 12 1 10 12 1 1 9 12 1 10 10 10 10 100 12 1 1 1 10 12 1 9 12 1 10 12 1 1 9 12 1 100 1 100 1 1 1 1 1 1 1 1 1 1 1 1 1 1 1 1 1 1 1 1 1 1 1 1 1 1 1 1 1 1 1 1 1 1 100 1 1 1 1 1 1 1 1 100 1 1 1 1 1 1 1 1 1 1 1 1 100 1 1 1 1 1 1 1 1 1 1 1 1 1 1 1 1 1 1 1 1 1 1 1 1 1 1 1 1 1 1 1 1 1 1 1 1 1 1 1 1 1 100 1 1 1 1 1 1 1 1 1 1 1 1 1 1 1 1 1 1 1 1 1 100 1 100 1 1 15 10 100 12 1 1 1 16 15 16 1 16 1 15 10 12 16 1 100 1 1 100 1 100 1 1
ciInstanceKlass java/lang/reflect/Constructor 1 1 429 10 7 12 1 1 1 10 7 12 1 1 9 7 12 1 1 1 10 12 1 1 10 12 1 1 10 7 12 1 1 9 12 1 1 10 7 12 1 1 1 9 12 1 1 9 12 1 1 9 12 1 9 12 1 1 9 12 1 9 12 1 1 9 12 1 1 9 12 1 100 1 8 1 10 12 1 10 12 1 9 12 1 1 10 7 12 1 1 10 7 12 1 1 1 10 12 1 1 10 12 1 1 10 12 1 7 1 100 1 8 1 10 10 12 1 10 12 1 10 12 1 1 10 12 1 1 100 1 10 7 12 1 1 10 12 1 1 10 12 1 10 12 1 1 10 7 12 1 1 1 10 100 12 1 1 10 12 1 1 10 12 1 10 100 12 1 1 1 8 1 10 10 12 1 100 1 8 1 10 12 1 10 12 1 1 10 12 1 1 10 12 1 10 12 1 10 12 1 1 10 12 1 1 9 12 1 1 10 12 1 1 10 12 1 1 10 12 1 8 1 10 12 1 1 11 7 12 1 1 1 10 12 1 1 10 12 1 10 12 1 9 12 1 1 10 7 12 1 1 1 10 12 1 1 10 12 1 1 10 12 1 1 10 12 1 1 10 12 1 9 100 12 1 1 10 12 1 10 12 1 10 12 1 100 1 8 1 10 10 12 1 1 10 12 1 10 10 12 1 1 10 12 1 1 10 100 12 1 1 1 11 100 12 1 1 1 10 12 1 1 9 100 12 1 1 1 10 100 12 1 1 1 10 12 1 1 1 1 1 1 1 1 1 1 1 1 1 1 1 1 1 1 1 1 1 1 1 1 1 1 1 1 1 1 1 1 1 1 1 1 1 1 1 1 1 1 1 1 1 1 1 1 1 1 1 100 1 100 1 100 1 100 1 1 1 1 1 1 1 1 1 1 1 1 1 1 1 1 1 1 1 1 1 1 1 1 1 1 1 1 1 1 1 1 1 100 1 1
ciInstanceKlass java/lang/reflect/Method 1 1 446 9 7 12 1 1 1 10 7 12 1 1 1 10 7 12 1 1 9 12 1 1 10 12 1 1 10 12 1 1 10 7 12 1 1 10 7 12 1 1 1 9 12 1 1 9 12 1 9 12 1 1 9 12 1 9 12 1 9 12 1 1 9 12 1 9 12 1 1 9 12 1 9 12 1 9 12 1 1 100 1 8 1 10 12 1 10 12 1 9 12 1 1 8 1 10 7 12 1 1 10 7 12 1 1 1 10 12 1 1 10 12 1 1 10 12 1 10 12 1 1 10 12 1 1 7 1 10 12 1 1 10 12 10 7 12 1 1 10 12 1 1 10 12 1 10 12 1 10 12 1 10 7 12 1 1 1 10 12 1 1 10 7 1 10 7 12 1 1 1 10 7 12 1 1 10 12 1 1 10 12 1 1 10 12 1 10 7 12 1 1 1 10 12 1 10 8 1 10 12 1 10 12 1 7 1 8 1 8 1 8 1 10 12 1 10 12 1 1 10 12 1 1 10 10 12 1 1 10 12 1 11 100 1 9 12 1 1 10 12 1 1 10 12 1 10 12 1 1 10 12 1 1 11 7 12 1 1 1 10 12 1 10 12 1 10 12 1 10 12 1 10 12 1 9 12 1 1 10 7 12 1 1 1 10 12 1 1 10 7 12 1 1 1 10 7 12 1 1 1 10 7 12 1 1 1 11 7 12 1 1 1 10 7 12 1 1 1 7 1 100 1 100 1 10 12 1 10 12 1 1 10 12 1 100 1 8 1 10 12 1 10 10 12 1 1 10 12 1 1 10 12 1 1 10 12 1 1 8 1 10 12 1 1 1 1 1 1 1 1 1 1 1 1 1 1 1 1 1 1 1 1 1 1 1 1 1 1 1 1 1 1 1 1 1 1 1 1 1 1 1 1 1 1 1 1 1 1 1 1 1 1 1 1 1 100 1 100 1 100 1 1 1 1 1 1 1 1 1 1 1 1 1 1 1 1 1 1 1 1 1 1 1 1 1 1
ciMethod java/lang/reflect/Method setAccessible (Z)V 30 0 41 0 -1
ciMethod java/lang/reflect/Method getName ()Ljava/lang/String; 310 0 155 0 -1
ciMethod java/lang/reflect/Method getModifiers ()I 272 0 136 0 -1
ciInstanceKlass java/lang/reflect/Field 1 1 437 9 7 12 1 1 1 10 12 1 1 10 7 12 1 1 1 10 7 12 1 1 9 12 1 1 10 12 1 1 10 12 1 1 10 7 12 1 1 10 7 12 1 1 1 9 12 1 1 9 12 1 9 12 1 9 12 1 1 9 12 1 1 9 12 1 9 12 1 1 9 12 1 1 100 1 8 1 10 12 1 10 12 1 9 12 1 1 9 12 1 10 12 1 10 7 12 1 1 10 12 1 1 10 12 1 1 10 12 1 10 12 1 1 7 1 10 12 1 1 10 12 1 1 10 12 1 1 10 12 1 10 12 1 10 100 1 10 100 12 1 1 100 1 10 8 1 10 12 1 1 10 12 1 1 8 1 10 12 10 12 1 8 1 8 1 10 11 100 1 9 12 1 10 12 1 1 10 12 1 1 11 7 12 1 1 1 11 12 1 1 11 12 1 1 11 12 1 1 11 12 1 1 11 12 1 1 11 12 1 1 11 12 1 1 11 12 1 1 11 12 1 1 11 12 1 1 11 12 1 1 11 12 1 1 11 12 1 1 11 12 1 1 11 12 1 1 11 12 1 1 11 12 1 1 10 12 1 10 100 12 1 1 10 12 1 10 12 1 1 10 12 9 12 1 1 10 7 12 1 1 1 10 12 1 1 10 100 12 1 1 10 12 1 1 11 100 1 10 12 1 100 1 10 100 12 1 1 1 10 7 12 1 1 1 9 12 1 10 7 12 1 1 1 11 7 12 1 1 1 10 12 1 1 10 12 1 1 9 100 12 1 1 1 10 100 12 1 1 1 10 12 1 1 100 1 1 1 1 1 1 1 1 1 1 1 1 1 1 1 1 1 1 1 1 1 1 1 1 1 1 1 1 1 1 1 1 1 1 1 100 1 1 1 1 1 1 1 1 1 1 1 1 1 1 1 1 1 1 1 1 1 1 1 1 1 1 1 1 1 1 1 1 1 1 100 1 1 1 1 1 1 1 1 100 1 1
ciInstanceKlass java/lang/reflect/Parameter 1 1 226 10 7 12 1 1 1 9 7 12 1 1 1 9 12 1 1 9 12 1 1 9 12 1 10 12 1 1 10 12 1 1 10 7 12 1 1 1 100 1 10 10 12 1 1 11 100 12 1 1 1 10 12 1 10 100 12 1 1 1 10 12 1 1 10 12 1 10 12 1 8 1 8 1 10 7 12 1 1 1 10 12 1 10 12 10 12 1 8 1 10 12 1 9 12 1 1 10 12 1 1 9 12 1 1 10 12 1 1 10 12 1 1 10 12 1 1 10 12 1 10 10 12 1 10 100 12 1 1 1 10 12 1 1 11 100 12 1 1 10 100 12 1 1 100 1 10 100 12 1 1 1 10 12 1 1 10 12 1 1 10 12 1 1 10 12 1 1 9 12 1 100 1 10 11 12 1 1 11 12 1 1 100 1 1 1 1 1 1 1 1 1 1 1 1 1 1 1 1 1 1 1 1 1 1 1 1 1 1 1 1 1 1 1 1 1 1 1 1 1 1 100 1 1 1 1
ciMethod java/lang/reflect/AccessibleObject checkAccess (Ljava/lang/Class;Ljava/lang/Class;Ljava/lang/Class;I)V 326 0 618 0 0
ciMethod java/lang/reflect/AccessibleObject printStackTraceWhenAccessFails ()Z 0 0 1 0 -1
ciMethod java/lang/reflect/AccessibleObject verifyAccess (Ljava/lang/Class;Ljava/lang/Class;Ljava/lang/Class;I)Z 582 0 618 0 -1
ciMethod java/lang/reflect/AccessibleObject isAccessChecked (Ljava/lang/Class;)Z 842 0 620 0 -1
ciMethod java/lang/reflect/AccessibleObject isAccessChecked (Ljava/lang/Class;Ljava/lang/Class;)Z 0 0 1 0 -1
ciMethod java/lang/reflect/AccessibleObject slowVerifyAccess (Ljava/lang/Class;Ljava/lang/Class;Ljava/lang/Class;I)Z 486 0 289 0 -1
ciInstanceKlass java/lang/reflect/Array 1 1 83 10 100 12 1 1 1 10 7 12 1 1 1 10 12 1 1 1 1 1 1 1 1 1 1 1 1 1 1 1 100 1 1 1 1 1 100 1 1 1 1 1 1 1 1 100 1 1 1 1 1 1 1 1 1 1 1 1 1 1 1 1 1 1 1 1 1 1 1 1 1 1 1 1 1 1 1 1 1 1 1 1 1
ciInstanceKlass java/util/function/Function 1 1 77 10 100 12 1 1 1 18 12 1 1 18 18 12 1 11 7 12 1 100 1 1 1 1 1 1 1 1 1 1 1 1 1 1 1 1 1 1 1 1 1 1 1 1 1 1 1 1 1 1 1 1 1 1 15 10 7 12 1 1 1 16 15 11 12 15 11 12 15 11 12 1 100 1 100 1 1
ciMethod java/lang/reflect/Array newInstance (Ljava/lang/Class;I)Ljava/lang/Object; 258 0 9083 0 -1
ciInstanceKlass java/lang/StringBuffer 1 1 470 10 7 12 1 1 1 10 12 1 10 12 1 10 12 1 1 9 7 12 1 1 1 10 12 1 1 10 12 1 10 12 1 1 9 12 1 1 10 12 1 10 12 1 1 10 12 1 1 10 12 1 10 12 1 1 10 12 1 10 12 1 1 10 12 1 1 10 100 12 1 1 1 10 12 1 1 10 12 1 10 12 1 10 12 1 10 12 1 10 12 1 10 12 1 10 12 1 10 12 1 10 12 1 10 12 1 10 12 1 10 12 1 10 12 1 10 12 1 1 10 12 1 10 12 1 1 10 12 1 1 10 10 12 1 1 10 12 1 10 12 1 10 12 1 10 12 1 10 12 1 10 12 1 10 12 10 12 1 10 12 1 10 12 1 10 12 1 1 10 12 1 10 12 1 10 10 12 1 1 10 12 1 1 9 12 1 1 10 7 12 1 1 1 10 100 1 10 10 100 12 1 1 1 10 10 12 1 10 8 10 100 12 1 1 1 8 10 12 1 8 1 10 12 1 10 12 1 10 100 12 1 1 1 10 100 12 1 1 1 7 1 10 12 100 1 8 1 10 10 12 1 1 10 12 1 1 10 12 1 1 10 12 1 10 12 1 10 12 1 10 12 1 10 12 1 10 12 1 10 12 1 10 12 1 10 12 1 10 12 1 10 12 1 10 12 1 10 12 1 10 12 1 10 12 1 10 12 1 10 12 10 12 10 12 1 10 12 1 10 12 1 10 12 10 12 1 10 12 1 10 12 1 10 12 1 10 12 1 10 12 1 10 12 1 10 12 1 10 12 1 10 12 1 10 12 1 7 1 10 12 1 9 7 12 1 1 1 9 7 1 9 12 1 1 100 1 100 1 100 1 1 1 1 5 0 1 1 1 1 1 1 1 1 1 1 1 1 1 1 1 1 1 1 1 1 1 1 1 1 1 1 1 1 1 1 1 1 1 1 1 1 1 1 1 1 1 1 1 1 1 1 1 1 1 1 1 1 1 1 1 1 1 1 1 1 100 1 1 1 1 1 100 1 1 1 1 1 1 1 1 1 1 1 1 1 1 1 1 1
staticfield java/lang/StringBuffer serialPersistentFields [Ljava/io/ObjectStreamField; 3 [Ljava/io/ObjectStreamField;
ciInstanceKlass java/lang/CharSequence 1 1 130 11 7 12 1 1 1 18 12 1 1 100 1 10 100 12 1 1 1 18 10 100 12 1 1 1 10 100 12 1 1 1 100 1 11 12 1 1 10 100 12 1 1 1 11 12 1 1 100 1 10 12 1 1 10 100 12 1 1 1 100 1 10 10 12 1 1 1 1 1 1 1 1 1 1 1 1 1 1 1 1 1 1 1 1 1 1 1 1 1 1 1 1 1 1 1 1 1 1 15 10 100 12 1 1 1 16 1 15 11 12 16 15 11 12 1 1 100 1 100 1 1 100 1 1 100 1 100 1 1
instanceKlass java/lang/StringBuilder
instanceKlass java/lang/StringBuffer
ciInstanceKlass java/lang/AbstractStringBuilder 1 1 547 7 1 7 1 10 7 12 1 1 1 9 7 12 1 1 1 9 12 1 9 12 1 1 9 12 1 1 10 7 12 1 1 1 10 12 1 1 3 3 10 12 1 10 12 1 1 11 7 1 100 1 100 1 10 8 1 10 12 1 10 12 1 10 12 1 1 10 12 1 10 12 1 10 12 1 9 12 1 1 10 12 1 1 10 7 12 1 1 1 10 10 12 1 10 12 1 10 12 1 1 10 12 1 1 10 7 12 1 1 1 10 7 12 1 1 1 100 1 8 1 10 10 12 1 1 100 1 10 12 10 12 1 1 10 10 12 1 1 10 12 1 1 10 12 1 1 10 12 1 1 100 1 10 10 12 1 10 100 12 1 1 1 10 12 1 1 10 12 1 10 12 1 1 10 10 12 1 1 10 12 10 12 1 10 12 1 1 10 12 1 1 10 12 1 1 10 12 1 10 10 12 1 1 10 12 1 10 12 1 1 8 1 10 12 1 1 10 12 1 10 12 1 10 12 1 10 12 1 10 12 1 10 12 1 10 7 12 1 1 10 12 1 10 12 1 10 100 12 1 1 1 10 12 1 10 12 1 10 12 1 10 12 1 10 12 1 1 10 12 1 10 12 1 1 10 12 1 1 10 10 7 12 1 1 1 10 12 1 10 12 1 10 12 1 1 10 12 1 10 12 1 10 12 1 10 12 1 10 12 1 10 12 1 10 12 1 10 12 1 10 12 1 1 10 12 1 10 12 1 10 12 10 12 1 1 18 12 1 1 100 1 10 100 12 1 1 1 18 10 12 1 1 10 12 1 10 12 1 1 11 12 1 10 12 1 10 12 1 10 10 12 1 10 8 1 8 1 8 1 10 10 100 1 10 12 1 100 1 10 100 1 10 100 1 1 1 3 1 1 1 1 1 1 1 1 1 1 100 1 1 1 1 1 1 1 1 1 1 1 1 1 1 1 1 1 1 1 1 1 1 1 1 1 1 1 1 1 1 1 1 1 1 1 1 1 1 1 1 1 1 1 1 1 1 1 1 1 1 1 1 1 1 1 1 1 1 1 1 1 1 1 1 1 1 1 1 1 1 1 1 1 1 1 1 1 1 1 1 1 1 1 1 1 1 1 1 1 1 1 1 1 1 1 1 1 100 1 1 100 1 1 1 1 1 100 1 1 1 1 1 1 15 10 100 12 1 1 1 16 1 15 10 12 16 15 10 12 1 1 1 1 100 1 100 1 1
staticfield java/lang/AbstractStringBuilder EMPTYVALUE [B 0
ciInstanceKlass java/lang/SecurityManager 0 0 576 10 100 12 1 1 1 9 100 12 1 1 1 10 100 12 1 1 1 100 1 8 1 10 12 1 10 12 1 1 10 100 12 1 1 1 10 100 1 10 100 1 10 9 100 12 1 1 1 10 100 12 1 1 1 10 12 1 1 10 100 12 1 1 100 1 8 1 10 9 12 1 1 9 12 1 8 1 9 12 1 100 1 10 8 1 10 12 1 1 10 12 1 10 12 1 1 100 1 10 10 12 1 1 100 1 8 1 10 12 1 8 1 8 1 8 1 8 1 8 1 8 1 10 12 1 8 1 8 1 8 1 8 1 8 1 10 100 12 1 1 1 10 12 1 1 8 1 100 1 8 1 10 8 1 8 1 8 1 8 1 8 1 10 100 12 1 1 8 1 100 1 8 1 8 1 10 8 1 10 12 1 100 1 8 1 10 10 12 1 1 10 12 1 10 12 1 10 12 1 10 100 12 1 1 1 10 12 1 10 100 12 1 1 11 100 12 1 1 1 18 12 1 1 11 100 12 1 1 1 18 12 1 1 11 12 1 1 18 18 11 12 1 18 12 1 11 12 1 1 9 12 1 1 9 12 1 9 12 1 9 12 1 100 1 10 100 12 1 1 10 12 1 10 12 1 18 12 1 18 10 100 12 1 1 1 18 12 1 10 12 1 18 18 8 1 10 12 1 9 12 1 1 11 100 12 1 1 1 8 1 100 1 10 12 1 10 12 1 1 10 12 1 1 9 12 1 1 10 12 1 10 12 1 1 8 1 100 1 10 9 12 1 8 1 10 12 1 8 1 100 1 10 10 100 12 1 1 10 100 1 9 100 12 1 1 1 11 12 1 1 10 12 1 11 12 1 10 12 1 100 1 10 10 12 1 1 10 12 1 1 1 1 1 1 1 1 1 1 1 100 1 1 1 1 1 1 1 1 1 1 1 1 1 1 1 1 1 1 1 1 1 1 1 1 1 1 1 1 1 1 1 1 1 1 1 1 1 1 1 1 1 1 1 1 1 1 1 1 1 1 1 1 1 1 1 1 3 1 1 1 1 1 1 1 1 1 1 100 1 1 1 1 1 1 1 1 1 1 1 1 1 1 1 1 1 1 1 1 1 1 1 1 1 1 1 1 1 1 1 1 1 1 1 1 1 1 15 10 100 12 1 1 1 16 15 10 100 12 1 1 1 16 1 16 15 10 12 16 1 15 10 12 16 15 11 100 1 16 1 16 1 15 10 12 16 15 10 12 16 15 10 12 1 16 1 15 11 12 1 15 10 12 16 15 10 16 1 1 1 1 100 1 100 1 1
ciInstanceKlass java/security/AccessControlContext 1 1 373 9 7 12 1 1 1 9 12 1 1 10 100 12 1 1 1 8 1 10 100 12 1 1 1 10 7 12 1 1 1 9 12 1 9 12 1 1 9 12 1 1 10 7 12 1 1 100 1 10 12 1 11 100 12 1 1 1 11 12 1 11 12 1 11 12 1 1 7 1 11 12 1 1 10 12 1 10 7 12 1 1 1 9 100 12 1 1 1 10 100 12 1 1 1 11 100 12 1 1 1 10 7 1 100 1 8 1 10 12 1 10 12 1 1 7 1 10 7 12 1 1 1 9 12 1 9 12 1 9 12 1 9 12 1 1 9 12 1 1 9 12 1 9 12 1 10 7 12 1 1 1 9 12 1 10 12 1 1 10 12 1 1 8 1 10 12 1 1 10 12 1 1 10 100 12 1 1 1 100 1 10 10 12 1 1 10 100 12 1 1 1 10 8 1 10 100 12 1 1 8 1 10 100 12 1 1 8 1 8 1 10 12 1 8 1 10 12 1 8 1 10 12 1 10 12 1 10 12 1 1 8 1 8 1 100 1 10 12 1 10 12 1 1 100 1 10 12 1 8 1 10 12 1 10 12 1 10 8 1 10 12 1 1 10 12 1 1 10 12 1 1 10 12 1 1 10 12 1 10 12 1 10 12 1 10 12 1 1 10 10 10 12 1 1 1 1 1 1 1 1 1 1 1 1 1 1 1 1 1 1 1 1 1 1 1 1 100 1 1 1 1 1 1 1 1 1 1 1 1 1 1 1 1 1 1 1 1 1 1 1 1 1 1 1 1 1 1 1 1 1 1 1 1 1 1 1 1 1 1 1 1 1 1 1 1 1 1 1 1 3 1 1
ciInstanceKlass java/net/URL 1 1 743 10 7 12 1 1 1 10 12 1 10 7 12 1 1 9 12 1 1 9 12 1 10 7 12 1 1 1 10 12 1 1 10 12 1 1 9 12 1 1 10 7 12 1 1 1 8 1 10 12 1 1 7 1 10 10 12 1 1 8 1 10 12 1 1 9 12 1 7 1 8 1 10 12 1 10 12 1 8 1 9 12 1 10 12 1 1 9 12 1 10 12 1 10 12 1 9 12 1 9 12 1 8 1 9 12 1 10 12 1 1 8 1 9 12 1 1 10 12 1 1 10 7 12 1 1 1 8 1 10 12 1 7 1 10 12 1 10 12 1 10 12 1 10 12 1 1 10 12 1 1 8 1 10 12 1 1 10 12 1 8 1 9 12 1 8 1 10 12 1 10 7 12 1 1 1 100 1 10 12 1 10 12 1 1 10 7 12 1 1 1 7 1 8 1 10 10 12 1 8 1 10 12 1 1 10 12 1 10 12 1 10 12 1 10 12 1 10 12 1 8 1 10 12 1 10 10 7 12 1 1 1 10 12 1 9 100 12 1 1 1 10 100 12 1 1 1 9 12 1 1 10 12 1 10 100 12 1 1 1 100 1 100 1 10 12 1 10 12 1 10 12 1 10 12 1 10 12 1 10 12 10 10 10 12 1 100 1 10 12 1 10 12 1 1 8 1 9 100 12 1 1 1 10 100 12 1 1 1 10 12 1 1 9 100 12 1 1 1 10 12 1 1 100 1 10 12 1 10 12 1 10 10 12 1 1 10 12 1 1 10 12 1 10 12 1 10 12 1 10 7 12 1 1 1 10 12 1 1 10 12 1 9 12 1 1 9 12 1 1 100 1 8 1 10 10 12 1 9 12 1 1 10 7 12 1 1 8 1 10 7 12 1 1 8 1 10 12 1 1 10 12 1 8 1 8 1 10 7 12 1 1 1 100 1 10 100 12 1 1 1 10 12 1 10 12 1 7 1 10 9 12 1 1 10 7 12 1 1 8 1 10 12 1 1 7 1 10 10 7 12 1 1 1 8 9 100 12 1 1 1 10 12 1 10 12 1 10 12 1 10 12 1 10 7 12 1 1 11 7 12 1 1 10 12 1 10 12 1 9 12 1 10 12 1 1 10 100 12 1 1 10 100 12 1 1 1 8 10 100 12 1 1 100 1 10 8 8 10 12 1 8 8 8 100 1 10 12 1 9 12 1 1 10 12 1 10 12 1 1 10 12 1 10 12 10 12 1 1 10 12 1 1 10 10 10 12 1 10 12 1 10 12 1 10 12 1 10 12 1 10 10 12 1 100 1 8 1 10 10 10 12 1 1 10 12 1 10 12 1 1 8 1 7 1 10 10 10 7 1 10 12 1 9 7 12 1 1 1 9 12 1 1 7 1 10 10 7 12 1 1 1 100 1 1 1 1 1 5 0 1 1 1 1 1 1 1 1 1 1 1 1 1 1 1 1 1 1 1 1 1 1 1 1 1 1 1 1 1 1 1 1 1 1 1 1 1 1 1 100 1 1 1 1 1 1 1 1 1 1 1 1 1 1 1 1 1 1 1 1 1 1 1 1 1 1 1 1 1 1 1 1 1 1 1 1 1 100 1 1 1 1 1 1 1 1 1 1 1 1 1 1 1 1 100 1 1 1 1 1 1 1 1 1 1 1 1 1 1 1 1 1 1
staticfield java/net/URL defaultFactory Ljava/net/URLStreamHandlerFactory; java/net/URL$DefaultFactory
staticfield java/net/URL streamHandlerLock Ljava/lang/Object; java/lang/Object
staticfield java/net/URL serialPersistentFields [Ljava/io/ObjectStreamField; 7 [Ljava/io/ObjectStreamField;
ciInstanceKlass java/util/jar/Manifest 1 1 336 10 7 12 1 1 1 7 1 10 9 7 12 1 1 1 7 1 10 9 12 1 1 9 12 1 1 10 12 1 10 12 1 1 10 12 1 1 10 12 1 1 10 12 1 1 11 7 1 11 12 1 1 10 12 1 1 10 100 12 1 1 1 100 1 100 1 10 8 1 10 12 1 1 10 12 1 1 10 12 1 10 12 1 11 100 1 10 12 1 10 12 1 1 11 12 1 1 10 12 1 11 12 1 1 11 100 12 1 1 1 11 100 12 1 1 11 12 1 1 100 1 10 12 1 8 1 11 12 1 7 1 10 12 1 1 11 12 1 10 12 1 10 12 1 10 100 12 1 1 1 8 1 10 12 1 1 10 9 7 12 1 1 1 10 12 1 1 10 100 12 1 10 12 1 10 12 1 9 100 12 1 1 1 8 1 10 12 1 8 1 8 1 7 1 10 12 1 10 12 1 10 12 1 1 100 1 8 1 10 12 1 1 8 1 10 10 12 1 1 8 1 10 12 1 1 10 7 12 1 1 1 10 12 1 10 11 12 1 1 10 12 1 10 7 12 1 1 1 10 12 1 1 10 12 1 1 11 10 12 1 11 10 12 1 100 1 1 1 1 1 1 1 1 1 1 1 1 1 1 1 1 1 1 1 1 1 1 1 1 1 1 1 1 1 1 1 1 1 1 1 1 1 1 1 1 1 1 1 100 1 1 1 1 1 1 1 1 1 1 1 1 1 1 100 1 1 1 1 1 1 1 1 1 1 1
ciInstanceKlass java/util/Objects 1 1 151 10 7 12 1 1 1 100 1 8 1 10 12 1 10 12 1 1 10 7 12 1 1 1 10 12 1 1 10 12 1 10 100 12 1 1 1 10 12 1 1 11 100 12 1 1 1 100 1 10 10 12 1 8 1 10 7 12 1 1 1 8 1 100 1 11 12 1 1 8 1 10 7 12 1 1 1 10 12 1 1 10 12 1 10 12 1 10 12 1 10 12 1 1 1 1 1 1 1 1 1 1 1 1 1 1 1 1 1 1 1 1 1 1 1 1 1 1 1 1 1 1 1 1 1 1 1 1 1 1 1 1 1 1 1 1 1 1 1 1 1 1 1 1 1 1 1 1 1 1 1
instanceKlass java/util/concurrent/ConcurrentSkipListMap
instanceKlass com/fasterxml/jackson/databind/util/internal/PrivateMaxEntriesMap
instanceKlass org/springframework/util/ConcurrentReferenceHashMap
instanceKlass java/util/Collections$SingletonMap
instanceKlass java/util/TreeMap
instanceKlass sun/util/PreHashedMap
instanceKlass java/util/IdentityHashMap
instanceKlass java/util/EnumMap
instanceKlass java/util/WeakHashMap
instanceKlass java/util/Collections$EmptyMap
instanceKlass java/util/HashMap
instanceKlass java/util/ImmutableCollections$AbstractImmutableMap
instanceKlass java/util/concurrent/ConcurrentHashMap
ciInstanceKlass java/util/AbstractMap 1 1 192 10 7 12 1 1 1 10 7 12 1 1 1 11 7 12 1 1 1 10 11 12 1 1 11 7 12 1 1 1 11 12 1 1 7 1 11 12 1 10 12 1 1 11 12 1 100 1 10 11 12 1 11 7 1 10 12 1 1 11 12 1 9 12 1 1 7 1 10 12 1 9 12 1 1 100 1 10 11 11 12 1 1 11 12 1 100 1 100 1 11 12 1 8 1 100 1 10 10 12 1 1 8 1 10 12 1 10 12 1 1 10 12 1 1 1 1 1 1 1 1 1 1 1 1 1 1 1 1 1 1 1 1 1 1 1 1 1 1 1 1 1 1 1 1 1 1 1 1 1 1 1 1 100 1 1 1 1 1 1 1 1 1 1 1 1 1 1 1 1 100 1 1 1 1 1 1 1 1 1 100 1 100 1 100 1 100 1 1 1 1 1
ciInstanceKlass java/util/List 1 1 217 10 100 12 1 1 1 11 100 12 1 1 1 11 100 12 1 1 1 11 12 1 1 11 100 12 1 1 11 12 1 1 11 12 1 1 10 100 12 1 1 1 7 1 7 1 10 12 1 1 100 1 10 100 12 1 1 1 9 7 12 1 1 1 7 1 10 12 10 12 1 7 1 10 12 1 1 10 12 1 10 12 1 1 100 1 1 1 1 1 1 1 1 1 1 1 1 1 1 1 1 1 1 1 1 1 1 1 1 1 1 1 1 1 1 1 1 1 1 1 1 1 1 1 1 1 1 1 1 1 1 1 1 1 1 100 1 100 1 1 1 1 1 1 1 1 1 1 1 1 1 1 1 1 1 1 1 1 1 1 1 1 1 1 1 1 1 1 1 1 1 1 1 1 1 1 1 1 1 1 1 1 1 1 1 1 1 1 1 1 1 1 1 1 1 1 1 1 1 1 1 1 1 1 1 1 1 1 1 1 100 1 1 100 1 1 1
instanceKlass java/util/AbstractList$SubList
instanceKlass java/util/Collections$CopiesList
instanceKlass java/util/Collections$SingletonList
instanceKlass sun/security/jca/ProviderList$ServiceList
instanceKlass sun/security/jca/ProviderList$3
instanceKlass java/util/AbstractSequentialList
instanceKlass java/util/Vector
instanceKlass java/util/Arrays$ArrayList
instanceKlass java/util/ArrayList$SubList
instanceKlass java/util/Collections$EmptyList
instanceKlass java/util/ArrayList
ciInstanceKlass java/util/AbstractList 1 1 218 10 7 12 1 1 1 9 7 12 1 1 1 10 12 1 1 10 12 1 1 100 1 10 10 12 1 1 11 7 12 1 1 1 11 12 1 1 11 12 1 10 7 12 1 1 1 10 12 1 11 12 1 11 12 1 11 12 1 10 12 1 1 10 12 1 1 11 100 12 1 1 1 11 7 1 11 7 1 10 12 1 7 1 10 12 1 10 12 1 1 7 1 7 1 10 12 1 100 1 10 100 1 100 1 10 8 1 10 12 1 1 10 12 1 10 12 1 1 10 12 1 8 1 100 1 8 1 8 1 8 1 10 7 1 11 10 10 12 1 11 12 1 10 12 1 1 8 1 8 1 1 1 1 1 1 1 1 1 1 1 1 1 1 1 1 1 1 1 1 1 1 1 1 1 1 1 1 1 1 1 1 1 1 1 1 1 1 1 1 1 1 1 1 1 1 1 1 1 1 1 1 1 1 1 1 1 1 100 1 100 1 1 1 1 1 1 1
ciMethod java/util/AbstractCollection contains (Ljava/lang/Object;)Z 0 0 1 0 -1
ciMethod java/util/Objects equals (Ljava/lang/Object;Ljava/lang/Object;)Z 560 0 88573 0 -1
ciMethod java/util/Objects requireNonNull (Ljava/lang/Object;)Ljava/lang/Object; 592 0 190141 0 -1
ciInstanceKlass java/lang/AssertionStatusDirectives 0 0 24 10 100 12 1 1 1 100 1 1 1 1 1 1 1 1 1 1 1 1 1 1 1 1
ciInstanceKlass java/lang/invoke/MethodHandleNatives$CallSiteContext 1 1 49 10 7 12 1 1 1 7 1 10 10 7 12 1 1 1 10 7 12 1 1 1 10 7 12 1 1 1 100 1 1 1 1 1 1 1 1 1 1 1 1 1 1 1 1 1 100 1 1
ciInstanceKlass jdk/internal/invoke/NativeEntryPoint 0 0 92 10 100 12 1 1 1 9 100 12 1 1 1 10 100 12 1 1 1 100 1 9 12 1 9 12 1 9 12 1 1 9 12 1 1 9 12 1 1 100 1 8 1 10 12 1 11 100 12 1 1 1 10 12 1 1 10 12 1 11 100 12 1 1 11 12 1 10 12 1 1 10 12 1 1 1 1 1 1 1 1 1 1 1 1 1 1 1 1 1 1 1
instanceKlass java/lang/invoke/VolatileCallSite
instanceKlass java/lang/invoke/MutableCallSite
instanceKlass java/lang/invoke/ConstantCallSite
ciInstanceKlass java/lang/invoke/CallSite 1 1 302 10 7 12 1 1 1 10 7 12 1 1 1 9 7 12 1 1 1 10 12 1 1 9 12 1 1 10 7 12 1 1 1 10 12 1 100 1 10 12 1 1 10 12 1 1 9 100 12 1 1 1 10 100 12 1 1 10 12 1 1 100 1 100 1 10 10 100 12 1 1 1 10 12 1 1 8 1 10 12 1 10 12 1 1 10 12 1 10 12 1 1 10 12 1 1 10 10 100 12 1 1 10 12 1 1 9 12 1 9 100 12 1 1 1 8 1 10 7 12 1 1 1 10 12 1 1 100 1 10 12 1 1 9 12 1 8 1 100 1 10 12 1 10 12 1 100 1 8 1 10 10 12 1 10 12 1 1 100 1 10 12 1 1 10 12 1 10 12 1 10 12 1 1 10 12 1 1 9 12 1 1 8 10 12 1 1 9 12 1 1 100 1 10 10 12 1 10 100 12 1 1 1 10 12 1 1 10 12 1 1 10 12 1 10 7 12 1 1 1 100 1 8 1 10 10 12 10 12 1 1 100 1 100 1 100 1 8 1 10 12 1 10 7 12 1 1 1 1 1 1 1 1 1 1 1 1 1 1 1 1 1 1 1 1 1 1 1 1 1 1 1 1 1 1 1 1 1 1 1 1 1 1 1 1 1 1 1 1 1 1 1 1 1 1 1 1 1 1 1 1 1
staticfield java/lang/invoke/CallSite $assertionsDisabled Z 1
ciInstanceKlass java/lang/invoke/VolatileCallSite 0 0 37 10 100 12 1 1 1 10 12 1 10 100 12 1 1 1 10 12 1 10 12 1 1 1 1 1 1 1 1 1 1 1 1 1 1 1 1
ciInstanceKlass java/lang/invoke/MethodType 1 1 771 7 1 10 7 12 1 1 1 9 12 1 1 9 12 1 1 9 12 1 1 10 7 12 1 1 1 9 7 12 1 1 8 1 10 100 12 1 1 1 9 7 1 9 7 1 10 12 1 1 100 1 10 8 1 10 12 1 1 10 12 1 10 12 1 1 100 1 8 1 10 12 1 100 1 10 10 12 1 10 12 1 1 10 12 1 1 11 7 12 1 1 1 9 12 1 11 12 1 1 7 7 1 10 7 12 1 1 1 10 12 1 9 12 1 1 10 7 12 1 1 10 12 1 1 10 7 12 1 1 1 10 7 12 1 1 1 10 12 1 9 12 1 1 10 12 1 1 7 1 10 12 1 1 10 12 1 1 10 12 1 1 10 12 1 1 10 12 1 1 10 12 1 10 12 1 10 12 1 1 10 12 1 8 1 8 1 10 12 1 1 9 12 1 1 100 1 10 10 12 1 1 10 12 1 10 12 1 1 10 12 1 1 10 12 1 10 12 1 1 10 12 1 8 1 10 12 1 1 10 7 12 1 1 1 10 12 1 10 12 1 1 10 12 1 10 12 1 10 12 1 1 10 12 1 10 12 1 9 12 1 10 12 1 10 10 12 1 1 10 12 1 9 12 1 1 10 12 1 1 10 12 1 1 10 12 1 1 10 12 1 1 7 1 10 12 10 12 1 10 12 1 100 1 8 1 8 1 8 1 10 12 1 10 12 1 10 12 1 10 11 12 1 1 11 12 1 10 100 12 1 1 1 9 12 1 10 12 1 10 12 1 1 10 12 1 1 10 12 1 10 12 1 10 100 12 1 1 1 10 12 1 1 10 12 1 10 12 1 10 12 1 10 9 12 1 1 7 1 10 12 1 10 12 1 1 9 100 12 1 1 1 10 100 12 1 1 1 10 100 12 1 1 1 10 12 1 1 10 7 12 1 1 1 10 12 1 1 8 1 10 7 12 1 1 1 11 12 1 1 9 12 1 1 10 12 1 1 10 12 1 10 12 1 1 10 12 1 1 10 100 12 1 1 100 1 10 12 1 1 11 100 12 1 1 1 18 12 1 1 11 12 1 1 18 12 1 11 12 1 100 1 11 100 12 1 1 10 12 1 100 1 10 12 1 10 100 12 1 1 10 12 1 1 9 12 1 1 9 100 12 1 1 1 10 100 12 1 1 1 9 12 1 10 100 12 1 1 10 12 1 100 10 12 1 1 10 12 1 10 7 1 7 1 9 12 1 1 100 1 100 1 100 1 1 1 5 0 1 1 1 1 1 1 1 3 1 3 1 3 1 1 1 1 1 1 1 1 1 1 1 1 1 1 1 1 1 1 1 1 1 1 1 1 1 1 1 1 1 1 1 1 1 1 1 1 1 1 1 1 1 1 1 1 1 1 1 1 1 1 1 1 1 1 1 1 1 1 1 1 1 1 1 1 1 1 1 1 1 1 1 1 1 1 1 1 1 1 1 1 1 1 1 1 1 1 1 1 1 1 1 1 1 1 1 1 1 1 1 1 1 1 1 1 1 1 1 1 1 1 1 1 1 1 1 1 1 1 1 1 1 1 1 1 1 1 1 100 1 100 1 1 1 1 1 1 1 1 1 1 1 1 1 100 1 1 1 100 1 1 1 1 1 1 1 1 1 1 1 1 1 1 1 1 1 1 1 1 1 15 10 100 12 1 1 1 16 15 10 12 16 16 15 10 12 16 1 1 1 1 100 1 1 100 1 1 100 1 100 1 1
staticfield java/lang/invoke/MethodType internTable Ljava/lang/invoke/MethodType$ConcurrentWeakInternSet; java/lang/invoke/MethodType$ConcurrentWeakInternSet
staticfield java/lang/invoke/MethodType NO_PTYPES [Ljava/lang/Class; 0 [Ljava/lang/Class;
staticfield java/lang/invoke/MethodType objectOnlyTypes [Ljava/lang/invoke/MethodType; 20 [Ljava/lang/invoke/MethodType;
staticfield java/lang/invoke/MethodType METHOD_HANDLE_ARRAY [Ljava/lang/Class; 1 [Ljava/lang/Class;
staticfield java/lang/invoke/MethodType serialPersistentFields [Ljava/io/ObjectStreamField; 0 [Ljava/io/ObjectStreamField;
staticfield java/lang/invoke/MethodType $assertionsDisabled Z 1
ciInstanceKlass java/lang/BootstrapMethodError 0 0 45 10 100 12 1 1 1 10 12 1 10 12 1 10 100 12 1 1 1 10 100 12 1 1 1 1 1 1 5 0 1 1 1 1 1 1 1 1 1 1 1 100 1 1 1
instanceKlass org/springframework/cglib/core/MethodWrapper$MethodWrapperKey
instanceKlass org/springframework/cglib/proxy/Enhancer$EnhancerKey
instanceKlass org/springframework/boot/http/client/ClientHttpRequestFactorySettings
instanceKlass org/springframework/util/PlaceholderParser$ParsedSection
instanceKlass org/springframework/boot/SpringApplicationShutdownHook$Handler
instanceKlass jdk/net/UnixDomainPrincipal
instanceKlass org/springframework/util/ConcurrentLruCache$CacheEntry
instanceKlass org/springframework/web/util/RfcUriParser$UriRecord
instanceKlass org/springframework/util/PlaceholderParser$ParsedValue
instanceKlass sun/security/pkcs/SignerInfo$AlgorithmInfo
instanceKlass jdk/internal/misc/ThreadTracker$ThreadRef
instanceKlass org/springframework/core/io/support/SpringFactoriesLoader$Factories
ciInstanceKlass java/lang/Record 1 1 22 10 7 12 1 1 1 100 1 1 1 1 1 1 1 1 1 1 1 1 1 1
ciInstanceKlass java/lang/ClassNotFoundException 1 1 96 7 1 10 7 12 1 1 1 10 12 1 10 12 1 1 10 100 12 1 1 1 8 1 10 100 12 1 1 1 10 7 12 1 1 10 100 12 1 1 1 10 100 12 1 1 1 10 12 1 1 7 1 10 12 1 9 12 1 1 1 1 1 5 0 1 1 1 1 1 1 1 1 1 1 1 1 1 1 1 1 1 1 100 1 1 1 1 1 1 1 1 1 1 1 1
staticfield java/lang/ClassNotFoundException serialPersistentFields [Ljava/io/ObjectStreamField; 1 [Ljava/io/ObjectStreamField;
ciInstanceKlass jdk/internal/loader/ClassLoaders$AppClassLoader 1 1 119 8 1 10 7 12 1 1 1 10 7 12 1 1 1 10 100 12 1 1 1 10 12 1 1 10 100 12 1 1 1 10 12 1 1 10 12 1 1 7 1 8 1 10 12 10 7 12 1 1 1 10 7 12 1 1 10 12 1 1 10 12 1 1 10 7 12 1 1 1 100 1 10 12 1 1 1 1 1 1 1 1 1 1 1 1 1 1 1 1 1 1 1 1 1 100 1 1 1 1 1 1 1 1 1 1 1 1 1 1 1 1 1 1 1 100 1 1 1
ciInstanceKlass jdk/internal/loader/ClassLoaders$PlatformClassLoader 1 1 42 8 1 10 7 12 1 1 1 10 7 12 1 1 1 100 1 10 12 1 100 1 1 1 1 1 1 1 1 1 1 1 1 1 1 100 1 1 1 100 1 1
ciInstanceKlass java/lang/ArithmeticException 1 1 26 10 100 12 1 1 1 10 12 1 100 1 1 1 1 5 0 1 1 1 1 1 1 1 1 1
ciInstanceKlass java/lang/NullPointerException 1 1 52 10 100 12 1 1 1 10 12 1 9 100 12 1 1 1 10 12 1 1 9 12 1 1 10 12 1 1 10 12 1 1 1 1 5 0 1 1 1 1 1 1 1 1 100 1 100 1 100 1 1 1
ciInstanceKlass java/lang/IllegalMonitorStateException 1 1 26 10 100 12 1 1 1 10 12 1 100 1 1 1 1 5 0 1 1 1 1 1 1 1 1 1
ciInstanceKlass java/lang/OutOfMemoryError 1 1 26 10 100 12 1 1 1 10 12 1 100 1 1 1 1 5 0 1 1 1 1 1 1 1 1 1
ciInstanceKlass java/lang/InternalError 1 1 34 10 7 12 1 1 1 10 12 1 10 12 1 10 12 1 100 1 1 1 1 5 0 1 1 1 1 1 1 1 1 1 1 1
ciInstanceKlass java/lang/ClassCastException 1 1 26 10 100 12 1 1 1 10 12 1 100 1 1 1 1 5 0 1 1 1 1 1 1 1 1 1
ciInstanceKlass java/lang/NoClassDefFoundError 0 0 26 10 100 12 1 1 1 10 12 1 100 1 1 1 1 5 0 1 1 1 1 1 1 1 1 1
instanceKlass java/nio/IntBuffer
instanceKlass java/nio/CharBuffer
instanceKlass java/nio/LongBuffer
instanceKlass java/nio/ByteBuffer
ciInstanceKlass java/nio/Buffer 1 1 224 100 1 10 7 12 1 1 1 9 7 12 1 1 1 9 12 1 9 12 1 1 9 12 1 9 12 1 1 10 12 1 1 10 12 1 1 10 12 100 1 100 1 10 8 1 10 12 1 1 10 12 1 8 1 8 1 10 12 1 1 10 12 1 8 1 9 12 1 1 100 1 8 1 10 12 1 8 1 8 1 9 12 10 12 1 8 1 8 1 8 1 10 12 1 8 1 8 1 8 1 100 1 10 100 1 10 100 1 10 100 1 10 10 100 12 1 1 1 10 11 100 12 1 1 10 7 12 1 1 1 10 7 12 1 1 1 9 12 1 1 10 7 12 1 1 1 9 12 1 1 7 1 10 10 7 12 1 1 1 1 1 3 1 1 1 1 1 1 1 1 1 1 1 1 1 1 1 1 1 1 100 1 1 1 1 1 1 1 1 1 1 1 1 1 1 1 1 1 1 1 1 1 1 1 1 1 1 1 1 1 1 1 1 1 1 1 1 1 1 1 1 1 1
staticfield java/nio/Buffer UNSAFE Ljdk/internal/misc/Unsafe; jdk/internal/misc/Unsafe
staticfield java/nio/Buffer SCOPED_MEMORY_ACCESS Ljdk/internal/misc/ScopedMemoryAccess; jdk/internal/misc/ScopedMemoryAccess
staticfield java/nio/Buffer $assertionsDisabled Z 1
ciInstanceKlass java/util/concurrent/atomic/AtomicInteger 1 1 181 10 7 12 1 1 1 9 7 12 1 1 1 9 12 1 1 9 12 1 1 10 7 12 1 1 1 10 12 1 1 10 12 1 1 10 12 1 10 12 1 10 12 1 1 11 100 12 1 1 1 10 12 1 1 11 100 12 1 1 10 100 12 1 1 1 10 12 1 1 10 12 1 10 12 1 10 12 1 10 12 1 10 12 1 1 10 12 1 10 12 1 10 12 1 10 12 1 10 12 1 10 12 1 1 8 10 12 1 1 100 1 1 1 5 0 1 1 1 1 1 1 1 1 1 1 1 1 1 1 1 1 1 1 1 1 1 1 1 1 1 1 1 1 1 1 1 1 1 1 1 1 1 1 1 1 1 1 1 1 1 1 1 1 1 1 1 1 1 1 1 1 1 1 1 1 1 1 1 1 1
staticfield java/util/concurrent/atomic/AtomicInteger U Ljdk/internal/misc/Unsafe; jdk/internal/misc/Unsafe
staticfield java/util/concurrent/atomic/AtomicInteger VALUE J 12
ciMethod java/util/Map computeIfAbsent (Ljava/lang/Object;Ljava/util/function/Function;)Ljava/lang/Object; 0 0 1 0 -1
ciInstanceKlass jdk/internal/misc/UnsafeConstants 1 1 34 10 100 12 1 1 1 9 7 12 1 1 1 9 12 1 9 12 1 1 9 12 1 9 12 1 1 1 1 1 1 1 1 1
staticfield jdk/internal/misc/UnsafeConstants ADDRESS_SIZE0 I 8
staticfield jdk/internal/misc/UnsafeConstants PAGE_SIZE I 4096
staticfield jdk/internal/misc/UnsafeConstants BIG_ENDIAN Z 0
staticfield jdk/internal/misc/UnsafeConstants UNALIGNED_ACCESS Z 1
staticfield jdk/internal/misc/UnsafeConstants DATA_CACHE_LINE_FLUSH_SIZE I 0
instanceKlass java/lang/invoke/DelegatingMethodHandle
instanceKlass java/lang/invoke/BoundMethodHandle
instanceKlass java/lang/invoke/DirectMethodHandle
ciInstanceKlass java/lang/invoke/MethodHandle 1 1 644 100 1 9 7 12 1 1 1 10 7 12 1 1 1 10 7 12 1 1 1 7 1 7 1 10 12 1 1 9 12 1 1 10 12 1 10 12 1 1 10 12 1 1 10 100 12 1 1 1 10 12 1 1 10 12 1 1 11 100 12 1 1 1 10 12 1 1 10 12 1 10 12 1 9 12 1 1 10 12 1 1 100 1 100 1 10 8 1 10 12 1 1 10 12 1 8 1 10 12 1 1 10 12 1 10 7 12 1 1 1 10 12 1 10 12 1 1 10 12 1 1 10 12 1 1 10 12 1 1 10 7 12 1 1 1 10 7 12 1 1 1 7 1 10 12 1 1 10 12 1 1 10 12 1 1 8 1 10 7 12 1 1 1 8 1 10 12 1 1 10 12 1 1 10 12 1 1 10 12 1 8 1 10 12 1 1 8 1 10 12 1 8 1 10 100 12 1 1 1 9 12 1 1 100 1 10 9 100 12 1 1 1 9 100 1 8 1 10 12 1 1 10 12 1 10 12 1 1 10 12 1 10 12 1 1 10 12 1 10 12 1 1 10 12 1 10 12 1 1 10 12 1 1 8 1 10 12 1 1 8 1 10 12 1 10 12 1 1 10 12 1 10 12 1 10 12 1 1 9 100 12 1 1 1 10 12 1 1 11 12 1 10 12 1 10 12 1 1 10 100 12 1 1 1 100 1 11 12 1 10 100 1 11 12 1 100 1 10 12 1 11 12 1 9 100 12 1 1 1 11 12 1 1 11 100 12 1 1 1 10 12 1 1 9 12 1 11 12 1 9 12 1 9 12 1 9 12 1 11 12 1 1 9 12 1 9 12 1 9 12 1 9 12 1 9 12 1 9 12 1 9 12 1 8 1 10 12 1 10 12 1 8 1 10 12 1 10 12 1 10 10 7 12 1 1 10 12 1 1 100 1 8 1 10 12 1 1 10 12 1 1 10 12 1 10 12 1 100 1 10 100 12 1 1 1 10 12 1 9 7 12 1 1 1 10 12 1 1 10 12 1 1 8 1 9 12 1 9 12 1 1 9 12 1 1 10 12 1 7 1 10 12 1 10 12 1 1 9 12 1 1 9 12 1 1 10 7 12 1 1 1 11 7 12 1 1 9 12 1 10 12 1 1 10 12 1 9 12 1 10 12 1 8 10 12 1 1 8 1 1 1 1 1 1 100 1 1 1 1 1 1 1 1 1 1 1 1 1 1 1 1 1 1 1 1 1 1 1 1 1 1 1 1 1 1 1 1 1 1 1 1 1 1 1 1 1 1 1 1 1 1 1 1 1 1 1 1 1 1 1 1 1 1 1 1 1 1 1 1 1 1 1 1 1 100 1 1 1 1 1 1 1 1 1 100 1 1 1 1 1 1 1 1 1 1 1 1 1 1 1 1 1 1 1 1 1 1 1 1 1 1 1 100 1 1 100 1 1 100 1 1 1 1
staticfield java/lang/invoke/MethodHandle FORM_OFFSET J 20
staticfield java/lang/invoke/MethodHandle UPDATE_OFFSET J 13
staticfield java/lang/invoke/MethodHandle $assertionsDisabled Z 1
ciInstanceKlass jdk/internal/reflect/CallerSensitive 0 0 17 100 1 100 1 100 1 1 1 1 1 1 1 1 1 1 1
ciInstanceKlass jdk/internal/reflect/NativeConstructorAccessorImpl 1 1 126 10 7 12 1 1 1 9 7 12 1 1 1 9 12 1 1 10 7 12 1 1 1 10 7 12 1 1 1 10 7 12 1 1 1 9 12 1 9 12 1 1 9 12 1 1 10 7 12 1 1 1 7 1 10 10 12 1 1 10 12 1 10 12 1 10 12 1 1 9 12 1 1 10 7 12 1 1 1 100 1 10 12 1 1 10 12 1 1 8 10 12 1 1 1 1 1 1 1 1 1 1 1 1 1 1 1 1 1 1 1 1 1 1 100 1 100 1 100 1 1 1 1 1 1 1
staticfield jdk/internal/reflect/NativeConstructorAccessorImpl U Ljdk/internal/misc/Unsafe; jdk/internal/misc/Unsafe
staticfield jdk/internal/reflect/NativeConstructorAccessorImpl GENERATED_OFFSET J 16
instanceKlass java/lang/invoke/DirectMethodHandle$Interface
instanceKlass java/lang/invoke/DirectMethodHandle$Constructor
instanceKlass java/lang/invoke/DirectMethodHandle$Accessor
ciInstanceKlass java/lang/invoke/DirectMethodHandle 1 1 940 7 1 7 1 100 1 7 1 7 1 10 7 12 1 1 1 10 7 12 1 1 1 100 1 10 12 1 10 12 1 1 10 7 12 1 1 10 12 1 1 10 12 1 10 12 1 7 1 10 12 1 1 10 12 1 1 10 12 1 10 12 1 1 10 7 12 1 1 1 10 12 1 9 12 1 1 100 1 10 9 12 1 1 9 12 1 10 12 1 10 12 1 10 12 1 1 10 12 1 10 12 1 10 12 1 10 7 12 1 1 1 10 12 1 10 12 1 1 8 1 10 12 1 1 100 1 10 12 1 7 1 10 10 12 1 10 12 1 10 12 1 10 7 12 1 1 1 10 12 1 1 100 1 10 12 1 10 12 1 7 1 10 12 1 10 12 1 1 10 12 1 1 10 12 1 8 10 100 12 1 1 1 10 12 1 10 12 1 10 12 1 1 10 12 1 9 7 12 1 1 1 7 1 10 12 1 10 7 12 1 1 1 10 12 1 10 12 1 1 9 12 1 1 100 1 10 8 1 10 12 1 1 10 12 1 10 12 1 10 10 12 1 10 12 1 10 12 1 10 12 1 10 12 1 1 10 12 1 10 12 1 1 10 12 1 10 12 1 1 10 10 7 12 1 1 1 10 12 1 10 12 1 1 10 12 1 10 12 1 1 8 1 9 7 12 1 1 1 8 1 9 12 1 9 12 1 8 1 9 12 1 9 12 1 8 1 9 12 1 9 12 1 8 1 10 12 1 10 12 1 1 9 12 1 1 7 1 10 12 1 1 100 1 10 7 12 1 1 1 10 12 1 1 10 12 1 10 12 1 1 7 1 10 12 1 1 10 12 1 10 12 1 1 7 1 10 12 1 1 10 7 12 1 1 1 10 12 1 10 12 1 10 12 1 9 12 1 1 10 7 1 9 12 9 12 1 10 7 12 1 1 1 10 12 1 7 1 7 1 7 1 9 12 1 1 10 7 12 1 10 12 1 1 10 12 1 7 1 10 12 1 10 12 1 1 9 7 12 1 1 1 10 12 1 1 100 1 10 100 12 1 1 1 10 12 1 10 12 1 8 1 9 12 1 9 12 1 10 12 1 9 12 1 1 10 7 12 1 1 1 9 12 1 1 9 12 1 1 10 12 1 10 12 1 10 12 1 10 12 1 10 12 1 1 10 12 1 10 7 12 1 1 9 12 1 10 12 1 10 12 1 10 12 1 10 12 1 1 10 12 1 1 9 12 1 1 10 12 1 1 9 7 12 1 1 1 9 12 1 9 12 1 9 12 1 9 12 1 9 12 1 9 12 1 9 12 1 9 12 1 9 12 1 9 12 1 9 12 1 9 12 1 9 12 1 9 12 1 9 12 1 9 12 1 9 12 1 9 12 1 9 12 1 9 12 1 9 12 1 9 12 1 9 12 1 9 12 1 9 12 1 9 12 1 9 12 1 9 12 1 9 12 1 9 12 1 9 12 1 9 12 1 9 12 1 9 12 1 9 12 1 9 12 1 8 1 9 12 1 1 9 12 1 1 10 12 1 10 12 1 1 9 7 1 10 12 1 9 12 1 1 10 12 10 12 1 10 12 1 10 12 1 10 8 1 8 1 8 1 8 1 10 12 1 1 9 12 1 1 10 12 1 10 100 12 1 1 1 8 9 12 1 1 10 12 1 1 8 1 8 8 9 12 1 8 1 8 8 8 8 8 1 8 10 12 1 10 12 1 8 1 8 1 10 12 1 10 12 1 10 12 1 10 12 1 1 7 1 1 1 1 3 1 3 1 3 1 3 1 3 1 3 1 3 1 3 1 3 1 3 1 1 1 1 1 1 1 1 1 1 3 1 3 1 1 1 1 3 1 1 1 1 1 1 1 1 1 1 1 1 1 1 1 1 1 1 1 1 1 1 1 1 1 1 1 1 1 1 1 1 1 1 1 1 1 1 1 1 1 1 1 1 1 1 1 1 1 1 1 1 1 1 1 1 100 1 1 1 1 1 1 1 1 1 1 1 1 100 1 1 1 1 1 1 1 1 1 1 1 1 1 1 1 1 1 1 1 1 1 1 1 1 1 1 1 1 1 1 1 1 1 1 1 1 1 1 1 1 1 1 1 1 1 1 1 1 1 1 1
staticfield java/lang/invoke/DirectMethodHandle IMPL_NAMES Ljava/lang/invoke/MemberName$Factory; java/lang/invoke/MemberName$Factory
staticfield java/lang/invoke/DirectMethodHandle FT_UNCHECKED_REF I 8
staticfield java/lang/invoke/DirectMethodHandle ACCESSOR_FORMS [Ljava/lang/invoke/LambdaForm; 132 [Ljava/lang/invoke/LambdaForm;
staticfield java/lang/invoke/DirectMethodHandle ALL_WRAPPERS [Lsun/invoke/util/Wrapper; 10 [Lsun/invoke/util/Wrapper;
staticfield java/lang/invoke/DirectMethodHandle NFS [Ljava/lang/invoke/LambdaForm$NamedFunction; 12 [Ljava/lang/invoke/LambdaForm$NamedFunction;
staticfield java/lang/invoke/DirectMethodHandle OBJ_OBJ_TYPE Ljava/lang/invoke/MethodType; java/lang/invoke/MethodType
staticfield java/lang/invoke/DirectMethodHandle LONG_OBJ_TYPE Ljava/lang/invoke/MethodType; java/lang/invoke/MethodType
staticfield java/lang/invoke/DirectMethodHandle $assertionsDisabled Z 1
ciInstanceKlass java/lang/Void 1 1 31 10 100 12 1 1 1 8 1 10 7 12 1 1 1 9 7 12 1 1 1 1 1 1 1 1 1 1 1 1 1
staticfield java/lang/Void TYPE Ljava/lang/Class; java/lang/Class
ciInstanceKlass java/lang/invoke/LambdaForm 1 1 1052 100 1 9 7 12 1 1 1 10 7 12 1 1 1 10 7 12 1 1 9 12 1 1 9 12 1 1 10 12 1 1 100 1 10 9 12 1 10 12 1 1 9 12 1 10 7 12 1 1 1 9 12 1 9 12 1 9 12 1 1 9 12 1 10 12 1 1 7 1 10 12 1 10 100 12 1 1 1 10 100 12 1 1 1 10 12 1 10 12 1 1 9 100 12 1 1 1 10 12 1 1 9 12 1 10 12 1 1 10 12 1 10 12 1 1 10 12 1 1 10 100 12 1 1 1 7 1 10 10 12 1 1 8 1 10 12 1 10 12 1 10 12 1 1 7 1 10 7 12 1 1 1 10 12 1 1 10 12 1 10 12 1 1 9 12 1 1 9 12 1 9 12 1 1 10 12 1 9 12 1 10 100 12 1 1 1 10 12 1 1 10 12 1 9 12 1 1 10 100 12 1 1 1 10 12 1 10 12 1 10 12 1 10 12 1 10 12 1 10 12 1 1 10 12 1 10 12 1 1 8 1 10 12 1 10 12 1 8 1 8 1 9 12 1 9 12 1 9 12 1 1 10 12 1 1 10 12 1 9 12 1 10 12 1 1 10 7 12 1 1 1 10 12 1 1 10 12 1 10 12 1 10 12 1 1 9 12 1 10 12 1 8 1 8 1 8 1 8 1 8 1 8 1 8 1 8 1 10 12 1 9 12 1 7 1 10 12 1 1 9 12 1 10 12 1 10 12 1 1 10 12 10 12 1 10 12 1 1 10 12 1 1 10 10 12 1 1 10 12 1 1 7 1 8 1 10 12 1 1 10 12 1 10 12 1 1 10 8 1 10 12 1 1 8 1 8 1 8 1 10 12 1 9 12 1 1 10 12 1 1 10 12 1 1 100 1 10 12 1 1 10 12 1 10 7 12 1 1 1 10 12 1 1 9 12 1 1 8 1 10 100 12 1 1 1 10 7 12 1 1 10 12 10 10 12 1 1 9 12 1 8 10 12 1 1 100 1 10 12 1 1 10 12 1 9 7 12 1 1 9 12 1 1 8 1 10 100 12 1 1 10 12 1 1 100 1 100 1 10 10 12 1 1 10 12 1 1 8 1 8 1 100 1 8 1 10 12 10 12 1 10 12 1 10 12 1 1 8 1 8 1 9 100 12 1 1 1 10 12 1 10 12 1 1 8 1 8 1 8 1 100 1 8 1 100 1 8 1 100 1 8 1 10 12 1 8 1 9 10 7 12 1 1 1 10 12 1 9 12 1 1 10 12 1 10 10 12 1 10 12 1 10 12 1 10 12 1 1 10 12 1 10 12 1 1 10 12 1 1 10 12 1 1 8 1 100 10 12 1 10 12 1 9 12 1 1 10 7 12 1 1 8 1 8 1 100 1 8 1 8 1 8 1 8 1 8 1 8 1 8 1 8 1 10 12 1 1 10 12 1 1 10 12 1 10 12 1 8 1 8 1 8 1 10 12 1 8 1 10 12 1 8 1 8 1 8 1 8 1 8 1 10 12 1 10 12 1 10 12 1 1 10 7 12 1 1 1 10 12 1 10 12 1 10 12 1 10 12 1 10 12 1 10 12 1 10 12 1 9 12 1 1 8 1 10 12 1 1 9 12 1 1 10 12 1 1 9 12 1 9 12 1 1 9 12 1 9 12 1 1 7 1 10 7 12 1 1 1 9 12 1 10 12 1 10 12 1 8 1 10 12 1 9 12 1 1 7 1 10 7 12 1 1 1 8 1 100 1 10 12 1 9 12 1 9 12 1 10 12 1 10 12 1 10 7 12 1 1 1 10 12 1 9 7 12 1 1 10 12 1 1 10 12 1 10 12 1 9 12 10 12 1 10 10 12 1 9 9 12 1 7 9 12 1 1 10 12 1 1 9 12 1 10 12 1 10 7 1 9 1 1 1 1 3 1 3 1 3 1 1 1 1 1 1 1 1 1 1 1 1 1 1 1 1 1 1 1 1 1 1 1 1 1 1 1 1 1 1 1 1 1 1 1 1 1 1 1 1 1 1 1 1 1 1 1 1 1 1 1 1 1 1 1 1 100 1 1 1 1 1 1 1 1 1 1 1 1 1 1 1 1 1 1 1 1 1 1 1 1 1 1 1 1 1 1 1 1 1 1 1 1 1 1 1 1 1 1 1 1 1 1 1 1 1 1 1 1 1 1 1 1 1 1 1 100 1 1 1 1 1 1 1 1 1 1 1 1 1 1 1 1 1 1 1 1 1 1 1 1 1 1 1 1 1 1 1 1 1 1 100 1 1 1 1 1 1 1 1 1 1 1 1 1 1 1 1 1 1 1 1 1 1 100 1 1 1 100 1 1 100 1 1 1 1 1 1 1 1 1 1 1
staticfield java/lang/invoke/LambdaForm COMPILE_THRESHOLD I 0
staticfield java/lang/invoke/LambdaForm INTERNED_ARGUMENTS [[Ljava/lang/invoke/LambdaForm$Name; 5 [[Ljava/lang/invoke/LambdaForm$Name;
staticfield java/lang/invoke/LambdaForm IMPL_NAMES Ljava/lang/invoke/MemberName$Factory; java/lang/invoke/MemberName$Factory
staticfield java/lang/invoke/LambdaForm LF_identity [Ljava/lang/invoke/LambdaForm; 6 [Ljava/lang/invoke/LambdaForm;
staticfield java/lang/invoke/LambdaForm LF_zero [Ljava/lang/invoke/LambdaForm; 6 [Ljava/lang/invoke/LambdaForm;
staticfield java/lang/invoke/LambdaForm NF_identity [Ljava/lang/invoke/LambdaForm$NamedFunction; 6 [Ljava/lang/invoke/LambdaForm$NamedFunction;
staticfield java/lang/invoke/LambdaForm NF_zero [Ljava/lang/invoke/LambdaForm$NamedFunction; 6 [Ljava/lang/invoke/LambdaForm$NamedFunction;
staticfield java/lang/invoke/LambdaForm createFormsLock Ljava/lang/Object; java/lang/Object
staticfield java/lang/invoke/LambdaForm DEBUG_NAME_COUNTERS Ljava/util/HashMap; null
staticfield java/lang/invoke/LambdaForm DEBUG_NAMES Ljava/util/HashMap; null
staticfield java/lang/invoke/LambdaForm TRACE_INTERPRETER Z 0
staticfield java/lang/invoke/LambdaForm $assertionsDisabled Z 1
ciInstanceKlass java/lang/invoke/MethodHandleNatives 1 1 684 100 1 10 7 12 1 1 1 9 7 12 1 1 1 10 12 1 1 100 1 10 10 12 1 1 10 12 1 10 12 1 8 1 8 1 8 1 8 1 8 1 8 1 8 1 8 1 8 1 8 1 10 12 1 1 7 1 10 7 12 1 1 1 10 100 12 1 1 1 7 1 10 10 12 1 1 8 1 10 12 1 8 1 10 12 1 1 8 1 10 12 1 1 9 100 12 1 1 1 8 1 10 100 12 1 1 1 100 1 10 12 100 1 100 1 8 1 7 1 10 10 12 1 7 1 9 7 12 1 1 10 12 1 1 10 12 1 10 7 12 1 1 1 7 1 10 12 1 1 10 7 12 1 1 1 10 12 1 10 12 1 1 10 12 1 1 9 12 1 8 1 10 12 1 8 1 10 12 1 8 1 8 1 8 1 100 1 10 12 1 8 1 10 12 1 1 10 12 1 10 100 12 1 1 1 100 1 8 1 10 100 12 1 1 1 7 1 8 1 10 12 1 8 1 8 1 8 1 8 1 8 1 10 12 1 1 10 12 1 1 10 12 1 10 12 1 1 10 12 1 1 7 1 10 12 1 100 1 100 1 10 12 1 10 12 1 8 1 8 1 10 10 12 1 1 10 12 1 1 8 1 10 100 12 1 1 1 8 1 8 1 10 12 1 1 10 7 12 1 1 1 100 1 10 12 1 1 7 1 9 12 1 1 10 7 12 1 1 1 10 10 12 1 9 12 1 10 12 1 1 9 12 1 9 12 1 10 12 1 1 10 12 1 10 12 1 1 7 1 7 1 10 12 1 1 10 12 1 10 12 1 1 10 7 12 1 1 1 10 12 1 8 1 10 12 1 10 12 1 10 12 1 1 10 12 1 10 7 12 1 1 1 10 12 1 1 100 1 8 1 10 9 7 12 1 1 1 10 12 1 1 10 12 1 1 100 1 10 12 1 1 10 12 1 1 100 1 100 1 10 10 100 1 100 1 10 100 1 10 10 12 1 1 10 100 1 10 12 1 10 12 1 10 12 1 1 10 12 1 1 10 12 1 1 10 12 1 10 12 1 1 10 8 1 100 1 10 12 1 10 12 1 10 12 1 10 12 1 10 12 1 1 10 12 1 9 12 1 1 10 7 12 1 1 1 9 12 1 1 11 7 12 1 1 1 10 12 1 10 12 1 10 10 12 1 10 7 12 1 1 1 1 1 1 1 1 1 1 1 1 1 1 1 100 1 1 1 1 1 1 1 1 1 1 1 1 1 1 1 1 1 1 1 1 1 1 1 1 1 1 1 1 1 1 1 1 1 1 1 1 1 1 1 1 1 1 1 1 1 1 1 1 1 1 1 1 1 1 1 1 1 1 1 1 1 1 1 1 1 1 1 1 1 1 1 1 1 1 1 1 1 1 1 1 1 1 1 1 1 1 1 1 1 1 1 1 1 1 1 1 1 1 100 1 1 1 1 1 1 1 1 1 1 1 1 1 1 1 1 1 1 1 1 1 1 1 1 1 1 1 1 100 1 1 1 1 1 1 1 100 1 1 1
staticfield java/lang/invoke/MethodHandleNatives JLA Ljdk/internal/access/JavaLangAccess; java/lang/System$2
staticfield java/lang/invoke/MethodHandleNatives $assertionsDisabled Z 1
ciInstanceKlass jdk/internal/reflect/ConstantPool 1 1 142 10 100 12 1 1 1 9 7 12 1 1 1 10 12 1 1 10 12 1 1 10 12 1 10 12 1 1 10 12 1 1 10 12 1 10 12 1 1 10 12 1 10 12 1 1 10 12 1 10 12 1 10 12 1 10 12 1 1 10 12 1 1 10 12 1 1 10 12 1 1 10 12 1 10 12 1 1 10 100 12 1 1 1 8 11 7 12 1 1 1 10 7 12 1 1 1 1 1 1 1 1 1 1 1 1 1 1 1 1 1 1 1 1 1 1 1 1 1 1 1 1 1 1 1 1 1 1 1 1 1 1 1 1 1 1 1 1 1 1 1 1
instanceKlass jdk/internal/reflect/UnsafeQualifiedStaticFieldAccessorImpl
ciInstanceKlass jdk/internal/reflect/UnsafeStaticFieldAccessorImpl 1 1 47 10 7 12 1 1 1 9 7 12 1 1 1 10 7 12 1 1 1 9 12 1 1 8 11 7 12 1 1 1 10 7 12 1 1 1 1 1 1 1 1 1 1 1 1 1 1
instanceKlass jdk/internal/reflect/UnsafeFieldAccessorImpl
ciInstanceKlass jdk/internal/reflect/FieldAccessorImpl 1 1 59 10 7 12 1 1 1 100 1 100 1 1 1 1 1 1 1 1 1 100 1 1 1 1 1 1 1 1 1 1 1 1 1 1 1 1 1 1 1 100 1 1 1 1 1 1 1 1 1 1 1 1 1 1 1 1 1 1 1
instanceKlass jdk/internal/reflect/UnsafeObjectFieldAccessorImpl
instanceKlass jdk/internal/reflect/UnsafeStaticFieldAccessorImpl
ciInstanceKlass jdk/internal/reflect/UnsafeFieldAccessorImpl 1 1 254 10 7 12 1 1 1 9 7 12 1 1 1 10 7 12 1 1 1 10 7 12 1 1 1 9 12 1 1 10 7 12 1 1 1 9 12 1 1 10 12 1 10 12 1 9 12 1 10 12 1 1 10 7 12 1 1 10 7 12 1 1 1 10 12 1 1 100 1 10 10 12 1 1 10 12 1 1 8 1 10 10 12 1 100 1 8 1 10 12 1 8 1 10 12 1 8 1 10 12 1 100 1 10 12 1 1 10 8 1 10 12 1 1 8 1 10 100 12 1 1 8 1 10 100 12 1 1 8 1 10 100 12 1 1 8 1 10 100 12 1 1 8 1 10 100 12 1 1 8 1 10 100 12 1 1 8 1 10 100 12 1 1 8 1 10 100 12 1 1 10 12 1 1 8 1 8 1 8 1 8 1 8 1 8 1 10 100 12 1 1 1 8 1 8 1 8 1 10 12 10 12 1 1 1 1 1 1 1 1 1 1 1 1 1 1 1 1 1 1 1 1 1 1 1 1 1 1 1 1 1 1 1 1 1 1 1 1 1 1 1 1 1 1 1 1 1 1 1 1 1 1 1 1
staticfield jdk/internal/reflect/UnsafeFieldAccessorImpl unsafe Ljdk/internal/misc/Unsafe; jdk/internal/misc/Unsafe
ciInstanceKlass java/lang/invoke/ConstantCallSite 1 1 65 10 7 12 1 1 1 9 7 12 1 1 1 9 12 1 1 10 7 12 1 1 1 10 12 1 100 1 10 12 9 12 1 1 100 1 10 10 12 1 1 10 12 1 1 1 1 1 1 1 1 1 1 1 1 1 100 1 1 1 1 1 1 1 1
staticfield java/lang/invoke/ConstantCallSite UNSAFE Ljdk/internal/misc/Unsafe; jdk/internal/misc/Unsafe
ciInstanceKlass java/lang/invoke/MutableCallSite 0 0 63 10 100 12 1 1 1 10 12 1 9 100 12 1 1 1 10 12 1 10 12 1 1 9 12 1 1 10 100 12 1 1 1 10 100 12 1 1 1 10 12 1 1 1 1 1 1 1 1 1 1 1 1 1 1 1 1 1 1 100 1 1 1
instanceKlass java/lang/invoke/VarHandleLongs$FieldInstanceReadOnly
instanceKlass java/lang/invoke/VarHandleReferences$Array
instanceKlass java/lang/invoke/VarHandleLongs$Array
instanceKlass java/lang/invoke/VarHandleByteArrayAsLongs$ByteArrayViewVarHandle
instanceKlass java/lang/invoke/VarHandleByteArrayAsInts$ByteArrayViewVarHandle
instanceKlass java/lang/invoke/VarHandleReferences$FieldStaticReadOnly
instanceKlass java/lang/invoke/VarHandleReferences$FieldInstanceReadOnly
instanceKlass java/lang/invoke/VarHandleInts$FieldInstanceReadOnly
ciInstanceKlass java/lang/invoke/VarHandle 1 1 390 10 7 12 1 1 1 10 7 12 1 1 9 12 1 1 9 12 1 1 100 1 10 8 1 10 12 1 1 10 7 12 1 1 1 10 12 1 1 10 100 12 1 1 1 9 100 12 1 1 1 10 12 1 1 10 100 12 1 1 1 10 12 1 1 9 12 1 10 12 1 9 12 1 1 10 7 12 1 1 10 12 1 9 7 12 1 1 1 9 12 1 1 10 12 1 1 100 1 100 1 10 8 1 10 12 1 1 10 12 1 8 1 10 12 1 10 12 1 10 12 1 1 9 7 12 1 1 1 10 12 1 10 12 1 1 10 12 1 10 10 100 12 1 1 1 10 12 1 1 10 12 1 1 10 100 12 1 1 1 10 100 12 1 1 1 10 100 12 1 1 1 9 12 1 1 10 9 12 1 1 10 12 1 10 12 1 10 12 1 1 10 12 1 10 100 12 1 1 1 9 12 1 1 10 12 1 1 9 12 1 10 12 1 10 12 1 10 100 12 1 1 100 1 10 9 7 12 1 1 1 9 12 1 1 10 7 12 1 1 1 10 12 1 10 12 1 10 12 1 10 12 1 10 12 1 10 12 1 1 7 1 10 10 7 12 1 1 1 9 12 1 1 8 10 12 1 1 7 1 10 12 1 1 100 1 1 1 1 1 1 1 1 1 1 1 1 1 1 1 1 1 1 1 1 1 1 1 1 1 1 1 1 1 1 1 1 1 1 1 1 1 1 1 1 1 1 1 1 1 1 1 1 1 1 1 1 1 1 1 1 1 1 1 1 1 1 1 1 1 1 1 1 1 1 1 1 1 1 1 1 1 1 1 1 1 1 1 1 1 1 1 1 1 100 1 100 1 100 1 1 1 1 1 1 1 100 1 1 1
staticfield java/lang/invoke/VarHandle AIOOBE_SUPPLIER Ljava/util/function/BiFunction; jdk/internal/util/Preconditions$1
staticfield java/lang/invoke/VarHandle VFORM_OFFSET J 16
staticfield java/lang/invoke/VarHandle $assertionsDisabled Z 1
ciInstanceKlass java/lang/invoke/MemberName 1 1 757 7 1 7 1 100 1 9 12 1 1 10 7 12 1 1 1 9 12 1 1 10 12 1 1 10 12 1 1 10 12 1 1 10 12 1 10 12 1 1 10 7 12 1 1 1 10 12 1 9 100 12 1 1 10 12 1 100 1 100 1 10 12 1 8 1 10 12 1 1 10 12 1 10 12 1 1 10 12 1 9 12 1 1 8 1 10 100 12 1 1 1 7 1 10 10 12 1 1 100 1 100 1 10 12 1 1 9 12 1 1 100 1 8 1 10 12 1 10 12 1 10 12 1 10 12 1 10 12 1 1 10 12 1 10 12 1 10 12 1 1 10 12 1 1 10 12 1 8 1 8 1 8 1 10 100 12 1 1 1 10 12 1 9 12 1 1 3 10 12 1 10 12 1 10 12 1 10 10 7 12 1 1 1 10 12 1 10 12 1 10 12 1 10 12 1 7 1 8 10 12 1 1 10 12 1 1 8 1 9 100 1 8 9 100 1 10 12 1 1 10 12 1 10 12 1 8 1 10 12 1 1 10 12 1 10 12 1 10 12 1 10 12 1 1 100 1 10 12 1 1 10 12 1 8 1 10 12 1 10 12 1 8 1 10 12 1 1 10 12 1 1 100 1 10 12 1 1 10 12 8 1 8 1 100 1 10 12 1 10 100 12 1 1 1 100 1 10 12 10 12 1 10 12 1 10 12 1 10 12 1 10 10 12 1 10 12 1 10 12 1 3 10 12 1 3 10 12 1 3 3 3 3 3 3 3 100 1 10 12 1 10 7 12 1 1 1 10 12 1 3 9 12 1 10 12 1 1 3 10 12 1 10 10 7 12 1 1 1 10 12 1 1 10 7 1 10 10 12 1 10 12 1 10 12 1 10 10 12 1 1 10 12 1 10 12 1 10 12 1 100 1 10 10 10 12 100 1 10 10 10 12 1 1 10 12 1 1 10 10 12 1 8 10 100 1 10 12 1 10 100 1 10 12 1 10 12 1 10 12 1 10 10 12 1 10 12 1 1 10 12 1 1 10 12 1 10 12 1 10 12 1 100 1 10 12 1 1 100 1 8 1 10 7 1 10 12 1 10 12 10 12 1 1 10 12 1 10 12 1 8 1 8 1 8 1 8 1 10 12 1 10 12 1 10 12 1 1 8 1 8 1 10 12 1 8 1 10 10 12 1 10 12 1 8 1 8 1 10 10 12 1 8 1 10 100 12 1 1 1 8 1 10 12 1 10 12 1 1 10 12 1 8 1 8 1 8 1 8 1 100 1 10 8 1 8 1 8 1 8 1 10 12 1 100 1 100 1 100 1 10 100 1 10 100 1 10 100 12 1 1 1 9 7 12 1 1 1 100 1 100 1 1 1 1 1 1 1 3 1 3 1 3 1 3 1 3 1 3 1 1 1 1 1 1 1 1 3 1 3 1 1 1 1 3 1 1 1 1 1 1 1 1 1 1 1 1 1 1 1 1 1 1 1 1 1 1 1 1 1 1 1 1 1 1 1 1 1 1 1 1 1 1 1 1 1 1 1 1 1 1 1 1 1 1 1 1 1 1 1 1 1 1 1 1 1 1 1 1 1 1 1 1 1 1 1 1 1 1 1 1 1 1 1 1 1 1 1 1 1 1 1 1 1 1 1 1 1 1 1 1 1 1 1 1 1 1 1 1 1 1 100 1 1 1 1 1 1 1 1 1 1 1 1 1 1 1
staticfield java/lang/invoke/MemberName $assertionsDisabled Z 1
ciInstanceKlass java/lang/invoke/ResolvedMethodName 1 1 16 10 100 12 1 1 1 100 1 1 1 1 1 1 1 1
ciInstanceKlass java/lang/StackWalker 1 1 235 9 7 12 1 1 1 10 7 12 1 1 1 7 1 10 7 12 1 1 1 10 12 1 1 11 7 12 1 1 1 10 12 1 1 10 12 1 1 10 12 1 1 100 1 8 1 10 12 1 10 12 1 10 12 1 10 7 12 1 1 9 12 1 1 9 12 1 1 9 12 1 1 9 12 1 1 10 12 1 1 9 12 1 1 10 7 12 1 1 1 11 12 1 1 100 1 8 1 10 10 100 12 1 1 9 12 1 1 10 12 1 1 10 7 12 1 1 1 10 7 12 1 1 1 18 12 1 1 100 1 8 1 10 10 12 1 1 10 100 12 1 1 1 9 7 12 1 1 11 100 12 1 1 1 10 12 1 1 1 1 1 1 1 1 1 1 1 1 1 1 1 1 1 1 1 1 1 1 1 1 1 1 1 1 1 1 1 1 1 1 1 1 1 1 1 1 1 1 1 1 1 1 1 1 1 1 1 100 1 1 15 10 100 12 1 1 1 16 15 10 12 16 1 1 1 1 1 1 1 100 1 100 1 1
staticfield java/lang/StackWalker DEFAULT_EMPTY_OPTION Ljava/util/EnumSet; java/util/RegularEnumSet
staticfield java/lang/StackWalker DEFAULT_WALKER Ljava/lang/StackWalker; java/lang/StackWalker
instanceKlass java/lang/StackStreamFactory$StackFrameTraverser
ciInstanceKlass java/lang/StackStreamFactory$AbstractStackWalker 1 1 306 7 1 100 1 3 10 7 12 1 1 1 10 7 12 1 1 10 7 12 1 1 1 9 12 1 1 10 12 1 1 9 12 1 1 9 12 1 1 9 12 1 1 9 12 1 9 7 12 1 1 1 10 7 12 1 1 1 10 12 1 1 9 12 1 1 10 7 12 1 1 1 10 12 1 1 9 12 1 1 9 100 12 1 1 1 100 1 10 8 1 10 12 1 1 10 12 1 8 1 10 12 1 1 10 100 12 1 1 1 100 1 8 1 10 12 1 8 1 10 12 9 7 12 1 1 1 10 7 12 1 1 9 12 1 8 1 5 0 8 1 8 1 9 12 1 1 10 12 1 1 10 12 1 1 10 12 1 9 12 1 10 12 1 10 12 1 10 12 1 10 12 1 1 10 12 1 10 12 1 1 8 1 10 12 1 10 12 1 10 12 1 10 12 1 1 8 1 10 12 1 1 10 12 1 1 10 12 1 1 10 12 1 10 12 1 10 100 12 1 1 1 9 12 1 8 1 10 12 1 10 12 1 10 12 1 10 12 1 10 12 1 10 12 1 10 12 1 1 10 12 1 1 10 12 1 1 10 12 1 8 1 1 1 1 1 1 1 1 1 1 1 1 1 1 1 1 1 1 100 1 1 1 1 100 1 1 1 1 1 1 1 1 1 1 1 1 1 1 1 1 1 1 1 1 1
ciInstanceKlass jdk/internal/module/Modules 1 1 504 10 100 12 1 1 1 9 7 12 1 1 1 11 7 12 1 1 1 11 12 1 1 11 12 1 1 11 12 1 1 11 12 1 11 12 1 11 12 1 11 12 1 11 12 1 1 10 100 12 1 1 1 10 100 12 1 1 1 18 12 1 1 10 100 12 1 1 1 7 1 10 7 12 1 1 1 10 7 12 1 1 1 10 100 12 1 1 10 12 1 1 11 12 1 9 12 1 1 11 7 12 1 1 1 10 12 1 1 10 10 12 1 10 9 12 1 1 10 100 12 1 1 10 12 1 1 10 100 12 1 1 100 1 11 100 12 1 1 1 10 100 12 1 1 1 11 100 12 1 1 10 12 1 1 10 100 12 1 1 10 100 12 1 1 1 10 12 1 1 10 12 1 1 11 12 1 1 18 12 1 1 11 100 12 1 1 10 100 12 1 1 1 11 100 12 1 1 1 100 1 11 12 1 1 11 100 12 1 1 1 11 12 1 1 10 12 1 1 10 100 12 1 1 18 12 1 1 11 12 1 1 18 12 1 1 11 12 1 1 10 12 1 18 18 10 12 1 1 9 12 1 1 11 100 12 1 1 1 100 1 10 11 12 1 11 12 1 1 11 12 1 1 10 100 1 10 12 1 1 10 100 12 1 1 10 12 1 1 11 12 10 12 1 1 100 1 10 18 12 1 10 12 1 1 100 1 8 1 10 12 1 10 100 12 1 1 18 12 1 11 11 12 10 12 1 10 10 100 1 18 12 1 10 10 10 7 12 1 1 10 7 12 1 1 1 10 12 1 1 1 1 1 1 1 1 1 1 1 1 1 1 1 1 1 1 1 1 1 1 1 1 1 1 1 1 1 1 1 1 1 100 1 1 1 1 1 1 1 1 1 1 1 1 1 1 1 1 1 1 1 1 1 1 1 1 1 1 1 1 1 1 1 1 1 1 1 100 1 1 1 1 1 1 1 1 1 1 1 1 1 1 1 1 1 1 1 1 1 1 1 15 10 100 12 1 1 1 16 15 10 12 1 16 16 15 10 12 1 16 1 16 1 15 10 12 1 16 1 16 1 15 10 12 16 1 15 10 16 1 15 10 12 16 1 15 10 12 16 15 10 12 16 15 10 12 1 1 1 100 1 100 1 1
staticfield jdk/internal/module/Modules JLA Ljdk/internal/access/JavaLangAccess; java/lang/System$2
staticfield jdk/internal/module/Modules JLMA Ljdk/internal/access/JavaLangModuleAccess; java/lang/module/ModuleDescriptor$1
staticfield jdk/internal/module/Modules $assertionsDisabled Z 1
ciInstanceKlass jdk/internal/access/JavaLangAccess 1 0 136 100 1 100 1 1 1 1 1 1 1 1 1 1 1 1 1 1 1 1 1 1 1 1 1 1 1 1 1 1 1 1 1 1 1 1 1 1 1 100 1 1 1 1 1 1 1 1 1 1 1 1 1 1 1 1 1 1 1 1 1 1 1 1 1 1 1 1 1 1 1 1 1 1 1 1 1 1 1 1 1 1 1 1 1 1 1 1 1 1 1 1 1 1 1 1 1 1 100 1 1 1 1 1 1 1 1 1 1 1 1 1 1 1 1 1 1 1 1 1 1 1 1 1 1 1 1 1 1 1 1 1 1 1 1 1
ciInstanceKlass java/lang/invoke/Invokers$Holder 1 1 99 1 100 1 100 1 1 1 1 1 1 1 7 1 7 1 7 1 1 12 10 1 1 12 10 1 1 12 10 1 1 100 1 1 12 9 1 1 1 12 10 1 1 1 12 10 1 1 12 10 1 1 1 12 10 1 1 100 1 1 12 10 1 1 12 10 1 1 12 10 1 12 10 1 1 12 10 1 1 12 10 1 12 10 1 12 10 12 10 1 1 12 10 1 12 10 1 1 1
ciMethod java/lang/invoke/Invokers$Holder linkToTargetMethod (Ljava/lang/Object;)Ljava/lang/Object; 560 0 27126 0 -1
ciInstanceKlass java/util/stream/Stream 1 1 446 10 100 12 1 1 1 18 12 1 1 11 100 12 1 1 1 18 11 12 1 1 18 11 12 1 1 18 11 12 1 1 100 1 11 12 1 1 10 12 1 1 11 12 1 1 10 7 12 1 1 1 18 12 1 1 11 12 1 1 100 1 10 100 1 11 12 1 1 10 7 12 1 1 1 10 12 1 10 100 12 1 1 1 7 1 10 12 1 10 7 12 1 1 10 12 1 11 12 1 1 10 12 1 100 1 100 1 5 0 100 1 10 12 1 100 1 10 12 1 100 1 10 12 1 100 1 10 12 1 10 100 12 1 1 1 100 1 10 11 100 12 1 1 1 10 12 1 10 12 1 1 100 1 10 10 12 1 10 12 1 1 100 1 10 10 12 1 10 12 1 1 100 1 10 10 100 1 100 1 1 1 1 1 1 1 1 1 1 1 1 1 1 1 1 1 1 1 1 1 1 1 1 1 1 1 1 1 1 1 1 1 1 1 1 1 1 1 1 1 1 1 1 1 1 1 1 1 1 1 1 1 1 1 1 1 1 1 1 1 1 1 1 1 1 1 1 1 1 1 1 1 1 1 1 1 1 1 1 1 1 1 1 1 1 1 1 1 1 1 1 1 1 1 1 1 1 1 1 1 1 1 1 1 1 1 1 1 1 1 1 1 1 1 1 1 1 1 1 1 1 1 1 1 1 1 1 1 1 1 1 1 1 1 1 1 1 1 1 1 1 1 1 1 1 1 1 1 1 1 1 1 1 1 1 1 1 1 1 1 100 1 1 15 10 100 12 1 1 1 16 15 11 12 16 15 11 12 16 1 15 11 12 16 1 15 11 12 16 1 16 15 11 12 1 1 100 1 100 1 1 100 1 1 1 1 1 100 1 100 1 1 100 1 1 1 100 1 1 100 1 1 100 1 1 100 1 100 1 1 1 100 1 8 1 1 12 10 1 1 1 8 1 1 1 8 1 1 1 8 1 1 1 8 1 1 1 8 1 1 8 1 1 8 1 1
ciInstanceKlass java/util/stream/StreamSupport 1 1 107 10 100 12 1 1 1 10 7 12 1 1 1 7 1 10 7 12 1 1 1 10 12 1 10 12 1 10 12 1 7 1 10 10 100 1 10 10 100 1 10 10 100 1 1 1 1 1 1 1 1 1 1 1 1 1 1 1 1 1 1 1 1 1 1 1 1 1 1 1 1 1 1 1 1 1 1 1 1 1 1 1 1 1 1 1 1 100 1 1 100 1 100 1 100 1 100 1 100 1 1 100 1 1 100 1 1
ciMethod java/util/stream/Stream map (Ljava/util/function/Function;)Ljava/util/stream/Stream; 0 0 1 0 -1
ciMethod java/util/stream/Stream collect (Ljava/util/stream/Collector;)Ljava/lang/Object; 0 0 1 0 -1
ciInstanceKlass java/util/stream/Collectors 1 1 1457 10 100 12 1 1 1 100 1 8 1 10 100 12 1 1 1 10 12 1 18 12 1 1 18 12 1 1 18 12 1 7 1 18 12 1 18 9 7 12 1 1 1 10 12 1 18 12 1 1 18 18 18 18 9 12 1 10 12 1 18 18 18 9 12 1 18 18 9 12 1 18 18 18 18 8 1 10 12 1 1 18 12 1 18 18 18 18 12 1 11 100 12 1 1 11 12 1 18 12 1 11 12 1 11 12 1 11 12 1 1 18 12 1 18 12 1 9 7 12 1 1 1 11 7 12 1 1 1 11 12 1 1 10 7 12 1 1 1 11 12 1 10 7 12 1 1 1 11 7 12 1 1 1 18 12 1 1 10 12 1 1 11 100 12 1 1 1 10 12 1 1 11 12 1 18 18 12 1 18 18 18 18 12 1 18 18 18 18 12 1 18 18 10 100 12 1 1 1 10 12 1 18 18 18 18 18 18 18 18 18 18 18 18 10 12 1 1 18 12 1 18 18 18 12 18 12 1 18 18 18 18 12 1 18 18 10 12 1 1 10 12 1 1 18 10 12 1 18 12 1 10 12 1 18 12 18 10 12 1 9 12 1 18 18 9 12 1 18 9 12 1 10 12 1 1 18 12 1 18 18 12 1 18 12 1 10 12 1 10 12 1 8 1 10 7 12 1 1 1 8 1 10 12 1 1 18 10 12 1 1 10 12 1 8 1 18 18 18 12 1 18 10 12 1 18 18 18 18 18 18 18 18 18 18 10 12 1 1 8 1 8 1 8 1 8 1 100 1 8 1 8 1 100 1 8 1 8 1 8 1 8 1 8 1 11 12 1 1 10 12 1 1 10 12 1 10 12 1 10 18 12 1 18 18 18 100 1 10 12 1 10 100 12 1 1 1 11 100 12 1 1 1 10 12 1 10 100 12 1 1 11 100 12 1 1 10 12 1 10 100 12 1 1 11 100 12 1 1 1 10 12 1 11 12 1 11 100 12 1 1 1 11 7 1 10 7 12 1 1 100 1 11 12 1 1 100 1 11 12 1 1 11 100 1 9 12 1 1 9 12 1 10 12 1 11 12 1 11 12 1 11 100 12 1 1 11 12 18 12 1 11 12 1 1 8 1 18 12 1 11 12 1 1 18 18 11 18 11 9 100 12 1 1 10 100 12 1 1 1 9 12 1 1 10 12 1 10 12 1 10 12 1 1 10 12 1 1 10 12 1 1 10 100 12 1 1 10 100 12 1 1 100 1 11 12 1 1 18 12 1 11 12 1 1 11 12 1 100 1 10 12 1 1 11 12 1 1 11 100 12 1 1 1 11 12 1 11 12 1 11 12 1 7 1 10 12 1 10 100 12 1 1 1 10 7 12 1 1 11 12 1 1 10 10 10 12 1 1 7 1 10 100 12 1 1 1 10 11 100 12 1 1 1 100 1 10 10 11 7 1 10 12 11 12 1 10 12 1 1 9 12 1 10 12 1 10 12 1 10 12 1 10 12 1 1 1 1 1 1 1 1 1 1 1 1 1 1 1 1 1 1 1 1 1 1 1 1 1 1 1 1 1 1 1 1 1 1 1 1 1 1 1 1 1 1 1 1 1 1 1 1 1 1 1 1 1 1 1 1 1 1 1 1 1 1 1 1 1 1 1 1 1 1 1 1 1 1 1 1 1 1 1 1 1 1 1 1 1 1 1 1 1 1 1 1 1 1 1 1 1 1 1 1 1 1 1 1 1 1 1 1 1 1 1 1 1 1 1 1 1 1 1 1 1 1 1 1 1 1 1 1 1 1 1 1 1 1 1 1 1 1 1 1 1 1 1 1 1 1 1 1 1 1 1 1 1 1 1 1 1 1 1 1 1 1 1 1 1 1 1 1 1 1 1 1 1 1 1 1 1 1 1 1 1 1 1 1 1 1 100 1 1 1 1 1 1 1 1 1 1 1 1 1 1 1 1 1 1 1 1 1 1 1 1 1 1 1 1 1 1 1 1 1 1 1 1 1 1 1 1 1 1 1 1 1 1 1 1 1 1 1 1 1 1 1 1 1 1 1 1 1 1 1 1 1 1 1 1 1 1 1 1 1 1 1 1 1 1 1 1 1 1 1 1 1 1 1 1 1 1 1 1 1 1 1 1 1 1 1 1 1 1 1 1 1 1 1 1 1 1 1 1 1 1 1 1 1 1 1 1 1 1 1 1 1 1 1 1 1 1 1 1 1 1 1 1 1 1 1 1 1 1 1 1 1 1 1 1 1 1 1 1 1 1 1 1 1 1 1 1 1 1 1 1 1 1 1 1 1 1 1 1 1 1 1 1 1 1 1 1 1 1 1 1 1 1 1 1 1 100 1 1 15 10 7 12 1 1 1 16 15 10 12 16 16 15 10 12 16 1 16 15 10 12 15 11 12 1 16 1 15 10 12 16 16 15 10 16 1 15 11 7 1 16 1 15 10 12 16 15 10 12 15 10 12 16 15 10 16 1 15 11 16 1 15 10 12 16 15 10 12 15 10 12 16 15 10 16 1 15 16 1 15 10 12 16 15 10 12 1 1 16 1 15 10 12 16 1 15 10 12 1 16 1 15 10 12 1 16 1 15 10 16 1 15 10 12 15 10 12 15 10 12 15 10 12 16 15 10 12 15 10 12 16 15 10 12 16 1 15 10 12 16 15 10 12 16 15 10 12 16 15 10 12 16 1 15 10 12 16 15 10 12 16 15 10 12 16 15 10 12 16 1 15 10 12 16 15 10 12 16 15 10 12 15 10 12 15 10 12 15 10 12 16 15 10 12 15 10 12 15 10 12 15 10 12 15 10 12 15 10 12 15 10 12 15 10 12 15 10 12 16 1 15 10 12 16 1 15 10 12 16 15 10 12 16 15 10 12 16 1 15 16 1 15 10 12 16 15 10 12 16 15 10 12 15 10 12 15 10 12 15 10 16 1 15 10 12 15 10 12 16 15 10 100 1 16 1 15 10 12 16 1 15 10 12 15 10 12 16 1 15 10 12 16 1 15 10 12 16 1 15 10 12 16 1 15 10 12 16 1 15 10 12 16 1 15 10 12 16 15 10 12 15 10 12 15 10 16 1 15 10 12 16 1 15 10 12 16 15 10 16 1 15 10 12 16 1 15 10 12 16 15 10 16 1 15 10 12 16 1 15 10 12 16 15 10 12 16 1 15 10 12 16 1 15 10 12 1 16 1 15 10 16 1 15 10 12 15 10 12 15 10 12 15 10 12 15 10 12 16 15 10 12 1 1 1 1 1 1 1 100 1 100 1 1
staticfield java/util/stream/Collectors CH_CONCURRENT_ID Ljava/util/Set; java/util/Collections$UnmodifiableSet
staticfield java/util/stream/Collectors CH_CONCURRENT_NOID Ljava/util/Set; java/util/Collections$UnmodifiableSet
staticfield java/util/stream/Collectors CH_ID Ljava/util/Set; java/util/Collections$UnmodifiableSet
staticfield java/util/stream/Collectors CH_UNORDERED_ID Ljava/util/Set; java/util/Collections$UnmodifiableSet
staticfield java/util/stream/Collectors CH_NOID Ljava/util/Set; java/util/Collections$EmptySet
staticfield java/util/stream/Collectors CH_UNORDERED_NOID Ljava/util/Set; java/util/Collections$UnmodifiableSet
ciInstanceKlass java/lang/invoke/DirectMethodHandle$Constructor 1 1 90 10 7 12 1 1 1 9 7 12 1 1 1 9 12 1 1 9 12 1 1 10 100 12 1 1 1 100 1 10 12 1 9 12 1 9 12 1 10 12 1 10 12 1 1 9 12 1 1 10 12 1 1 10 7 12 1 1 1 1 1 1 1 1 1 1 1 1 1 1 100 1 100 1 1 1 1 1 1 1 1 1 1 1 1 1 1 1 1 1
staticfield java/lang/invoke/DirectMethodHandle$Constructor $assertionsDisabled Z 1
ciInstanceKlass java/util/Spliterators$ArraySpliterator 1 1 91 10 7 12 1 1 1 10 7 12 1 1 9 12 1 1 9 12 1 1 9 12 1 100 1 9 12 1 100 1 10 11 7 12 1 1 1 10 12 1 1 100 1 10 1 1 1 1 1 1 1 1 1 1 1 1 1 1 1 1 1 1 1 1 1 1 1 1 1 100 1 1 1 1 1 1 1 1 1 1 1 1 1 1 1 1 1 100 1 1 1
instanceKlass java/util/LinkedHashSet
ciInstanceKlass java/util/HashSet 1 1 285 10 7 12 1 1 1 7 1 10 9 7 12 1 1 1 11 7 12 1 1 1 4 10 7 12 1 1 1 10 12 1 10 12 1 1 10 12 1 7 1 10 10 12 1 1 11 7 12 1 1 1 10 10 12 1 1 10 12 1 1 9 12 1 1 10 12 1 1 10 12 1 1 10 12 1 10 7 12 1 1 1 10 100 1 100 1 10 12 1 10 100 12 1 1 10 12 1 10 12 1 10 12 1 1 10 12 1 1 11 100 12 1 1 11 12 1 10 12 1 1 10 100 12 1 1 1 10 12 1 100 1 100 1 10 8 1 10 12 1 1 10 12 1 10 12 1 1 10 12 1 10 12 1 10 100 12 1 1 1 8 1 10 12 1 4 10 12 1 4 10 12 1 8 1 4 10 100 12 1 1 1 100 1 10 12 1 1 11 100 12 1 1 1 100 1 10 12 1 7 1 10 12 1 10 12 1 1 10 12 1 10 100 1 100 1 1 1 1 5 0 1 1 1 1 1 1 1 1 1 1 1 1 1 1 1 1 1 1 1 1 1 1 1 1 1 1 1 1 1 1 1 1 1 1 100 1 1 1 1 100 1 1 1 1 1 1 1 1 1 1 1 1 1 1 1 100 1 1 100 1 100 1 1 1
staticfield java/util/HashSet PRESENT Ljava/lang/Object; java/lang/Object
instanceKlass java/util/concurrent/ConcurrentSkipListMap$KeySet
instanceKlass java/util/concurrent/ConcurrentSkipListSet
instanceKlass java/util/AbstractMap$1
instanceKlass java/lang/ProcessEnvironment$CheckedKeySet
instanceKlass java/util/concurrent/CopyOnWriteArraySet
instanceKlass java/lang/ProcessEnvironment$CheckedEntrySet
instanceKlass java/util/Hashtable$KeySet
instanceKlass java/util/IdentityHashMap$EntrySet
instanceKlass java/util/LinkedHashMap$LinkedEntrySet
instanceKlass java/util/Collections$SingletonSet
instanceKlass java/util/TreeMap$EntrySet
instanceKlass java/util/LinkedHashMap$LinkedKeySet
instanceKlass java/util/TreeMap$KeySet
instanceKlass java/util/TreeSet
instanceKlass java/util/IdentityHashMap$KeySet
instanceKlass java/util/EnumSet
instanceKlass java/util/HashMap$KeySet
instanceKlass java/util/WeakHashMap$KeySet
instanceKlass java/util/Collections$SetFromMap
instanceKlass java/util/HashSet
instanceKlass java/util/Collections$EmptySet
instanceKlass java/util/HashMap$EntrySet
instanceKlass java/util/ImmutableCollections$MapN$1
ciInstanceKlass java/util/AbstractSet 1 1 96 10 7 12 1 1 1 7 1 7 1 11 12 1 1 10 7 1 10 12 1 1 100 1 100 1 10 12 1 1 11 7 12 1 1 1 11 12 1 1 10 100 12 1 1 10 7 12 1 1 1 11 10 12 1 1 11 12 1 11 12 1 1 1 1 1 1 1 1 1 1 1 1 1 1 1 1 100 1 1 1 1 1 1 1 1 1 1 1 1 1 1 1 1 1 1
ciInstanceKlass java/util/Collections$EmptySet 1 1 100 10 7 12 1 1 1 10 7 12 1 1 1 11 7 12 1 1 1 7 1 10 100 12 1 1 1 10 100 12 1 1 1 9 12 1 1 100 1 100 1 1 1 1 5 0 1 1 1 1 1 1 1 1 1 1 1 1 1 1 1 1 1 1 1 1 1 1 1 1 1 1 1 1 1 1 1 1 1 1 1 1 1 1 1 1 1 1 1 1 1 1 1 1 1 1 1 1 1 1
ciInstanceKlass jdk/internal/reflect/DelegatingMethodAccessorImpl 1 1 37 10 7 12 1 1 1 10 7 12 1 1 1 9 12 1 1 10 12 1 1 1 1 1 1 1 1 1 1 1 1 100 1 100 1 1 1
ciMethod java/util/stream/Collectors joining (Ljava/lang/CharSequence;Ljava/lang/CharSequence;Ljava/lang/CharSequence;)Ljava/util/stream/Collector; 10 0 5 0 -1
ciInstanceKlass java/util/Spliterators 1 1 303 10 100 12 1 1 1 9 7 12 1 1 1 9 12 1 1 9 12 1 1 9 12 1 1 7 1 10 7 12 1 1 1 7 1 10 12 1 10 12 1 1 10 12 1 100 1 100 1 10 12 1 10 12 1 100 1 100 1 10 12 1 10 12 1 100 1 100 1 10 12 1 10 12 1 100 1 100 1 10 8 1 10 12 1 1 10 12 1 8 1 8 1 10 12 1 1 10 12 1 10 12 1 7 1 7 1 10 12 1 7 1 10 12 1 10 12 1 100 1 100 1 10 12 1 10 12 1 100 1 100 1 10 12 1 10 12 1 100 1 100 1 10 12 1 10 12 1 7 1 10 12 1 100 1 10 12 1 100 1 10 12 1 100 1 10 12 1 7 1 10 7 1 10 7 1 10 7 1 10 1 1 1 1 1 1 1 1 1 1 1 1 1 1 1 1 1 1 1 1 1 1 1 1 1 1 1 1 1 1 1 1 1 1 1 1 1 1 1 1 1 1 1 1 1 1 1 1 1 1 1 1 1 1 1 1 1 1 1 1 1 1 1 1 1 1 1 1 1 1 1 1 100 1 100 1 100 1 100 1 100 1 100 1 100 1 100 1 100 1 1 100 1 100 1 1 100 1 1 100 1 1 1 1 1 1 1 1 100 1 1 1 1 1 1 1 1 1 1 1 1 1 1
staticfield java/util/Spliterators EMPTY_SPLITERATOR Ljava/util/Spliterator; java/util/Spliterators$EmptySpliterator$OfRef
staticfield java/util/Spliterators EMPTY_INT_SPLITERATOR Ljava/util/Spliterator$OfInt; java/util/Spliterators$EmptySpliterator$OfInt
staticfield java/util/Spliterators EMPTY_LONG_SPLITERATOR Ljava/util/Spliterator$OfLong; java/util/Spliterators$EmptySpliterator$OfLong
staticfield java/util/Spliterators EMPTY_DOUBLE_SPLITERATOR Ljava/util/Spliterator$OfDouble; java/util/Spliterators$EmptySpliterator$OfDouble
ciMethod java/util/Spliterators spliterator ([Ljava/lang/Object;III)Ljava/util/Spliterator; 512 0 623 0 -1
ciMethod java/util/Spliterators checkFromToBounds (III)V 768 0 623 0 -1
ciInstanceKlass java/lang/reflect/Modifier 1 1 133 100 1 10 100 12 1 1 1 100 1 10 100 1 8 1 10 12 1 8 1 10 12 1 1 8 1 8 1 8 1 8 1 8 1 8 1 8 1 8 1 8 1 8 1 8 1 10 12 1 1 3 1 1 1 3 1 3 1 3 1 3 1 3 1 3 1 3 1 3 1 3 1 3 1 3 1 3 1 1 1 3 1 3 1 3 1 1 3 1 3 1 3 1 3 1 3 1 1 1 1 1 1 1 1 1 1 1 1 1 1 1 1 1 1 1 1 1 1 1 1 1 1 1 1 1 1 1 1 1 1 1 1
ciInstanceKlass java/lang/Class$Atomic 1 1 84 10 100 12 1 1 1 9 7 12 1 1 1 9 12 1 1 10 7 12 1 1 1 9 12 1 9 12 1 10 12 1 1 7 1 8 1 10 12 1 1 8 1 8 1 1 1 1 1 1 1 1 1 1 1 1 1 1 1 1 1 1 1 1 1 1 1 1 1 1 1 1 1 1 1 1 1 1 100 1 1 100 1 1
staticfield java/lang/Class$Atomic unsafe Ljdk/internal/misc/Unsafe; jdk/internal/misc/Unsafe
staticfield java/lang/Class$Atomic reflectionDataOffset J 68
staticfield java/lang/Class$Atomic annotationTypeOffset J 88
staticfield java/lang/Class$Atomic annotationDataOffset J 84
ciInstanceKlass java/lang/Class$ReflectionData 1 1 55 10 7 12 1 1 1 9 7 12 1 1 1 7 1 10 9 12 1 1 1 1 1 1 1 1 1 1 1 1 1 1 1 1 1 1 1 1 1 1 1 1 1 1 1 1 1 1 1 1 1 100 1 1 1
staticfield java/lang/Class$ReflectionData NULL_SENTINEL Ljava/lang/String; ""ciMethod java/lang/Class$Atomic casReflectionData (Ljava/lang/Class;Ljava/lang/ref/SoftReference;Ljava/lang/ref/SoftReference;)Z 466 0 1014 0 -1
ciMethod java/lang/reflect/Modifier isStatic (I)Z 772 0 6012 0 64
ciMethod java/lang/reflect/Modifier isProtected (I)Z 514 0 5372 0 -1
ciInstanceKlass jdk/internal/reflect/ReflectionFactory 1 1 581 10 7 12 1 1 1 10 7 12 1 1 1 9 7 12 1 1 1 10 7 12 1 1 1 9 100 12 1 1 1 10 100 12 1 1 1 9 12 1 1 100 1 10 8 1 10 12 1 1 10 7 12 1 1 1 10 12 1 10 12 1 1 10 12 1 1 10 7 12 1 1 1 100 1 10 12 1 11 7 12 1 1 1 7 1 10 12 1 1 10 7 12 1 1 1 11 12 1 1 10 7 12 1 1 1 10 7 12 1 1 1 10 12 1 1 9 12 1 1 10 12 1 1 100 1 10 10 12 1 10 12 1 10 10 12 1 1 7 1 10 12 1 7 1 10 12 1 10 12 1 1 10 7 1 10 10 12 1 100 1 10 12 1 8 1 7 1 10 12 1 1 7 1 10 12 1 10 10 10 10 12 1 1 7 1 10 7 1 10 12 1 10 12 1 11 12 1 1 11 12 1 1 11 12 1 1 11 12 1 11 12 1 11 12 1 1 11 12 1 1 11 12 1 1 11 12 1 1 11 12 1 1 100 1 10 12 1 1 10 12 1 1 10 12 1 1 10 12 1 10 12 1 9 12 1 100 1 100 1 10 10 12 1 10 12 1 1 10 12 1 9 12 1 10 12 1 10 12 1 10 12 1 1 11 12 1 1 11 12 1 1 11 12 1 1 11 12 1 10 10 8 1 100 1 10 12 1 1 8 1 8 1 100 1 9 100 12 1 1 1 10 12 1 10 12 1 10 10 100 12 1 1 1 10 100 12 1 1 1 100 1 100 1 8 1 10 12 1 8 1 10 12 1 1 8 1 10 12 1 10 12 1 9 12 1 1 100 1 8 1 8 1 10 12 1 10 12 1 1 100 1 10 12 1 100 1 8 1 100 1 9 8 1 9 12 1 1 9 12 1 10 7 12 1 1 10 7 12 1 1 1 8 1 10 7 12 1 1 1 8 1 10 7 12 1 1 1 8 1 10 100 12 1 1 1 100 1 100 1 8 1 10 8 1 10 12 1 10 12 1 1 10 12 1 10 12 1 10 1 1 1 1 1 1 1 1 1 1 1 1 1 1 1 1 1 1 1 1 1 1 1 1 1 1 1 1 1 1 1 1 1 1 1 1 1 1 1 1 1 1 1 1 1 1 1 1 1 1 1 1 1 1 1 1 1 1 1 1 1 100 1 1 1 1 1 1 1 1 1 1 1 100 1 1 1 1 1 1 1 1 1 1 1 1 1 1 1 1 1 1 1 1 1 1 1 1 100 1 1 1 1 1 1 1 1 1 1 1 1 1 1 1 1 1 1 100 1 1 1 1
staticfield jdk/internal/reflect/ReflectionFactory soleInstance Ljdk/internal/reflect/ReflectionFactory; jdk/internal/reflect/ReflectionFactory
staticfield jdk/internal/reflect/ReflectionFactory $assertionsDisabled Z 1
ciMethod jdk/internal/reflect/ReflectionFactory getExecutableSharedParameterTypes (Ljava/lang/reflect/Executable;)[Ljava/lang/Class; 454 0 2325 0 -1
ciMethod jdk/internal/reflect/ReflectionFactory copyMethod (Ljava/lang/reflect/Method;)Ljava/lang/reflect/Method; 768 0 3170 0 -1
ciMethod jdk/internal/reflect/ReflectionFactory newMethodAccessor (Ljava/lang/reflect/Method;)Ljdk/internal/reflect/MethodAccessor; 162 0 79 0 -1
ciInstanceKlass java/security/SecureClassLoader$1 1 1 94 9 7 12 1 1 1 9 12 1 1 10 7 12 1 1 1 10 7 12 1 1 1 7 1 10 12 1 9 7 12 1 1 1 100 1 10 8 1 10 12 1 1 10 12 1 10 12 1 1 10 100 12 1 1 1 8 1 7 1 10 12 1 1 100 1 1 1 1 1 1 1 1 1 1 1 1 1 1 100 1 1 1 1 1 1 1 12 1 1 1 1 1 1
ciInstanceKlass java/security/SecureClassLoader$CodeSourceKey 1 1 55 10 7 12 1 1 1 9 7 12 1 1 1 10 7 12 1 1 1 10 7 12 1 1 1 10 7 12 1 1 1 10 12 1 1 1 1 1 1 1 1 1 1 1 1 1 1 1 1 1 1 100 1 1 1
ciInstanceKlass java/lang/PublicMethods$MethodList 1 1 112 10 7 12 1 1 1 9 7 12 1 1 1 10 7 12 1 1 1 10 7 12 1 1 1 10 7 12 1 1 1 10 12 1 9 12 1 1 10 12 1 1 10 12 1 1 10 12 1 10 7 12 1 1 1 10 12 1 1 1 1 1 1 1 1 1 1 1 1 1 1 1 1 1 1 1 1 1 100 100 1 100 1 1 1 1 1 1 1 1 1 1 1 1 1 1 1 1 1 1 1 1 1 1 1 1 1 7 1 1 1 1
ciInstanceKlass java/lang/PublicMethods$Key 1 1 91 10 7 12 1 1 1 10 7 12 1 1 1 9 7 12 1 1 1 9 12 1 1 10 7 12 1 1 1 9 12 1 1 10 7 12 1 1 1 10 7 12 1 1 10 7 12 1 1 1 10 12 1 1 7 1 10 10 7 12 1 1 1 1 1 1 1 1 1 1 1 1 1 1 1 1 1 1 1 1 1 1 1 1 1 1 100 1 1 1 1
staticfield java/lang/PublicMethods$Key reflectionFactory Ljdk/internal/reflect/ReflectionFactory; jdk/internal/reflect/ReflectionFactory
ciMethod java/lang/PublicMethods$MethodList <init> (Ljava/lang/reflect/Method;)V 654 0 1103 0 -1
ciMethod java/lang/PublicMethods$MethodList merge (Ljava/lang/PublicMethods$MethodList;Ljava/lang/PublicMethods$MethodList;)Ljava/lang/PublicMethods$MethodList; 72 68 68 0 -1
ciMethod java/lang/PublicMethods$MethodList getMostSpecific ()Ljava/lang/reflect/Method; 504 0 407 0 -1
ciMethod java/lang/PublicMethods$MethodList filter ([Ljava/lang/reflect/Method;Ljava/lang/String;[Ljava/lang/Class;Z)Ljava/lang/PublicMethods$MethodList; 524 3012 487 0 -1
ciInstanceKlass java/lang/Class$3 1 1 49 9 7 12 1 1 1 9 12 1 1 10 7 12 1 1 1 10 7 12 1 1 1 10 12 1 1 100 1 1 1 1 1 1 1 1 1 1 1 1 1 1 100 1 12 1 1 1 1
ciMethod java/lang/Class$3 run ()Ljava/lang/Void; 26 0 31 0 0
ciMethod java/lang/Class$3 run ()Ljava/lang/Object; 26 0 31 0 0
ciMethod java/lang/Class$3 <init> (Ljava/lang/Class;Ljava/lang/reflect/Method;)V 26 0 31 0 0
ciInstanceKlass java/lang/invoke/MethodType$ConcurrentWeakInternSet$WeakEntry 1 1 57 10 7 12 1 1 1 10 7 12 1 1 1 9 7 12 1 1 1 10 12 1 1 10 12 1 1 1 1 1 1 1 1 1 1 1 1 1 1 1 1 1 1 1 1 1 1 1 1 1 100 1 1 100 1 1 1
ciMethod java/util/AbstractCollection add (Ljava/lang/Object;)Z 0 0 1 0 -1
ciInstanceKlass java/util/IdentityHashMap 1 1 397 9 7 12 1 1 1 10 7 12 1 1 1 10 12 1 1 100 1 100 1 10 8 1 10 12 1 1 10 12 1 10 12 1 1 10 12 1 10 12 1 1 3 3 10 7 12 1 1 7 1 9 12 1 1 11 100 12 1 1 1 6 0 10 12 10 12 1 1 9 12 1 10 7 12 1 1 1 10 12 1 1 10 12 1 1 10 12 1 1 10 12 1 1 9 12 1 3 3 100 1 8 1 10 11 12 1 1 11 100 12 1 1 1 11 100 12 1 1 1 11 12 1 1 100 1 11 12 1 11 12 1 10 12 1 1 10 12 1 10 10 12 1 1 10 11 12 1 1 10 12 1 10 12 1 9 12 1 10 100 100 1 100 1 10 12 1 9 12 1 7 1 10 12 1 9 12 1 1 7 1 10 7 1 10 10 100 12 1 1 10 12 1 10 12 1 1 10 100 12 1 1 1 10 12 1 100 1 8 1 10 10 100 12 1 1 1 11 100 12 1 1 1 10 12 1 10 12 1 1 10 10 100 12 1 1 11 100 12 1 1 100 1 10 11 100 12 1 1 10 100 1 100 1 1 1 3 1 3 1 1 1 1 1 5 0 1 1 1 1 1 1 1 1 1 1 1 1 1 1 1 1 1 1 1 1 1 1 1 1 1 1 1 1 1 1 1 1 1 1 1 1 1 1 1 1 1 1 1 1 1 1 1 1 1 1 1 1 1 1 1 1 1 1 1 1 1 100 1 1 1 1 1 1 1 100 1 1 1 1 100 1 1 1 1 1 1 1 1 1 1 1 1 1 1 1 1 1 1 1 1 1 1 100 1 100 1 100 1 100 1 100 1 100 1 100 1 100 1 100 1 1 1 1 1 1 100 1 1 1 1 1 1 1 1 1 1
staticfield java/util/IdentityHashMap NULL_KEY Ljava/lang/Object; java/lang/Object
ciInstanceKlass java/util/stream/Collector 1 1 103 10 7 12 1 1 1 9 7 12 1 1 1 9 7 12 1 1 1 10 7 12 1 1 1 10 7 12 1 1 1 7 1 10 12 1 1 9 12 1 10 12 1 1 10 12 1 1 10 12 1 100 1 100 1 1 1 1 1 1 1 1 1 1 1 1 1 1 1 1 1 1 1 1 1 1 1 1 1 1 1 1 1 1 1 1 100 1 1 1 1 1 1 1 1 1 1 1 1 1 1 1 1
ciInstanceKlass java/util/RegularEnumSet 1 1 157 10 7 12 1 1 1 9 7 12 1 1 1 5 0 10 7 12 1 1 1 9 12 1 1 7 1 10 12 1 10 7 12 1 1 1 10 7 12 1 1 1 9 12 1 1 10 100 12 1 1 10 12 1 1 10 12 1 1 10 12 1 1 10 12 1 100 1 100 1 10 12 1 10 12 1 1 8 1 10 12 1 10 12 1 1 10 12 1 10 12 1 10 12 1 10 12 1 1 10 12 1 1 1 1 5 0 1 1 1 1 1 1 1 1 1 1 1 1 1 1 1 1 1 1 1 1 1 1 1 1 1 1 1 1 1 1 1 1 1 1 1 1 1 1 1 1 1 1 1 1 1 1 1 1 1 1
ciInstanceKlass java/util/function/Supplier 1 0 14 100 1 100 1 1 1 1 1 1 1 1 1 1
ciInstanceKlass jdk/internal/reflect/MethodAccessor 1 0 14 100 1 100 1 1 1 1 100 1 100 1 1 1
ciMethod jdk/internal/reflect/MethodAccessor invoke (Ljava/lang/Object;[Ljava/lang/Object;)Ljava/lang/Object; 0 0 1 0 -1
ciInstanceKlass java/lang/invoke/BoundMethodHandle$Species_L 1 1 125 10 7 12 1 1 1 9 7 12 1 1 1 9 12 1 1 10 12 1 9 7 12 1 1 1 10 7 12 1 1 1 10 12 1 1 10 7 12 1 1 1 100 1 10 100 12 1 1 1 9 12 1 10 12 1 9 12 1 10 12 1 9 12 1 10 12 1 9 12 1 10 12 1 10 12 1 1 10 12 1 1 1 1 1 1 1 1 1 1 1 1 1 1 1 1 1 1 1 1 1 1 1 1 1 1 1 1 1 1 1 1 1 1 1 1 1 1 1 1 1 1 100 1 1
instanceKlass java/util/concurrent/ConcurrentHashMap$ForwardingNode
instanceKlass java/util/concurrent/ConcurrentHashMap$ReservationNode
ciInstanceKlass java/util/concurrent/ConcurrentHashMap$Node 1 1 97 10 7 12 1 1 1 9 7 12 1 1 1 9 12 1 1 9 12 1 10 12 1 9 12 1 1 10 12 1 1 10 100 12 1 1 1 100 1 10 100 1 11 12 1 1 11 12 1 10 12 1 1 1 1 1 1 1 1 1 1 1 1 1 1 1 1 1 1 1 1 1 1 1 1 1 1 1 1 1 1 1 1 1 1 1 1 1 1 1 100 1 1 1 100 1 1
ciInstanceKlass java/util/concurrent/ConcurrentHashMap$ForwardingNode 1 1 71 100 1 10 7 12 1 1 1 9 7 12 1 1 1 10 12 1 1 9 12 1 1 9 12 1 1 10 100 12 1 1 1 10 12 1 1 9 12 1 1 1 1 1 1 1 1 1 1 1 1 1 1 1 1 1 1 1 1 1 1 1 100 1 1 1 1 1 1 1 1
ciInstanceKlass java/util/concurrent/ConcurrentHashMap$ReservationNode 1 1 34 100 1 10 7 12 1 1 1 100 1 1 1 1 1 1 1 1 1 1 1 1 1 1 1 1 1 1 1 1 1 1 1 1
ciInstanceKlass java/util/concurrent/locks/LockSupport 1 1 94 10 100 12 1 1 1 9 7 12 1 1 1 9 12 1 1 10 7 12 1 1 1 10 7 12 1 1 1 10 12 1 1 10 12 1 1 10 12 1 1 100 1 10 10 12 1 1 9 12 1 10 12 1 1 10 12 1 1 8 1 10 12 1 1 8 1 1 1 1 1 1 1 1 1 1 1 1 1 1 1 1 1 1 1 1 1 1 1 1 1 1 1 1
staticfield java/util/concurrent/locks/LockSupport U Ljdk/internal/misc/Unsafe; jdk/internal/misc/Unsafe
staticfield java/util/concurrent/locks/LockSupport PARKBLOCKER J 76
staticfield java/util/concurrent/locks/LockSupport TID J 32
ciMethod java/util/concurrent/ConcurrentHashMap$ReservationNode <init> ()V 130 0 686 0 -1
instanceKlass org/springframework/util/ConcurrentReferenceHashMap$Segment
instanceKlass java/util/concurrent/ConcurrentHashMap$Segment
ciInstanceKlass java/util/concurrent/locks/ReentrantLock 1 1 177 10 7 12 1 1 1 7 1 10 9 7 12 1 1 1 100 1 10 10 7 12 1 1 10 12 1 10 12 1 1 10 100 12 1 1 1 10 12 1 1 10 12 1 1 10 12 1 1 10 12 1 1 10 12 1 10 12 1 10 12 1 1 10 12 1 10 12 1 1 10 12 1 10 12 1 1 100 1 10 100 1 100 1 8 1 10 12 1 10 12 1 1 10 12 1 1 10 12 1 1 100 1 10 10 12 1 1 10 12 1 1 8 1 8 1 10 100 12 1 1 8 1 10 100 1 100 1 1 1 1 5 0 1 1 1 1 1 1 1 1 1 1 100 1 1 1 1 1 1 1 1 1 1 1 1 1 1 1 1 1 1 1 1 1 100 1 1 1 1 1 1 1 1 100 1 1
ciInstanceKlass java/util/concurrent/locks/Lock 1 0 19 100 1 100 1 1 1 1 1 100 1 1 1 1 1 1 1 1 1
ciMethod java/util/concurrent/locks/ReentrantLock lock ()V 230 0 2611 0 0
ciMethod java/util/concurrent/locks/ReentrantLock unlock ()V 230 0 2655 0 0
ciMethod java/util/concurrent/ConcurrentHashMap$Node find (ILjava/lang/Object;)Ljava/util/concurrent/ConcurrentHashMap$Node; 0 0 1 0 -1
ciMethod java/util/concurrent/ConcurrentHashMap$Node <init> (ILjava/lang/Object;Ljava/lang/Object;)V 1024 0 22489 0 -1
instanceKlass java/util/RegularEnumSet
ciInstanceKlass java/util/EnumSet 1 1 242 10 7 12 1 1 1 9 7 12 1 1 1 9 12 1 1 10 12 1 1 100 1 100 1 10 10 12 1 1 8 1 10 12 1 10 12 1 1 10 12 1 7 1 10 12 1 100 1 10 10 12 1 1 10 12 1 10 12 1 1 11 7 12 1 1 1 100 1 8 1 10 11 12 1 1 11 7 12 1 1 1 7 1 10 12 1 1 11 12 1 10 12 1 1 10 12 1 1 10 12 1 10 12 1 1 10 12 1 1 8 1 10 12 1 1 10 7 12 1 100 1 100 1 10 12 1 10 12 1 10 100 12 1 1 8 1 10 7 12 1 1 1 11 7 12 1 1 100 1 10 12 1 100 1 8 1 10 100 1 100 1 1 1 1 5 0 1 1 1 1 1 1 1 1 1 1 1 1 100 1 1 1 1 1 1 1 1 1 1 1 1 1 1 1 1 1 1 1 1 1 1 1 1 1 1 1 1 1 1 1 1 1 1 1 1 1 1 1 1 1 1 1 1 1 1 1 1 1 1 1 1 1 1 1 1 1 1 1 1 1 1
ciInstanceKlass jdk/internal/access/JavaLangReflectAccess 1 0 59 100 1 100 1 1 1 1 1 1 1 1 1 1 1 1 1 1 1 1 1 1 1 1 1 1 1 1 1 1 1 1 1 1 1 1 1 1 1 1 1 1 1 1 1 1 1 1 1 1 100 1 100 1 100 1 1 1 1
ciMethod jdk/internal/access/JavaLangReflectAccess getExecutableSharedParameterTypes (Ljava/lang/reflect/Executable;)[Ljava/lang/Class; 0 0 1 0 -1
ciInstanceKlass java/lang/ref/ReferenceQueue$Lock 1 1 21 10 7 12 1 1 1 100 1 1 1 1 1 1 1 1 1 7 1 1 1
ciInstanceKlass java/lang/ref/ReferenceQueue$Null 1 1 28 10 7 12 1 1 1 100 1 1 1 1 1 1 1 1 1 1 1 1 1 1 1 1 1 1 1 1
ciMethod java/lang/ref/ReferenceQueue poll ()Ljava/lang/ref/Reference; 514 0 25177 0 672
ciInstanceKlass sun/security/action/GetBooleanAction 1 1 60 10 7 12 1 1 1 9 7 12 1 1 1 10 7 12 1 1 1 10 12 1 1 10 7 12 1 1 1 10 12 1 10 100 12 1 1 1 10 12 1 1 10 12 1 1 100 1 1 1 1 1 1 1 1 1 1 1 1 1
ciInstanceKlass jdk/internal/ref/CleanerImpl$PhantomCleanableRef 1 1 51 10 7 12 1 1 1 9 7 12 1 1 1 10 12 1 11 7 12 1 1 100 1 8 1 10 12 1 8 1 1 1 1 1 1 1 1 1 1 1 1 1 1 1 1 1 1 100 1 1 1
ciInstanceKlass sun/util/calendar/ZoneInfoFile$1 1 1 99 10 7 12 1 1 1 7 1 10 10 7 12 1 1 1 10 12 1 1 9 7 12 1 1 1 8 1 10 12 1 7 1 7 1 7 1 8 1 10 12 1 10 12 1 10 12 1 10 10 7 12 1 1 1 10 12 1 100 1 10 12 1 1 100 1 100 1 10 12 10 7 12 1 1 1 100 1 1 1 1 1 1 1 1 1 1 1 1 100 1 1 1 1 1 1 1 1 1
ciMethod java/util/EnumSet getUniverse (Ljava/lang/Class;)[Ljava/lang/Enum; 516 0 4839 0 0
ciMethod java/util/EnumSet typeCheck (Ljava/lang/Enum;)V 514 0 5380 0 0
ciMethod java/util/EnumSet noneOf (Ljava/lang/Class;)Ljava/util/EnumSet; 516 0 4837 0 0
ciMethod java/util/EnumSet of (Ljava/lang/Enum;[Ljava/lang/Enum;)Ljava/util/EnumSet; 512 1024 2064 0 0
ciMethod java/util/EnumSet <init> (Ljava/lang/Class;[Ljava/lang/Enum;)V 516 0 4840 0 0
ciMethod java/util/concurrent/locks/Lock tryLock ()Z 0 0 1 0 -1
ciMethod java/util/concurrent/locks/Lock unlock ()V 0 0 1 0 -1
ciMethod java/util/concurrent/locks/LockSupport unpark (Ljava/lang/Thread;)V 2 0 1 0 -1
ciMethod java/util/RegularEnumSet contains (Ljava/lang/Object;)Z 642 0 7500 0 224
ciMethod java/util/RegularEnumSet add (Ljava/lang/Object;)Z 514 0 9831 0 0
ciMethod java/util/RegularEnumSet <init> (Ljava/lang/Class;[Ljava/lang/Enum;)V 516 0 4839 0 0
ciMethod java/util/RegularEnumSet add (Ljava/lang/Enum;)Z 514 0 5380 0 192
ciMethod java/lang/PublicMethods$Key matches (Ljava/lang/reflect/Method;Ljava/lang/String;[Ljava/lang/Class;)Z 578 0 2815 0 -1
ciMethod java/lang/Class$ReflectionData <init> (I)V 466 0 1014 0 -1
ciMethod java/util/AbstractSet <init> ()V 782 0 28245 0 64
ciMethod java/util/Spliterators$ArraySpliterator <init> ([Ljava/lang/Object;III)V 784 0 639 0 -1
ciMethod java/util/stream/StreamSupport stream (Ljava/util/Spliterator;Z)Ljava/util/stream/Stream; 512 0 4617 0 -1
ciMethod jdk/internal/access/JavaLangAccess getEnumConstantsShared (Ljava/lang/Class;)[Ljava/lang/Enum; 0 0 1 0 -1
ciMethod java/lang/invoke/DirectMethodHandle allocateInstance (Ljava/lang/Object;)Ljava/lang/Object; 512 0 45364 0 0
ciMethod java/lang/invoke/DirectMethodHandle constructorMethod (Ljava/lang/Object;)Ljava/lang/Object; 518 0 45364 0 0
ciMethod java/util/concurrent/atomic/AtomicInteger get ()I 324 0 162 0 0
ciMethod java/util/concurrent/atomic/AtomicInteger set (I)V 256 0 128 0 -1
ciMethod java/util/concurrent/atomic/AtomicInteger incrementAndGet ()I 512 0 1382 0 96
ciMethod java/util/List iterator ()Ljava/util/Iterator; 0 0 1 0 -1
ciMethod java/util/function/Function apply (Ljava/lang/Object;)Ljava/lang/Object; 0 0 1 0 -1
ciMethod java/lang/reflect/Method setMethodAccessor (Ljdk/internal/reflect/MethodAccessor;)V 324 0 158 0 -1
ciMethod java/lang/reflect/Method getMethodAccessor ()Ljdk/internal/reflect/MethodAccessor; 162 0 79 0 -1
ciMethod java/lang/reflect/Method acquireMethodAccessor ()Ljdk/internal/reflect/MethodAccessor; 38 0 79 0 0
ciMethod java/lang/reflect/Method invoke (Ljava/lang/Object;[Ljava/lang/Object;)Ljava/lang/Object; 58 0 140 0 -1
ciMethod java/lang/ref/ReferenceQueue reallyPoll ()Ljava/lang/ref/Reference; 4 0 957 0 0
ciMethod java/security/PrivilegedAction run ()Ljava/lang/Object; 0 0 1 0 -1
ciMethod java/lang/ref/SoftReference <init> (Ljava/lang/Object;)V 508 0 6685 0 -1
ciMethod java/lang/ref/SoftReference <init> (Ljava/lang/Object;Ljava/lang/ref/ReferenceQueue;)V 898 0 6486 0 0
ciMethod java/lang/ref/Reference <init> (Ljava/lang/Object;Ljava/lang/ref/ReferenceQueue;)V 516 0 21866 0 512
ciMethod java/lang/ref/Reference reachabilityFence (Ljava/lang/Object;)V 512 0 52341 0 -1
ciMethod java/lang/ref/Reference refersTo (Ljava/lang/Object;)Z 512 0 8051 0 -1
ciMethod java/util/concurrent/locks/ReentrantLock$Sync lock ()V 230 0 2611 0 0
ciMethod java/util/concurrent/locks/ReentrantLock$NonfairSync initialTryLock ()Z 512 0 2611 0 0
ciMethod java/util/AbstractCollection <init> ()V 592 0 53569 0 64
ciMethod java/util/Collections emptySet ()Ljava/util/Set; 796 0 8916 0 -1
ciMethod java/lang/NoSuchMethodException <init> (Ljava/lang/String;)V 16 0 17 0 -1
ciMethod java/util/Arrays spliterator ([Ljava/lang/Object;II)Ljava/util/Spliterator; 512 0 623 0 -1
ciMethod java/util/Arrays stream ([Ljava/lang/Object;II)Ljava/util/stream/Stream; 512 0 623 0 -1
ciMethod java/util/Arrays stream ([Ljava/lang/Object;)Ljava/util/stream/Stream; 512 0 623 0 -1
ciMethod java/util/Arrays hashCode ([C)I 0 0 1 0 -1
ciMethod java/util/Arrays hashCode ([S)I 0 0 1 0 -1
ciMethod java/util/Arrays hashCode ([I)I 0 0 1 0 -1
ciMethod java/util/Arrays hashCode ([J)I 0 0 1 0 -1
ciMethod java/util/Arrays hashCode ([Z)I 0 0 1 0 -1
ciMethod java/util/Arrays hashCode ([Ljava/lang/Object;)I 512 1560 3079 0 -1
ciMethod java/util/Arrays hashCode ([D)I 0 0 1 0 -1
ciMethod java/util/Arrays hashCode ([B)I 262 38056 564 0 -1
ciMethod java/util/Arrays hashCode ([F)I 0 0 1 0 -1
ciMethod java/util/Arrays equals ([Ljava/lang/Object;[Ljava/lang/Object;)Z 488 976 8188 0 -1
ciMethod java/lang/Math max (II)I 678 0 147528 0 -1
ciMethod java/lang/Thread currentThread ()Ljava/lang/Thread; 512 0 256 0 -1
ciMethod java/util/Set contains (Ljava/lang/Object;)Z 0 0 1 0 -1
ciMethod java/util/Set size ()I 0 0 1 0 -1
ciMethod java/lang/System$2 getEnumConstantsShared (Ljava/lang/Class;)[Ljava/lang/Enum; 512 0 4853 0 0
ciMethod java/util/Map containsKey (Ljava/lang/Object;)Z 0 0 1 0 -1
ciMethod java/util/Map put (Ljava/lang/Object;Ljava/lang/Object;)Ljava/lang/Object; 0 0 1 0 -1
ciMethod java/util/Map get (Ljava/lang/Object;)Ljava/lang/Object; 0 0 1 0 -1
ciMethod java/util/Map remove (Ljava/lang/Object;)Ljava/lang/Object; 0 0 1 0 -1
ciMethod jdk/internal/access/SharedSecrets getJavaLangAccess ()Ljdk/internal/access/JavaLangAccess; 512 0 12212 0 96
ciMethod jdk/internal/misc/Unsafe allocateInstance (Ljava/lang/Class;)Ljava/lang/Object; 512 0 256 0 -1
ciMethod jdk/internal/misc/Unsafe getReferenceAcquire (Ljava/lang/Object;J)Ljava/lang/Object; 788 0 23086 0 -1
ciMethod jdk/internal/misc/Unsafe compareAndSetInt (Ljava/lang/Object;JII)Z 512 0 256 0 -1
ciMethod jdk/internal/misc/Unsafe getAndAddInt (Ljava/lang/Object;JI)I 514 0 292 0 -1
ciMethod jdk/internal/misc/VM addFinalRefCount (I)V 0 0 1 0 0
ciMethod jdk/internal/reflect/Reflection getCallerClass ()Ljava/lang/Class; 512 0 256 0 -1
ciMethod jdk/internal/reflect/Reflection filterMethods (Ljava/lang/Class;[Ljava/lang/reflect/Method;)[Ljava/lang/reflect/Method; 222 0 404 0 -1
ciMethod jdk/internal/reflect/Reflection newIllegalAccessException (Ljava/lang/Class;Ljava/lang/Class;Ljava/lang/Class;I)Ljava/lang/IllegalAccessException; 0 0 1 0 -1
ciMethod jdk/internal/reflect/Reflection verifyPublicMemberAccess (Ljava/lang/Class;I)Z 0 0 1 0 -1
ciMethod jdk/internal/reflect/Reflection verifyMemberAccess (Ljava/lang/Class;Ljava/lang/Class;Ljava/lang/Class;I)Z 512 0 306 0 -1
ciMethod java/lang/StringBuilder <init> ()V 256 0 34946 0 -1
ciMethod java/lang/StringBuilder toString ()Ljava/lang/String; 256 0 34807 0 -1
ciMethod java/lang/StringBuilder append (Ljava/lang/String;)Ljava/lang/StringBuilder; 504 0 117623 0 -1
ciMethod java/lang/StringBuilder append (C)Ljava/lang/StringBuilder; 6 0 64357 0 -1
ciMethod java/lang/String isEmpty ()Z 514 0 90472 0 96
ciMethod java/lang/String charAt (I)C 594 0 770970 0 192
ciMethod java/lang/String equals (Ljava/lang/Object;)Z 526 0 7930 0 384
ciMethod java/lang/String hashCode ()I 522 0 10745 0 480
ciMethod java/lang/String isLatin1 ()Z 422 0 985434 0 96
ciMethod java/util/concurrent/ConcurrentHashMap computeIfAbsent (Ljava/lang/Object;Ljava/util/function/Function;)Ljava/lang/Object; 512 186 5557 0 0
ciMethod java/util/concurrent/ConcurrentHashMap get (Ljava/lang/Object;)Ljava/lang/Object; 540 2 11791 0 864
ciMethod java/util/concurrent/ConcurrentHashMap spread (I)I 796 0 36635 0 96
ciMethod java/util/concurrent/ConcurrentHashMap tabAt ([Ljava/util/concurrent/ConcurrentHashMap$Node;I)Ljava/util/concurrent/ConcurrentHashMap$Node; 776 0 23086 0 64
ciMethod java/util/concurrent/ConcurrentHashMap initTable ()[Ljava/util/concurrent/ConcurrentHashMap$Node; 20 0 319 0 -1
ciMethod java/util/concurrent/ConcurrentHashMap casTabAt ([Ljava/util/concurrent/ConcurrentHashMap$Node;ILjava/util/concurrent/ConcurrentHashMap$Node;Ljava/util/concurrent/ConcurrentHashMap$Node;)Z 942 0 1573 0 -1
ciMethod java/util/concurrent/ConcurrentHashMap helpTransfer ([Ljava/util/concurrent/ConcurrentHashMap$Node;Ljava/util/concurrent/ConcurrentHashMap$Node;)[Ljava/util/concurrent/ConcurrentHashMap$Node; 0 0 1 0 -1
ciMethod java/util/concurrent/ConcurrentHashMap treeifyBin ([Ljava/util/concurrent/ConcurrentHashMap$Node;I)V 0 0 1 0 -1
ciMethod java/util/concurrent/ConcurrentHashMap addCount (JI)V 1024 0 12723 0 -1
ciMethod java/util/concurrent/ConcurrentHashMap setTabAt ([Ljava/util/concurrent/ConcurrentHashMap$Node;ILjava/util/concurrent/ConcurrentHashMap$Node;)V 512 0 9664 0 -1
ciMethod jdk/internal/reflect/MethodAccessorImpl invoke (Ljava/lang/Object;[Ljava/lang/Object;)Ljava/lang/Object; 0 0 1 0 -1
ciMethod java/security/AccessController executePrivileged (Ljava/security/PrivilegedAction;Ljava/security/AccessControlContext;Ljava/lang/Class;)Ljava/lang/Object; 68 0 2225 0 -1
ciMethod java/security/AccessController doPrivileged (Ljava/security/PrivilegedAction;)Ljava/lang/Object; 68 0 1721 0 0
ciMethod java/security/AccessController isPrivileged ()Z 0 0 1 0 -1
ciMethod java/security/AccessController ensureMaterializedForStackWalk (Ljava/lang/Object;)V 516 0 258 0 -1
ciMethod java/lang/Enum getDeclaringClass ()Ljava/lang/Class; 512 0 2092 0 0
ciMethod java/lang/Enum ordinal ()I 438 0 219 0 0
ciMethod java/util/Iterator hasNext ()Z 0 0 1 0 -1
ciMethod java/util/Iterator next ()Ljava/lang/Object; 0 0 1 0 -1
ciMethod java/lang/Class getMethod (Ljava/lang/String;[Ljava/lang/Class;)Ljava/lang/reflect/Method; 120 0 412 5 0
ciMethod java/lang/Class getEnumConstantsShared ()[Ljava/lang/Object; 512 0 4873 0 0
ciMethod java/lang/Class getMethodsRecursive (Ljava/lang/String;[Ljava/lang/Class;Z)Ljava/lang/PublicMethods$MethodList; 524 72 487 0 -1
ciMethod java/lang/Class getDeclaredMethods0 (Z)[Ljava/lang/reflect/Method; 514 0 257 0 -1
ciMethod java/lang/Class getGenericSignature0 ()Ljava/lang/String; 358 0 178 0 -1
ciMethod java/lang/Class newReflectionData (Ljava/lang/ref/SoftReference;I)Ljava/lang/Class$ReflectionData; 210 0 1014 0 -1
ciMethod java/lang/Class methodToString (Ljava/lang/String;[Ljava/lang/Class;)Ljava/lang/String; 28 0 17 0 -1
ciMethod java/lang/Class getMethod0 (Ljava/lang/String;[Ljava/lang/Class;)Ljava/lang/reflect/Method; 514 0 412 0 -1
ciMethod java/lang/Class privateGetDeclaredMethods (Z)[Ljava/lang/reflect/Method; 520 0 926 0 -1
ciMethod java/lang/Class getFactory ()Lsun/reflect/generics/factory/GenericsFactory; 208 0 124 0 -1
ciMethod java/lang/Class reflectionData ()Ljava/lang/Class$ReflectionData; 4182 0 6240 0 -1
ciMethod java/lang/Class getInterfaces (Z)[Ljava/lang/Class; 522 0 3084 0 -1
ciMethod java/lang/Class getGenericInfo ()Lsun/reflect/generics/repository/ClassRepository; 728 0 1043 0 0
ciMethod java/lang/Class getReflectionFactory ()Ljdk/internal/reflect/ReflectionFactory; 3286 0 3944 0 -1
ciMethod java/lang/Class checkMemberAccess (Ljava/lang/SecurityManager;ILjava/lang/Class;Z)V 0 0 1 0 -1
ciMethod java/lang/Class isEnum ()Z 92 0 940 0 0
ciMethod java/lang/Class componentType ()Ljava/lang/Class; 770 0 9879 0 -1
ciMethod java/lang/Class getSuperclass ()Ljava/lang/Class; 512 0 256 0 -1
ciMethod java/lang/Class getModifiers ()I 512 0 256 0 -1
ciMethod java/lang/Class isInstance (Ljava/lang/Object;)Z 512 0 256 0 -1
ciMethod java/lang/Class isAssignableFrom (Ljava/lang/Class;)Z 768 0 384 0 -1
ciMethod java/lang/Class getName ()Ljava/lang/String; 542 0 73901 0 -1
ciMethod java/lang/Object getClass ()Ljava/lang/Class; 512 0 256 0 -1
ciMethod java/lang/Object <init> ()V 1024 0 628940 0 64
ciInstanceKlass java/lang/invoke/LambdaForm$MH+0x0000018ba1000400 1 1 41 1 7 1 100 1 1 1 1 1 1 1 7 1 1 12 9 1 1 1 1 1 7 1 1 12 10 1 7 1 1 12 11 1 7 12 9 1 1 1 1
staticfield java/lang/invoke/LambdaForm$MH+0x0000018ba1000400 _D_0 Ljava/lang/invoke/LambdaForm; java/lang/invoke/LambdaForm
ciInstanceKlass org/springframework/beans/factory/BeanFactory 1 0 58 100 1 100 1 1 1 1 8 1 1 1 3 1 1 1 100 1 1 1 1 1 1 1 1 1 1 1 1 1 1 1 1 1 1 1 1 1 100 1 1 1 1 1 1 1 1 1 1 1 1 1 1 1 1 1 1 1
ciInstanceKlass org/apache/commons/logging/Log 1 0 25 100 1 100 1 1 1 1 1 1 1 1 1 1 1 1 1 1 1 1 1 1 1 1 1
ciInstanceKlass org/springframework/util/Assert 1 1 265 10 100 12 1 1 1 100 1 10 12 1 10 7 12 1 1 1 100 1 10 10 7 12 1 1 1 10 12 1 10 100 12 1 1 1 10 7 12 1 1 1 10 7 12 1 1 11 7 12 1 1 1 11 7 12 1 1 1 11 12 1 1 10 12 1 8 1 10 12 1 1 10 7 12 1 1 1 10 12 1 1 8 1 10 12 1 8 1 10 12 1 1 10 12 1 1 10 12 1 10 12 1 1 10 12 1 1 8 1 10 12 1 18 12 1 1 10 12 1 1 10 12 1 1 18 12 1 18 8 1 10 12 1 8 1 8 1 8 1 8 1 8 1 18 11 100 12 1 1 1 1 1 1 1 1 1 1 1 1 1 1 1 1 1 1 1 1 1 1 1 1 1 1 1 1 1 1 1 1 1 1 1 1 1 1 1 1 1 1 1 1 1 1 1 1 1 1 1 1 1 1 100 1 1 1 1 1 1 1 1 1 1 1 1 1 1 1 1 1 1 1 1 1 1 1 1 1 1 1 1 1 1 1 1 1 1 1 1 1 1 1 1 1 1 15 10 100 12 1 1 8 1 8 1 8 1 8 1 1 100 1 100 1 1
ciInstanceKlass org/springframework/util/ClassUtils 1 1 1014 7 1 10 7 12 1 1 1 9 7 12 1 1 1 10 7 12 1 1 1 11 7 12 1 1 1 10 7 12 1 1 1 10 12 1 1 7 1 10 12 1 10 100 12 1 1 10 12 1 1 10 12 1 1 8 1 10 7 12 1 1 1 10 12 1 1 11 12 1 1 8 1 10 7 12 1 1 1 10 12 1 1 10 12 1 1 10 12 1 1 10 12 1 1 8 1 10 12 1 8 1 8 1 10 12 1 10 12 1 10 12 1 7 1 10 12 1 1 10 12 1 10 12 1 1 10 7 12 1 1 1 18 12 1 1 7 1 100 1 10 12 1 18 10 12 1 100 1 100 1 18 12 1 10 18 100 1 10 12 1 1 8 1 10 12 1 10 12 1 9 12 1 9 12 1 11 12 1 10 12 1 1 10 12 1 1 10 12 1 10 12 1 9 7 12 1 1 1 9 12 1 10 12 1 10 12 1 7 1 10 12 1 100 1 7 1 100 1 100 1 100 1 100 1 100 1 100 1 100 1 100 1 100 1 100 1 100 1 100 1 100 1 100 1 8 1 8 1 8 1 10 12 1 10 12 1 1 8 1 10 12 1 1 8 1 8 1 8 1 10 12 1 1 18 18 8 1 10 100 12 1 1 1 10 12 1 1 10 100 12 1 1 1 100 1 8 1 8 1 10 12 1 11 7 12 1 1 1 11 7 12 1 1 11 12 1 1 10 12 1 1 10 12 1 9 12 1 1 11 12 1 1 7 8 1 10 12 1 1 10 12 1 10 12 1 1 10 12 1 1 10 12 1 10 12 1 10 12 1 10 7 12 1 1 1 100 1 10 10 12 1 1 11 7 12 1 10 12 1 8 1 10 12 1 1 10 100 12 1 1 1 9 12 1 1 11 12 1 10 12 1 10 12 1 1 10 12 1 10 12 1 10 12 1 8 1 10 12 1 10 12 1 10 12 1 8 1 10 12 1 1 10 12 1 10 12 1 18 8 1 10 10 12 1 8 1 10 12 1 1 10 12 1 1 10 12 1 10 12 1 10 12 10 100 12 1 1 18 10 12 1 10 12 1 1 8 1 10 7 12 1 1 10 18 10 12 1 1 10 12 1 1 7 1 10 12 1 10 12 1 1 10 12 1 8 1 10 12 1 1 10 12 1 1 18 10 12 1 10 12 1 1 11 12 1 11 11 12 18 18 10 12 1 1 10 12 1 1 10 12 1 1 10 12 1 1 10 10 12 1 10 100 12 1 1 10 12 1 1 10 12 1 9 12 1 9 12 1 18 12 1 1 11 12 1 1 10 12 1 1 10 12 1 1 9 12 1 18 12 1 10 12 1 10 10 12 1 8 1 10 12 7 1 10 12 1 10 12 1 10 12 1 1 7 1 10 7 1 10 7 1 10 7 1 9 7 1 9 9 7 1 9 7 1 9 7 1 9 7 1 9 7 1 9 11 12 1 1 7 1 11 12 1 11 12 1 10 12 1 1 11 12 1 1 11 12 1 7 1 7 1 7 1 7 1 7 1 7 1 7 1 7 1 10 12 1 7 1 7 1 7 1 7 1 7 1 7 1 7 1 7 1 7 1 7 1 7 1 7 1 7 1 7 1 7 1 7 1 7 1 7 1 7 1 7 1 7 1 7 1 7 1 7 1 7 1 7 1 11 12 1 1 1 1 1 1 1 1 1 1 1 3 1 3 1 3 1 1 8 1 1 1 3 1 3 1 1 1 1 1 1 1 1 1 1 1 1 1 1 1 1 1 1 1 1 1 1 1 1 1 1 1 1 1 1 1 1 1 1 1 1 1 1 1 1 1 1 1 1 1 1 1 1 1 1 1 1 1 1 1 1 1 1 1 1 1 1 1 1 1 1 1 1 1 1 1 1 1 1 1 1 1 1 1 1 1 1 1 1 1 1 1 1 1 1 1 1 1 1 1 1 1 1 1 1 1 1 1 1 1 1 1 1 1 1 1 1 1 1 1 1 1 1 1 1 1 1 1 1 1 1 1 1 1 1 1 1 1 1 1 1 1 1 1 1 1 1 1 1 1 1 1 1 1 1 1 1 1 1 1 1 100 1 1 1 1 1 1 1 1 1 1 1 1 1 1 1 1 1 1 1 1 1 1 1 1 1 1 1 1 1 1 1 1 1 1 1 1 1 1 1 15 10 100 12 1 1 8 1 8 1 8 1 8 1 8 1 8 1 8 1 8 1 8 1 8 1 8 1 8 1 15 10 100 12 1 1 1 16 15 10 12 16 15 10 12 1 1 100 1 100 1 1
staticfield org/springframework/util/ClassUtils EMPTY_CLASS_ARRAY [Ljava/lang/Class; 0 [Ljava/lang/Class;
staticfield org/springframework/util/ClassUtils primitiveWrapperTypeMap Ljava/util/Map; java/util/IdentityHashMap
staticfield org/springframework/util/ClassUtils primitiveTypeToWrapperMap Ljava/util/Map; java/util/IdentityHashMap
staticfield org/springframework/util/ClassUtils primitiveTypeNameMap Ljava/util/Map; java/util/HashMap
staticfield org/springframework/util/ClassUtils commonClassCache Ljava/util/Map; java/util/HashMap
staticfield org/springframework/util/ClassUtils javaLanguageInterfaces Ljava/util/Set; java/util/ImmutableCollections$SetN
staticfield org/springframework/util/ClassUtils interfaceMethodCache Ljava/util/Map; org/springframework/util/ConcurrentReferenceHashMap
staticfield org/springframework/util/ClassUtils publicInterfaceMethodCache Ljava/util/Map; org/springframework/util/ConcurrentReferenceHashMap
staticfield org/springframework/util/ClassUtils publiclyAccessibleMethodCache Ljava/util/Map; org/springframework/util/ConcurrentReferenceHashMap
ciInstanceKlass org/springframework/util/ConcurrentReferenceHashMap 1 1 332 7 1 4 9 12 1 1 10 12 1 1 10 7 12 1 1 8 1 10 7 12 1 1 1 8 1 8 1 8 1 10 12 1 1 9 12 1 1 3 10 12 1 1 9 12 1 1 9 12 1 3 7 1 10 7 12 1 1 1 7 1 10 12 1 1 10 12 1 9 12 1 7 1 10 12 1 10 7 12 1 1 1 9 7 12 1 1 1 10 12 1 1 11 7 12 1 1 1 10 7 12 1 1 1 10 12 1 10 100 12 1 1 1 10 12 1 1 10 12 1 1 10 12 1 10 12 1 1 7 1 7 1 9 12 1 1 9 12 1 10 12 1 10 12 1 1 100 1 9 12 1 9 12 1 10 12 1 100 1 10 12 1 100 1 9 12 1 1 10 12 1 1 100 1 10 12 1 100 1 10 10 12 1 10 12 1 1 10 12 1 9 12 1 1 100 1 10 10 12 1 9 7 12 1 1 100 1 1 1 3 1 1 1 1 1 1 1 1 1 1 1 1 1 1 1 1 1 1 1 1 1 1 1 1 1 1 1 1 1 1 1 1 1 1 1 1 1 1 1 1 1 1 1 1 1 1 1 1 1 1 1 1 1 1 1 1 1 1 1 1 1 1 1 1 1 1 1 1 1 1 1 1 1 1 1 1 1 1 1 100 1 1 1 1 1 1 1 1 1 1 1 1 1 100 1 100 1 100 1 100 1 100 1 1 1 1 1 1 1 1 1 1 1 1 1 1 1 100 1 100 1
staticfield org/springframework/util/ConcurrentReferenceHashMap DEFAULT_REFERENCE_TYPE Lorg/springframework/util/ConcurrentReferenceHashMap$ReferenceType; org/springframework/util/ConcurrentReferenceHashMap$ReferenceType
instanceKlass org/springframework/util/ConcurrentReferenceHashMap$5
instanceKlass org/springframework/util/ConcurrentReferenceHashMap$4
instanceKlass org/springframework/util/ConcurrentReferenceHashMap$1
instanceKlass org/springframework/util/ConcurrentReferenceHashMap$3
instanceKlass org/springframework/util/ConcurrentReferenceHashMap$2
ciInstanceKlass org/springframework/util/ConcurrentReferenceHashMap$Task 1 1 88 9 7 12 1 1 1 10 7 12 1 1 1 100 1 10 7 12 1 1 1 10 12 1 1 9 12 1 1 10 12 1 1 10 12 1 1 1 1 1 1 1 1 1 1 1 1 1 1 100 1 100 1 1 1 1 1 1 1 1 1 1 1 1 1 1 1 1 1 1 1 1 1 1 1 1 1 1 1 100 1 1 100 1 1 100 1 1
ciInstanceKlass org/springframework/util/ConcurrentReferenceHashMap$1 1 1 96 9 7 12 1 1 1 9 12 1 1 9 12 1 1 10 7 12 1 1 1 10 7 12 1 1 1 10 12 1 1 8 1 10 7 12 1 1 1 11 7 12 1 1 1 1 1 1 1 1 1 1 1 1 1 1 1 1 1 1 1 1 1 1 1 1 1 1 1 100 1 1 1 1 1 1 1 1 1 1 100 1 12 1 1 1 1 1 100 1 1 1 1 100 1 1
ciInstanceKlass org/springframework/util/ConcurrentReferenceHashMap$ReferenceType 1 1 58 7 1 9 12 1 1 9 12 1 9 12 1 1 10 100 12 1 1 10 7 12 1 1 1 10 12 1 1 8 10 8 10 12 1 1 1 1 1 1 1 1 1 1 1 1 1 1 1 1 1 1 1 1 100 1 1 1
staticfield org/springframework/util/ConcurrentReferenceHashMap$ReferenceType SOFT Lorg/springframework/util/ConcurrentReferenceHashMap$ReferenceType; org/springframework/util/ConcurrentReferenceHashMap$ReferenceType
staticfield org/springframework/util/ConcurrentReferenceHashMap$ReferenceType WEAK Lorg/springframework/util/ConcurrentReferenceHashMap$ReferenceType; org/springframework/util/ConcurrentReferenceHashMap$ReferenceType
staticfield org/springframework/util/ConcurrentReferenceHashMap$ReferenceType $VALUES [Lorg/springframework/util/ConcurrentReferenceHashMap$ReferenceType; 2 [Lorg/springframework/util/ConcurrentReferenceHashMap$ReferenceType;
ciInstanceKlass org/springframework/util/ConcurrentReferenceHashMap$Segment 1 1 287 7 1 9 7 12 1 1 1 10 7 12 1 1 1 7 1 10 9 12 1 1 10 12 1 1 9 12 1 1 9 12 1 1 10 12 1 1 9 12 1 1 9 12 1 9 7 12 1 1 1 10 12 1 1 10 12 1 1 10 12 1 1 10 12 1 1 9 7 12 1 1 1 10 7 12 1 1 1 9 12 1 9 12 1 10 12 1 1 10 12 1 11 7 12 1 1 18 12 1 1 10 12 1 9 12 1 10 12 1 1 10 12 1 1 10 7 12 1 1 1 10 12 1 1 10 7 12 1 1 1 100 1 10 11 7 12 1 1 11 12 1 3 11 12 1 11 12 1 10 12 1 1 11 12 1 10 7 12 1 1 1 10 7 12 1 1 1 10 7 12 1 1 1 10 12 1 10 12 1 1 1 1 1 1 1 1 1 1 1 1 1 1 1 1 1 1 1 1 1 1 1 1 1 1 1 1 1 1 1 1 1 1 1 1 1 1 1 1 1 100 1 100 1 100 1 1 1 1 1 1 1 1 1 1 1 1 1 1 1 1 1 100 1 1 1 1 1 1 1 1 1 1 1 1 1 1 1 1 1 1 15 10 7 12 1 1 1 16 1 15 10 12 1 1 1 1 1 1 1 1 1 100 1 100 1 1
ciInstanceKlass org/springframework/util/ConcurrentReferenceHashMap$ReferenceManager 1 1 86 9 7 12 1 1 1 10 7 12 1 1 1 7 1 10 9 12 1 1 9 7 12 1 1 1 9 7 12 1 1 100 1 10 12 1 7 1 10 10 12 1 1 100 1 1 1 1 1 1 1 1 1 1 1 1 1 1 1 1 1 1 1 1 1 1 1 1 1 1 1 1 1 1 1 1 1 1 1 1 1 100 1 1 1 1
ciInstanceKlass org/springframework/util/ConcurrentReferenceHashMap$Reference 1 0 29 100 1 100 1 1 1 1 1 1 1 1 1 1 1 1 1 1 1 1 1 1 100 1 1 1 100 1 1
ciInstanceKlass org/springframework/core/io/Resource 1 1 86 11 100 12 1 1 1 11 12 1 1 10 100 12 1 1 1 10 100 12 1 1 1 100 1 10 12 1 1 10 12 1 1 100 1 100 1 1 1 1 1 1 1 1 1 1 1 1 100 1 1 1 1 1 1 1 1 1 1 1 1 1 1 1 1 1 1 1 1 1 1 1 1 1 1 1 1 100 1 8 1 1 12 10 1 1
ciInstanceKlass java/lang/invoke/LambdaForm$DMH+0x0000018ba1024800 1 1 52 1 7 1 100 1 1 1 1 1 1 1 7 1 1 12 10 1 12 10 1 7 1 7 1 1 12 10 1 1 1 1 1 7 1 1 12 10 1 7 1 1 12 11 1 7 12 9 1 1 1 1
staticfield java/lang/invoke/LambdaForm$DMH+0x0000018ba1024800 _D_0 Ljava/lang/invoke/LambdaForm; java/lang/invoke/LambdaForm
ciInstanceKlass java/lang/invoke/LambdaForm$MH+0x0000018ba1025000 1 1 41 1 7 1 100 1 1 1 1 1 1 1 7 1 1 12 10 1 1 1 1 1 7 1 1 12 10 1 7 1 1 12 11 1 7 12 9 1 1 1 1
staticfield java/lang/invoke/LambdaForm$MH+0x0000018ba1025000 _D_0 Ljava/lang/invoke/LambdaForm; java/lang/invoke/LambdaForm
ciInstanceKlass org/springframework/util/ConcurrentReferenceHashMap$Restructure 1 1 58 7 1 9 12 1 1 9 12 1 9 12 1 1 10 100 12 1 1 10 7 12 1 1 1 10 12 1 1 8 10 8 10 12 1 1 1 1 1 1 1 1 1 1 1 1 1 1 1 1 1 1 1 1 100 1 1 1
staticfield org/springframework/util/ConcurrentReferenceHashMap$Restructure WHEN_NECESSARY Lorg/springframework/util/ConcurrentReferenceHashMap$Restructure; org/springframework/util/ConcurrentReferenceHashMap$Restructure
staticfield org/springframework/util/ConcurrentReferenceHashMap$Restructure NEVER Lorg/springframework/util/ConcurrentReferenceHashMap$Restructure; org/springframework/util/ConcurrentReferenceHashMap$Restructure
staticfield org/springframework/util/ConcurrentReferenceHashMap$Restructure $VALUES [Lorg/springframework/util/ConcurrentReferenceHashMap$Restructure; 2 [Lorg/springframework/util/ConcurrentReferenceHashMap$Restructure;
ciInstanceKlass org/springframework/util/ConcurrentReferenceHashMap$TaskOption 1 1 66 7 1 9 12 1 1 9 12 1 9 12 1 9 12 1 9 12 1 1 10 7 12 1 1 10 7 12 1 1 1 10 12 1 1 8 10 8 8 8 10 12 1 1 1 1 1 1 1 1 1 1 1 1 1 1 1 1 1 1 1 1 100 1 1 1
staticfield org/springframework/util/ConcurrentReferenceHashMap$TaskOption RESTRUCTURE_BEFORE Lorg/springframework/util/ConcurrentReferenceHashMap$TaskOption; org/springframework/util/ConcurrentReferenceHashMap$TaskOption
staticfield org/springframework/util/ConcurrentReferenceHashMap$TaskOption RESTRUCTURE_AFTER Lorg/springframework/util/ConcurrentReferenceHashMap$TaskOption; org/springframework/util/ConcurrentReferenceHashMap$TaskOption
staticfield org/springframework/util/ConcurrentReferenceHashMap$TaskOption SKIP_IF_EMPTY Lorg/springframework/util/ConcurrentReferenceHashMap$TaskOption; org/springframework/util/ConcurrentReferenceHashMap$TaskOption
staticfield org/springframework/util/ConcurrentReferenceHashMap$TaskOption RESIZE Lorg/springframework/util/ConcurrentReferenceHashMap$TaskOption; org/springframework/util/ConcurrentReferenceHashMap$TaskOption
staticfield org/springframework/util/ConcurrentReferenceHashMap$TaskOption $VALUES [Lorg/springframework/util/ConcurrentReferenceHashMap$TaskOption; 4 [Lorg/springframework/util/ConcurrentReferenceHashMap$TaskOption;
ciInstanceKlass org/springframework/util/ConcurrentReferenceHashMap$Entries 1 0 21 100 1 100 1 1 1 1 1 1 1 1 1 1 1 1 1 100 1 1 1
ciInstanceKlass org/springframework/util/ConcurrentReferenceHashMap$Segment$$Lambda$22+0x0000018ba1026e90 1 1 41 1 7 1 7 1 100 1 1 1 1 1 1 1 1 1 1 1 1 12 10 12 9 12 9 12 9 12 9 12 9 1 1 1 7 1 1 12 10 1 1
ciInstanceKlass org/springframework/util/ConcurrentReferenceHashMap$Entry 1 1 104 10 7 12 1 1 1 9 7 12 1 1 1 9 12 1 100 1 10 12 1 1 11 10 100 12 1 1 1 10 12 1 11 10 12 1 1 10 100 12 1 1 1 18 12 1 1 1 1 1 1 1 1 1 1 1 1 1 1 1 1 1 1 1 1 1 1 1 1 1 1 1 1 1 1 1 1 1 1 1 1 1 1 1 100 1 1 15 10 100 12 1 1 8 1 1 1 100 1 100 1 100 1 1
ciInstanceKlass org/springframework/util/ConcurrentReferenceHashMap$SoftEntryReference 1 1 69 10 7 12 1 1 1 9 7 12 1 1 1 9 12 1 1 10 12 1 1 10 12 1 1 7 1 100 1 1 1 1 1 1 1 1 1 1 1 1 1 1 1 1 1 1 1 1 1 1 1 1 1 1 1 1 1 1 1 1 1 1 1 100 1 1 1 1 1
instanceKlass org/springframework/context/annotation/ConflictingBeanDefinitionException
instanceKlass org/springframework/beans/factory/support/ImplicitlyAppearedSingletonException
instanceKlass org/springframework/cloud/config/client/ConfigClientFailFastException
instanceKlass org/springframework/core/env/MissingRequiredPropertiesException
ciInstanceKlass java/lang/IllegalStateException 1 1 35 10 7 12 1 1 1 10 12 1 10 12 1 10 12 1 100 1 1 1 1 5 0 1 1 1 1 1 1 1 1 1 1 1 1
ciInstanceKlass java/lang/IllegalAccessException 0 0 26 10 100 12 1 1 1 10 12 1 100 1 1 1 1 5 0 1 1 1 1 1 1 1 1 1
ciInstanceKlass java/lang/reflect/InvocationTargetException 0 0 37 100 1 10 100 12 1 1 1 9 100 12 1 1 1 10 12 1 1 1 1 5 0 1 1 1 1 1 1 1 1 1 1 1 1 1 1
ciInstanceKlass org/springframework/util/ObjectUtils 1 1 527 7 1 10 7 12 1 1 1 100 1 100 1 10 12 1 1 10 7 12 1 1 1 10 12 1 1 10 12 1 1 7 1 10 12 1 7 1 11 10 100 12 1 1 1 7 1 11 7 1 11 10 12 1 1 8 1 10 100 12 1 1 1 10 12 1 1 10 12 1 1 10 100 12 1 1 1 10 7 12 1 1 10 12 1 1 100 1 10 12 1 10 12 1 18 12 1 1 10 12 1 10 12 1 1 10 12 1 1 7 1 10 7 12 1 1 1 9 12 1 10 12 1 1 18 12 1 10 12 1 1 10 10 12 1 10 7 12 1 1 7 1 10 12 1 7 1 10 12 1 7 1 10 12 1 7 1 10 12 1 7 1 10 12 1 7 1 10 12 1 7 1 10 12 1 7 1 10 12 1 10 12 1 10 12 1 1 10 12 1 10 12 1 10 12 1 10 12 1 10 12 1 10 12 1 10 12 1 10 12 1 10 12 1 8 1 10 12 1 18 10 12 1 10 7 12 1 1 1 10 12 1 8 1 10 12 1 10 12 1 10 12 1 10 12 1 10 12 1 10 12 1 10 12 1 10 12 1 10 12 1 10 8 1 100 1 8 1 8 1 8 1 10 12 1 10 12 1 1 10 10 12 1 10 12 10 12 1 18 10 12 1 10 12 1 10 12 1 8 1 8 1 10 12 1 10 12 1 10 12 1 8 1 8 1 100 1 10 12 1 100 1 10 12 1 100 1 10 12 1 10 100 12 1 1 1 10 100 12 1 1 1 10 12 1 1 1 1 1 1 1 1 1 1 1 1 1 1 1 1 1 1 1 1 1 1 1 1 1 1 1 1 1 1 100 1 1 1 1 1 1 1 1 1 1 1 1 1 1 1 1 1 1 1 1 1 1 1 1 1 1 1 1 1 1 1 1 1 1 1 1 1 1 1 1 1 1 100 1 1 1 1 1 1 1 1 1 1 1 1 1 1 1 1 1 1 1 1 1 1 1 1 1 1 1 1 1 1 1 1 1 1 1 1 1 1 1 1 1 1 1 1 1 1 1 1 1 1 1 1 1 1 1 1 1 1 1 1 1 1 1 1 1 1 1 1 1 1 1 1 1 1 1 1 1 1 1 1 1 1 1 1 1 1 1 1 1 15 10 7 12 1 1 8 1 8 1 8 1 8 1 1 100 1 100 1 1
staticfield org/springframework/util/ObjectUtils EMPTY_OBJECT_ARRAY [Ljava/lang/Object; 0 [Ljava/lang/Object;
ciInstanceKlass org/springframework/boot/context/properties/bind/Bindable$BindRestriction 1 1 54 7 1 9 12 1 1 9 12 1 1 10 7 12 1 1 10 7 12 1 1 1 10 12 1 1 8 10 10 12 1 1 1 1 1 1 1 1 1 1 1 1 1 1 1 1 1 1 1 1 100 1 1 1
staticfield org/springframework/boot/context/properties/bind/Bindable$BindRestriction NO_DIRECT_PROPERTY Lorg/springframework/boot/context/properties/bind/Bindable$BindRestriction; org/springframework/boot/context/properties/bind/Bindable$BindRestriction
staticfield org/springframework/boot/context/properties/bind/Bindable$BindRestriction $VALUES [Lorg/springframework/boot/context/properties/bind/Bindable$BindRestriction; 1 [Lorg/springframework/boot/context/properties/bind/Bindable$BindRestriction;
instanceKlass org/springframework/core/ResolvableType$1
ciInstanceKlass org/springframework/core/ResolvableType 1 1 742 10 7 12 1 1 1 9 7 12 1 1 1 9 12 1 1 9 12 1 1 9 12 1 1 10 12 1 1 10 7 12 1 1 1 9 12 1 1 9 12 1 1 10 12 1 1 10 7 12 1 1 1 7 1 11 12 1 1 7 1 11 7 12 1 1 1 10 12 1 1 10 12 1 10 12 1 1 10 7 12 1 1 1 10 12 1 1 10 12 1 8 1 10 7 12 1 1 1 9 12 1 11 7 12 1 1 1 10 10 12 1 1 10 12 1 10 12 1 10 12 1 1 10 7 12 1 1 10 12 1 1 10 12 1 1 10 12 1 10 12 1 10 12 1 10 12 1 7 1 11 7 12 1 1 1 10 12 10 12 1 10 12 1 1 10 12 1 10 12 1 100 1 10 12 1 11 12 1 1 10 7 1 10 12 1 10 12 10 12 1 1 11 12 1 7 1 10 12 1 10 12 1 10 12 1 9 12 1 10 12 1 100 1 9 12 1 1 9 12 1 10 12 1 1 10 12 1 1 9 12 1 1 10 12 1 10 100 12 1 1 10 12 1 11 100 12 1 1 10 12 1 1 10 12 1 1 10 12 1 100 1 10 11 12 1 7 1 11 12 1 11 12 1 10 12 1 1 10 12 1 10 12 1 10 12 1 1 9 12 1 11 12 1 9 7 12 1 1 10 100 12 1 1 1 10 12 1 1 11 12 10 11 12 1 1 10 7 12 1 1 1 11 12 1 10 12 1 11 12 1 11 10 12 1 1 7 1 10 12 1 10 100 12 1 1 18 12 1 1 8 1 10 8 1 10 100 12 1 1 1 18 12 1 10 12 1 7 1 10 12 1 8 1 10 12 1 8 1 8 1 10 12 1 1 18 12 1 10 12 1 1 7 1 10 7 1 10 12 1 7 1 10 12 1 7 1 11 12 1 8 1 100 1 10 12 1 10 12 1 10 100 12 1 1 10 12 1 1 10 12 1 8 1 7 1 10 12 1 10 12 1 1 10 12 1 8 1 10 12 1 10 12 1 8 1 10 12 1 10 7 1 10 12 1 10 12 1 9 12 1 1 10 12 1 8 1 10 12 1 10 12 1 10 100 1 10 12 1 1 9 12 1 1 10 7 12 1 1 10 12 1 10 10 12 1 10 10 12 1 9 10 12 1 18 10 100 1 1 1 1 1 1 1 1 1 1 1 1 1 1 1 1 1 1 1 1 1 1 1 1 1 1 1 1 1 1 1 1 1 1 1 1 1 1 1 1 1 1 1 1 1 1 1 1 1 1 100 1 1 1 1 1 1 1 1 1 1 1 1 1 100 1 1 1 1 1 1 1 1 1 1 1 1 1 1 1 1 1 1 100 1 1 1 1 1 1 1 100 1 1 1 1 1 1 1 1 1 1 1 1 1 1 100 1 1 1 1 1 1 1 1 1 1 1 1 1 1 1 1 1 1 1 1 1 1 1 1 1 1 1 1 1 1 1 1 1 1 1 1 1 1 1 1 1 1 1 1 1 1 1 1 1 1 1 1 1 1 1 1 1 1 1 1 1 1 1 1 1 1 1 1 1 1 1 1 1 1 1 100 1 1 15 10 100 12 1 1 8 1 8 1 15 10 7 12 1 1 1 16 15 10 12 16 8 1 1 1 1 1 1 1 1 1 1 1 1 100 1 100 1 1
staticfield org/springframework/core/ResolvableType NONE Lorg/springframework/core/ResolvableType; org/springframework/core/ResolvableType
staticfield org/springframework/core/ResolvableType EMPTY_TYPES_ARRAY [Lorg/springframework/core/ResolvableType; 0 [Lorg/springframework/core/ResolvableType;
staticfield org/springframework/core/ResolvableType cache Lorg/springframework/util/ConcurrentReferenceHashMap; org/springframework/util/ConcurrentReferenceHashMap
ciInstanceKlass org/springframework/core/ResolvableType$VariableResolver 1 0 24 100 1 100 1 100 1 1 1 1 1 1 1 1 1 1 1 1 1 1 100 1 1 1
ciInstanceKlass org/springframework/core/SerializableTypeWrapper$TypeProvider 1 1 25 100 1 100 1 100 1 1 1 1 1 1 1 1 1 1 1 1 1 1 1 100 1 1 1
ciInstanceKlass org/springframework/core/ResolvableType$1 1 1 58 9 7 12 1 1 1 10 7 12 1 1 1 9 12 1 1 10 7 12 1 1 1 10 12 1 1 1 1 1 1 1 1 1 1 1 1 1 1 1 1 1 1 1 1 1 1 1 100 1 1 1 1 12 1 1 1 1
ciInstanceKlass org/springframework/core/ResolvableType$EmptyType 1 1 33 10 7 12 1 1 1 9 7 12 1 1 1 10 100 1 100 1 1 1 1 1 1 1 1 1 1 1 1 100 1 1 1
staticfield org/springframework/core/ResolvableType$EmptyType INSTANCE Ljava/lang/reflect/Type; org/springframework/core/ResolvableType$EmptyType
ciInstanceKlass org/springframework/core/SerializableTypeWrapper 1 1 185 10 7 12 1 1 1 100 1 10 12 1 10 7 12 1 1 1 100 1 10 12 1 7 1 11 12 1 1 11 7 12 1 1 1 7 1 10 7 12 1 1 1 7 1 10 12 1 1 9 12 1 1 10 7 12 1 1 1 7 1 9 12 1 1 10 12 1 1 10 12 1 1 10 12 1 1 7 1 10 12 1 10 7 12 1 1 1 10 12 1 1 100 1 10 12 1 1 18 12 1 1 10 12 1 7 1 7 1 7 1 7 1 10 12 1 1 1 1 1 1 1 1 1 1 1 1 1 1 1 1 1 1 1 1 1 1 1 1 1 1 1 1 1 1 1 1 1 1 1 1 1 1 1 1 1 1 100 1 1 1 1 100 1 1 15 10 100 12 1 1 8 1 1 1 1 1 1 1 1 100 1 100 1 1
staticfield org/springframework/core/SerializableTypeWrapper SUPPORTED_SERIALIZABLE_TYPES [Ljava/lang/Class; 4 [Ljava/lang/Class;
staticfield org/springframework/core/SerializableTypeWrapper cache Lorg/springframework/util/ConcurrentReferenceHashMap; org/springframework/util/ConcurrentReferenceHashMap
ciInstanceKlass org/springframework/core/ResolvableType$SyntheticParameterizedType 1 1 123 10 7 12 1 1 1 9 7 12 1 1 1 9 12 1 1 11 100 12 1 1 1 100 1 8 1 8 1 8 1 10 12 1 10 12 1 1 10 100 12 1 1 1 18 12 1 1 7 1 11 12 1 1 11 12 1 10 12 1 1 11 12 1 1 10 7 12 1 1 10 12 1 1 10 12 1 10 100 1 1 1 1 1 1 1 1 1 1 1 1 1 1 100 1 1 1 1 1 1 1 1 1 1 1 100 1 1 15 10 100 12 1 1 8 1 1 1 100 1 100 1 1
ciInstanceKlass org/springframework/core/ResolvableType$TypeVariablesVariableResolver 1 1 67 10 7 12 1 1 1 9 7 12 1 1 1 9 12 1 1 10 7 12 1 1 1 7 1 10 7 12 1 1 1 100 1 1 1 1 1 1 1 1 1 1 1 1 1 1 1 1 1 1 1 1 1 1 1 1 1 1 1 1 1 1 100 1 1 1 1
ciInstanceKlass org/springframework/core/ResolvableType$DefaultVariableResolver 1 1 45 10 7 12 1 1 1 9 7 12 1 1 1 10 7 12 1 1 1 100 1 1 1 1 1 1 1 1 1 1 1 1 1 1 1 1 1 1 1 1 1 1 1 1 1
ciInstanceKlass sun/reflect/generics/tree/Tree 1 0 7 100 1 100 1 1 1
ciInstanceKlass sun/reflect/generics/factory/GenericsFactory 1 0 32 100 1 100 1 1 1 1 1 1 1 1 1 1 1 1 1 1 1 1 1 1 1 1 1 1 1 1 1 1 1 1
ciInstanceKlass sun/reflect/generics/visitor/TypeTreeVisitor 1 0 44 100 1 100 1 1 1 1 1 1 1 1 1 1 1 1 1 1 1 1 1 1 1 1 1 1 1 1 1 1 1 1 1 1 1 1 1 1 1 1 1 1 1 1
ciInstanceKlass sun/reflect/generics/visitor/Reifier 1 1 286 10 7 12 1 1 1 9 7 12 1 1 1 10 12 1 7 1 11 7 12 1 1 1 9 12 1 1 9 12 1 1 100 1 10 10 12 1 1 10 7 12 1 1 1 10 12 1 1 11 7 12 1 1 1 10 7 12 1 1 1 11 7 12 1 1 1 11 12 1 1 11 7 12 1 1 1 7 1 7 1 10 10 12 1 10 12 1 11 12 1 10 12 1 1 8 1 8 1 10 12 1 1 10 12 1 11 12 1 1 10 12 1 1 11 12 1 1 10 7 12 1 1 1 11 7 1 11 12 1 1 10 7 12 1 1 11 12 1 1 10 7 12 1 1 10 12 1 11 12 1 1 11 12 1 1 11 12 1 11 12 1 11 12 1 11 12 1 11 12 1 11 12 1 11 12 1 11 12 1 10 12 1 10 7 12 1 1 100 1 1 1 1 1 1 1 1 1 1 1 1 1 1 1 1 100 1 1 1 1 1 1 1 1 1 1 1 1 1 1 1 1 1 1 1 1 1 1 1 100 1 1 1 1 1 1 1 1 1 1 1 1 1 1 1 1 1 1 1 1 1 1 1 1 1 1 1 1 1 1 1 1 1 1 1 1 1 1 1 1 1 1 1 1 1 1 1 1 1 1 1 1 1 1 1 1
staticfield sun/reflect/generics/visitor/Reifier $assertionsDisabled Z 1
ciInstanceKlass java/lang/reflect/GenericArrayType 0 0 11 100 1 100 1 100 1 1 1 1 1
ciInstanceKlass java/lang/WeakPairMap$Pair$Weak 1 1 81 10 7 12 1 1 1 11 7 12 1 1 1 9 7 12 1 1 1 7 1 10 12 1 9 12 1 1 10 12 1 1 10 10 12 1 10 12 1 11 12 1 1 1 1 1 1 1 1 1 1 1 1 1 1 1 1 1 1 1 1 1 1 1 1 1 1 1 1 1 1 1 1 1 1 100 1 1 1 1 1
ciInstanceKlass java/lang/WeakPairMap$$Lambda$48+0x0000018ba10c62b8 1 1 28 1 7 1 7 1 100 1 1 1 1 1 12 10 12 9 1 1 1 7 1 7 1 1 12 10 1 1
instanceKlass sun/reflect/generics/repository/FieldRepository
instanceKlass sun/reflect/generics/repository/GenericDeclRepository
ciInstanceKlass sun/reflect/generics/repository/AbstractRepository 1 1 53 9 7 12 1 1 1 9 12 1 1 10 12 1 1 10 7 12 1 1 1 10 7 12 1 1 1 10 12 1 1 1 1 1 1 1 1 1 1 1 1 1 1 1 1 1 1 1 1 1 1 1 1
instanceKlass sun/reflect/generics/repository/ConstructorRepository
instanceKlass sun/reflect/generics/repository/ClassRepository
ciInstanceKlass sun/reflect/generics/repository/GenericDeclRepository 1 1 78 10 7 12 1 1 1 9 7 12 1 1 1 10 12 1 1 10 7 12 1 1 10 12 1 1 7 1 11 12 1 1 7 1 10 12 1 1 10 7 12 1 1 1 10 7 12 1 1 1 1 1 1 1 1 1 1 1 1 1 1 1 1 1 1 1 1 1 1 1 1 1 1 1 100 1 1 1
ciInstanceKlass sun/reflect/generics/repository/ClassRepository 1 1 113 10 7 12 1 1 1 10 7 12 1 1 1 10 12 1 1 7 1 10 9 12 1 1 10 12 1 1 9 12 1 1 10 12 1 1 10 7 12 1 1 10 12 1 1 10 12 1 1 7 1 10 12 1 1 10 7 12 1 1 1 10 7 12 1 1 10 12 1 1 7 1 11 7 1 10 12 1 8 1 10 12 1 9 12 1 1 1 1 1 1 1 1 1 1 1 1 1 1 1 1 1 1 1 1 100 1 1 1 1 1 1 1
staticfield sun/reflect/generics/repository/ClassRepository NONE Lsun/reflect/generics/repository/ClassRepository; sun/reflect/generics/repository/ClassRepository
ciInstanceKlass sun/reflect/generics/tree/FormalTypeParameter 1 1 51 10 7 12 1 1 1 9 7 12 1 1 1 9 12 1 1 10 12 1 11 7 12 1 1 1 100 1 1 1 1 1 1 1 1 1 1 1 1 1 1 1 1 1 1 1 1 1 1 1 1
ciInstanceKlass sun/reflect/generics/tree/Signature 1 0 11 100 1 100 1 100 1 1 1 1 1
ciInstanceKlass sun/reflect/generics/tree/ClassSignature 1 1 58 10 7 12 1 1 1 9 7 12 1 1 1 9 12 1 1 9 12 1 1 10 12 1 11 100 12 1 1 1 100 1 1 1 1 1 1 1 1 1 1 1 1 1 1 1 1 1 1 1 1 1 1 1 1 1 1 1
ciInstanceKlass java/lang/reflect/TypeVariable 1 0 39 100 1 100 1 100 1 100 1 1 1 1 1 1 1 1 1 1 1 1 1 1 1 100 1 8 1 1 12 10 1 1 1 8 1 1 1 8 1
ciInstanceKlass sun/reflect/generics/reflectiveObjects/TypeVariableImpl 1 1 272 10 7 12 1 1 1 9 7 12 1 1 1 9 12 1 1 9 12 1 1 7 1 100 1 100 1 100 1 100 1 10 12 1 8 1 10 12 1 1 10 7 12 1 1 1 10 12 1 1 10 10 12 1 10 12 1 7 1 10 12 1 1 10 7 12 1 1 7 1 10 100 12 1 1 1 100 1 10 12 1 1 10 12 1 100 1 11 12 1 1 11 10 100 12 1 1 1 10 12 1 1 10 7 1 10 12 1 1 10 12 1 1 10 12 1 1 11 100 12 1 1 7 1 10 12 1 1 10 100 12 1 1 1 10 12 1 1 10 12 1 8 1 10 10 100 12 1 1 1 10 12 1 1 10 12 1 1 11 100 12 1 1 1 10 12 1 100 1 10 11 12 1 10 100 12 1 1 1 10 12 1 1 9 100 12 1 1 1 11 12 1 1 100 1 8 1 10 12 1 8 1 10 12 1 9 12 1 1 1 1 1 1 1 1 1 1 1 1 1 1 1 1 1 1 1 1 1 1 1 1 1 1 1 1 1 1 1 1 1 1 1 1 1 1 1 1 1 1 1 1 1 1 1 1 100 1 1 1 1 1 1 1 1 1 1 100 1 1 1 1 1
staticfield sun/reflect/generics/reflectiveObjects/TypeVariableImpl EMPTY_ANNOTATION_ARRAY [Ljava/lang/annotation/Annotation; 0 [Ljava/lang/annotation/Annotation;
ciInstanceKlass java/lang/reflect/ParameterizedType 1 1 14 100 1 100 1 100 1 1 1 1 1 1 1 1
ciInstanceKlass java/lang/reflect/WildcardType 1 0 12 100 1 100 1 100 1 1 1 1 1 1
ciInstanceKlass sun/reflect/generics/reflectiveObjects/ParameterizedTypeImpl 1 1 178 10 7 12 1 1 1 9 7 12 1 1 1 9 12 1 1 10 7 12 1 1 1 9 12 1 1 10 12 1 10 12 1 1 100 1 8 1 10 12 1 1 10 100 12 1 1 1 10 100 12 1 1 1 10 12 1 10 12 1 10 7 12 1 1 7 1 11 12 1 1 11 12 1 10 7 12 1 1 1 11 12 1 1 10 7 12 1 1 10 12 1 1 10 12 1 100 1 10 11 100 12 1 1 10 12 1 1 8 1 10 12 1 8 1 10 12 1 1 10 12 1 100 1 8 1 8 1 8 1 10 12 1 10 12 1 1 10 12 1 10 10 12 1 1 1 1 1 1 1 1 1 1 1 1 1 1 1 100 1 1 1 1 1 1 1 1 1 1 1 1 1 1 1 1 1 1 1
ciInstanceKlass sun/reflect/generics/tree/MethodTypeSignature 1 1 65 10 7 12 1 1 1 9 7 12 1 1 1 9 12 1 1 9 12 1 1 9 12 1 1 10 12 1 11 100 12 1 1 1 100 1 1 1 1 1 1 1 1 1 1 1 1 1 1 1 1 1 1 1 1 1 1 1 1 1 1 1 1 1 1
ciInstanceKlass sun/reflect/generics/repository/MethodRepository 1 1 62 10 7 12 1 1 1 7 1 10 9 12 1 1 10 12 1 1 10 12 1 1 10 12 1 1 7 1 10 12 1 1 11 7 12 1 1 1 10 7 12 1 1 1 1 1 1 1 1 1 1 1 1 1 1 1 100 1 1 1 1 1
ciInstanceKlass org/springframework/boot/context/config/ConfigDataEnvironmentContributors$BinderOption 1 1 54 7 1 9 12 1 1 9 12 1 1 10 7 12 1 1 10 7 12 1 1 1 10 12 1 1 8 10 10 12 1 1 1 1 1 1 1 1 1 1 1 1 1 1 1 1 1 1 1 1 100 1 1 1
staticfield org/springframework/boot/context/config/ConfigDataEnvironmentContributors$BinderOption FAIL_ON_BIND_TO_INACTIVE_SOURCE Lorg/springframework/boot/context/config/ConfigDataEnvironmentContributors$BinderOption; org/springframework/boot/context/config/ConfigDataEnvironmentContributors$BinderOption
staticfield org/springframework/boot/context/config/ConfigDataEnvironmentContributors$BinderOption $VALUES [Lorg/springframework/boot/context/config/ConfigDataEnvironmentContributors$BinderOption; 1 [Lorg/springframework/boot/context/config/ConfigDataEnvironmentContributors$BinderOption;
ciInstanceKlass org/springframework/boot/context/config/ConfigData$Option 1 1 62 7 1 9 12 1 1 9 12 1 9 12 1 9 12 1 1 10 7 12 1 1 10 7 12 1 1 1 10 12 1 1 8 10 8 8 10 12 1 1 1 1 1 1 1 1 1 1 1 1 1 1 1 1 1 1 1 1 100 1 1 1
staticfield org/springframework/boot/context/config/ConfigData$Option IGNORE_IMPORTS Lorg/springframework/boot/context/config/ConfigData$Option; org/springframework/boot/context/config/ConfigData$Option
staticfield org/springframework/boot/context/config/ConfigData$Option IGNORE_PROFILES Lorg/springframework/boot/context/config/ConfigData$Option; org/springframework/boot/context/config/ConfigData$Option
staticfield org/springframework/boot/context/config/ConfigData$Option PROFILE_SPECIFIC Lorg/springframework/boot/context/config/ConfigData$Option; org/springframework/boot/context/config/ConfigData$Option
staticfield org/springframework/boot/context/config/ConfigData$Option $VALUES [Lorg/springframework/boot/context/config/ConfigData$Option; 3 [Lorg/springframework/boot/context/config/ConfigData$Option;
ciInstanceKlass org/springframework/core/SerializableTypeWrapper$MethodParameterTypeProvider 1 1 132 10 7 12 1 1 1 10 7 12 1 1 1 10 7 12 1 1 1 9 7 12 1 1 1 10 12 1 1 10 7 12 1 1 1 9 12 1 1 10 12 1 1 9 12 1 1 10 12 1 1 9 12 1 1 9 12 1 1 10 12 1 1 10 100 12 1 1 10 100 12 1 1 1 10 12 1 10 12 1 1 10 12 1 7 1 100 1 8 1 10 12 1 100 1 1 1 1 1 1 1 1 1 1 1 1 1 100 1 1 1 1 1 1 1 1 1 1 1 1 100 1 100 1 1 1 1 100 1 1 1 1
ciInstanceKlass org/springframework/core/$Proxy6 1 1 163 1 7 1 7 1 100 1 100 1 100 1 1 12 10 1 1 1 1 1 100 1 100 1 7 1 1 12 9 12 9 1 7 1 1 12 11 1 7 1 12 10 1 100 1 12 10 1 1 1 12 9 1 100 1 100 1 1 12 10 1 1 1 12 9 1 100 1 1 1 12 9 1 7 1 1 1 12 9 1 7 1 1 12 9 1 1 12 9 1 1 1 12 9 1 7 1 1 1 100 1 100 1 8 1 7 1 1 12 10 8 1 1 12 10 8 8 1 8 8 8 8 8 1 8 8 1 100 1 12 10 1 12 10 1 100 10 1 1 1 100 1 100 1 1 12 10 1 12 10 1 100 1 1 12 10 12 10 10 1 1 1 1
staticfield org/springframework/core/$Proxy6 m0 Ljava/lang/reflect/Method; java/lang/reflect/Method
staticfield org/springframework/core/$Proxy6 m1 Ljava/lang/reflect/Method; java/lang/reflect/Method
staticfield org/springframework/core/$Proxy6 m2 Ljava/lang/reflect/Method; java/lang/reflect/Method
staticfield org/springframework/core/$Proxy6 m3 Ljava/lang/reflect/Method; java/lang/reflect/Method
staticfield org/springframework/core/$Proxy6 m4 Ljava/lang/reflect/Method; java/lang/reflect/Method
staticfield org/springframework/core/$Proxy6 m5 Ljava/lang/reflect/Method; java/lang/reflect/Method
staticfield org/springframework/core/$Proxy6 m6 Ljava/lang/reflect/Method; java/lang/reflect/Method
staticfield org/springframework/core/$Proxy6 m7 Ljava/lang/reflect/Method; java/lang/reflect/Method
ciInstanceKlass com/fasterxml/jackson/databind/DeserializationFeature 1 1 181 9 10 7 7 10 10 9 10 9 8 10 9 8 9 8 9 8 9 8 9 8 9 8 9 8 9 8 9 8 9 8 9 8 9 8 9 8 9 8 9 8 9 8 9 8 9 8 9 8 9 8 9 8 9 8 9 8 9 8 9 8 9 8 9 8 9 8 9 7 100 1 1 1 1 1 1 1 1 1 1 1 1 1 1 1 1 1 1 1 1 1 1 1 1 1 1 1 1 1 1 1 1 1 1 1 1 1 1 1 1 1 1 1 1 1 1 1 1 1 1 1 1 1 1 1 1 1 1 1 1 1 1 1 1 12 7 12 1 12 12 12 12 12 12 12 12 12 12 12 12 12 12 12 12 12 12 12 12 12 12 12 12 12 12 12 12 12 12 12 12 12 12 12 1 1 1 1 1 1 1
staticfield com/fasterxml/jackson/databind/DeserializationFeature USE_BIG_DECIMAL_FOR_FLOATS Lcom/fasterxml/jackson/databind/DeserializationFeature; com/fasterxml/jackson/databind/DeserializationFeature
staticfield com/fasterxml/jackson/databind/DeserializationFeature USE_BIG_INTEGER_FOR_INTS Lcom/fasterxml/jackson/databind/DeserializationFeature; com/fasterxml/jackson/databind/DeserializationFeature
staticfield com/fasterxml/jackson/databind/DeserializationFeature USE_LONG_FOR_INTS Lcom/fasterxml/jackson/databind/DeserializationFeature; com/fasterxml/jackson/databind/DeserializationFeature
staticfield com/fasterxml/jackson/databind/DeserializationFeature USE_JAVA_ARRAY_FOR_JSON_ARRAY Lcom/fasterxml/jackson/databind/DeserializationFeature; com/fasterxml/jackson/databind/DeserializationFeature
staticfield com/fasterxml/jackson/databind/DeserializationFeature FAIL_ON_UNKNOWN_PROPERTIES Lcom/fasterxml/jackson/databind/DeserializationFeature; com/fasterxml/jackson/databind/DeserializationFeature
staticfield com/fasterxml/jackson/databind/DeserializationFeature FAIL_ON_NULL_FOR_PRIMITIVES Lcom/fasterxml/jackson/databind/DeserializationFeature; com/fasterxml/jackson/databind/DeserializationFeature
staticfield com/fasterxml/jackson/databind/DeserializationFeature FAIL_ON_NUMBERS_FOR_ENUMS Lcom/fasterxml/jackson/databind/DeserializationFeature; com/fasterxml/jackson/databind/DeserializationFeature
staticfield com/fasterxml/jackson/databind/DeserializationFeature FAIL_ON_INVALID_SUBTYPE Lcom/fasterxml/jackson/databind/DeserializationFeature; com/fasterxml/jackson/databind/DeserializationFeature
staticfield com/fasterxml/jackson/databind/DeserializationFeature FAIL_ON_READING_DUP_TREE_KEY Lcom/fasterxml/jackson/databind/DeserializationFeature; com/fasterxml/jackson/databind/DeserializationFeature
staticfield com/fasterxml/jackson/databind/DeserializationFeature FAIL_ON_IGNORED_PROPERTIES Lcom/fasterxml/jackson/databind/DeserializationFeature; com/fasterxml/jackson/databind/DeserializationFeature
staticfield com/fasterxml/jackson/databind/DeserializationFeature FAIL_ON_UNRESOLVED_OBJECT_IDS Lcom/fasterxml/jackson/databind/DeserializationFeature; com/fasterxml/jackson/databind/DeserializationFeature
staticfield com/fasterxml/jackson/databind/DeserializationFeature FAIL_ON_MISSING_CREATOR_PROPERTIES Lcom/fasterxml/jackson/databind/DeserializationFeature; com/fasterxml/jackson/databind/DeserializationFeature
staticfield com/fasterxml/jackson/databind/DeserializationFeature FAIL_ON_NULL_CREATOR_PROPERTIES Lcom/fasterxml/jackson/databind/DeserializationFeature; com/fasterxml/jackson/databind/DeserializationFeature
staticfield com/fasterxml/jackson/databind/DeserializationFeature FAIL_ON_MISSING_EXTERNAL_TYPE_ID_PROPERTY Lcom/fasterxml/jackson/databind/DeserializationFeature; com/fasterxml/jackson/databind/DeserializationFeature
staticfield com/fasterxml/jackson/databind/DeserializationFeature FAIL_ON_TRAILING_TOKENS Lcom/fasterxml/jackson/databind/DeserializationFeature; com/fasterxml/jackson/databind/DeserializationFeature
staticfield com/fasterxml/jackson/databind/DeserializationFeature WRAP_EXCEPTIONS Lcom/fasterxml/jackson/databind/DeserializationFeature; com/fasterxml/jackson/databind/DeserializationFeature
staticfield com/fasterxml/jackson/databind/DeserializationFeature FAIL_ON_UNEXPECTED_VIEW_PROPERTIES Lcom/fasterxml/jackson/databind/DeserializationFeature; com/fasterxml/jackson/databind/DeserializationFeature
staticfield com/fasterxml/jackson/databind/DeserializationFeature ACCEPT_SINGLE_VALUE_AS_ARRAY Lcom/fasterxml/jackson/databind/DeserializationFeature; com/fasterxml/jackson/databind/DeserializationFeature
staticfield com/fasterxml/jackson/databind/DeserializationFeature UNWRAP_SINGLE_VALUE_ARRAYS Lcom/fasterxml/jackson/databind/DeserializationFeature; com/fasterxml/jackson/databind/DeserializationFeature
staticfield com/fasterxml/jackson/databind/DeserializationFeature UNWRAP_ROOT_VALUE Lcom/fasterxml/jackson/databind/DeserializationFeature; com/fasterxml/jackson/databind/DeserializationFeature
staticfield com/fasterxml/jackson/databind/DeserializationFeature ACCEPT_EMPTY_STRING_AS_NULL_OBJECT Lcom/fasterxml/jackson/databind/DeserializationFeature; com/fasterxml/jackson/databind/DeserializationFeature
staticfield com/fasterxml/jackson/databind/DeserializationFeature ACCEPT_EMPTY_ARRAY_AS_NULL_OBJECT Lcom/fasterxml/jackson/databind/DeserializationFeature; com/fasterxml/jackson/databind/DeserializationFeature
staticfield com/fasterxml/jackson/databind/DeserializationFeature ACCEPT_FLOAT_AS_INT Lcom/fasterxml/jackson/databind/DeserializationFeature; com/fasterxml/jackson/databind/DeserializationFeature
staticfield com/fasterxml/jackson/databind/DeserializationFeature READ_ENUMS_USING_TO_STRING Lcom/fasterxml/jackson/databind/DeserializationFeature; com/fasterxml/jackson/databind/DeserializationFeature
staticfield com/fasterxml/jackson/databind/DeserializationFeature READ_UNKNOWN_ENUM_VALUES_AS_NULL Lcom/fasterxml/jackson/databind/DeserializationFeature; com/fasterxml/jackson/databind/DeserializationFeature
staticfield com/fasterxml/jackson/databind/DeserializationFeature READ_UNKNOWN_ENUM_VALUES_USING_DEFAULT_VALUE Lcom/fasterxml/jackson/databind/DeserializationFeature; com/fasterxml/jackson/databind/DeserializationFeature
staticfield com/fasterxml/jackson/databind/DeserializationFeature READ_DATE_TIMESTAMPS_AS_NANOSECONDS Lcom/fasterxml/jackson/databind/DeserializationFeature; com/fasterxml/jackson/databind/DeserializationFeature
staticfield com/fasterxml/jackson/databind/DeserializationFeature ADJUST_DATES_TO_CONTEXT_TIME_ZONE Lcom/fasterxml/jackson/databind/DeserializationFeature; com/fasterxml/jackson/databind/DeserializationFeature
staticfield com/fasterxml/jackson/databind/DeserializationFeature EAGER_DESERIALIZER_FETCH Lcom/fasterxml/jackson/databind/DeserializationFeature; com/fasterxml/jackson/databind/DeserializationFeature
staticfield com/fasterxml/jackson/databind/DeserializationFeature $VALUES [Lcom/fasterxml/jackson/databind/DeserializationFeature; 29 [Lcom/fasterxml/jackson/databind/DeserializationFeature;
ciInstanceKlass com/fasterxml/jackson/annotation/JsonProperty$Access 1 1 60 9 10 7 7 10 10 8 10 9 8 9 8 9 8 9 7 1 1 1 1 1 1 1 1 1 1 1 1 1 1 1 1 1 1 1 1 1 1 1 1 1 1 1 12 7 12 100 1 12 12 12 12 12 12 1 1 1 1 1
staticfield com/fasterxml/jackson/annotation/JsonProperty$Access AUTO Lcom/fasterxml/jackson/annotation/JsonProperty$Access; com/fasterxml/jackson/annotation/JsonProperty$Access
staticfield com/fasterxml/jackson/annotation/JsonProperty$Access READ_ONLY Lcom/fasterxml/jackson/annotation/JsonProperty$Access; com/fasterxml/jackson/annotation/JsonProperty$Access
staticfield com/fasterxml/jackson/annotation/JsonProperty$Access WRITE_ONLY Lcom/fasterxml/jackson/annotation/JsonProperty$Access; com/fasterxml/jackson/annotation/JsonProperty$Access
staticfield com/fasterxml/jackson/annotation/JsonProperty$Access READ_WRITE Lcom/fasterxml/jackson/annotation/JsonProperty$Access; com/fasterxml/jackson/annotation/JsonProperty$Access
staticfield com/fasterxml/jackson/annotation/JsonProperty$Access $VALUES [Lcom/fasterxml/jackson/annotation/JsonProperty$Access; 4 [Lcom/fasterxml/jackson/annotation/JsonProperty$Access;
ciInstanceKlass java/util/concurrent/ThreadPoolExecutor$Worker 1 1 111 9 7 12 1 1 1 10 7 12 1 1 1 10 12 1 1 9 12 1 1 10 7 12 1 1 1 11 7 12 1 1 1 9 12 1 1 10 12 1 1 10 12 1 1 10 12 1 1 10 7 12 1 1 1 10 12 1 1 10 12 1 10 12 1 1 10 12 1 10 12 1 1 10 12 1 10 12 1 100 1 100 1 1 1 1 5 0 1 1 1 1 1 1 1 1 1 1 1 1 1 1 1 1 1 1 1 1 1 1 1
ciInstanceKlass java/lang/AssertionError 0 0 79 10 100 12 1 1 1 10 12 1 10 100 12 1 1 1 10 100 1 100 1 10 12 1 1 10 12 1 10 12 1 10 12 1 10 12 1 10 12 1 10 12 1 10 12 1 1 1 1 5 0 1 1 1 1 1 1 1 1 1 1 100 1 1 1 1 1 1 1 1 1 1 1 1 1 1 1 1 1
instanceKlass org/springframework/beans/BeanMetadataAttributeAccessor
ciInstanceKlass org/springframework/core/AttributeAccessorSupport 1 1 159 10 7 12 1 1 1 7 1 10 9 7 12 1 1 1 8 1 10 7 12 1 1 1 11 7 12 1 1 1 10 12 1 1 11 12 1 1 8 1 11 12 1 1 18 12 1 10 12 1 1 11 12 1 11 12 1 1 11 12 1 1 10 7 12 1 1 1 8 1 11 7 12 1 1 1 11 12 1 10 12 1 1 11 12 1 11 12 1 1 8 1 10 100 12 1 1 1 100 1 1 1 1 1 1 1 1 1 1 1 1 1 1 1 1 1 1 1 1 1 1 1 1 1 1 1 1 1 1 1 1 100 1 1 1 1 1 1 1 15 10 100 12 1 1 1 16 1 15 10 12 16 1 1 100 1 100 1 1
ciInstanceKlass org/springframework/core/AttributeAccessor 1 1 97 8 1 10 100 12 1 1 1 8 1 11 100 12 1 1 1 11 100 12 1 1 1 18 12 1 1 10 12 1 1 11 12 1 1 8 1 100 1 10 100 12 1 1 1 1 1 1 1 1 1 1 1 1 1 1 1 1 1 1 1 1 1 1 1 1 1 1 1 1 1 1 1 1 1 1 1 15 10 100 12 1 1 1 16 1 15 11 12 16 1 1 100 1 100 1 1
ciInstanceKlass org/springframework/beans/factory/config/BeanDefinition 1 1 139 100 1 11 100 12 1 1 1 10 100 12 1 1 1 11 12 1 1 10 100 1 100 1 100 1 100 1 1 1 1 8 1 1 8 1 1 1 3 1 3 1 3 1 1 1 1 1 1 1 1 1 1 1 1 1 1 1 1 1 1 1 1 1 1 1 1 1 1 1 1 1 1 1 1 1 1 1 1 1 1 1 1 1 1 1 1 1 1 1 1 1 1 1 1 1 1 1 1 1 1 1 1 1 1 1 1 1 1 1 1 1 1 1 1 100 1 8 1 1 12 10 1 1 1 8 1 1 1 8 1 1 1 8 1 1 8 1 1
instanceKlass org/springframework/beans/factory/support/DefaultSingletonBeanRegistry
ciInstanceKlass org/springframework/core/SimpleAliasRegistry 1 1 257 10 7 12 1 1 1 10 12 1 1 10 7 12 1 1 1 9 7 12 1 1 1 7 1 10 12 1 9 12 1 1 7 1 10 9 12 1 1 8 1 10 7 12 1 1 1 8 1 10 7 12 1 1 1 11 7 12 1 1 1 11 7 12 1 11 7 12 1 1 1 18 12 1 1 11 12 1 1 11 12 1 10 12 1 100 1 18 12 1 10 12 1 18 10 12 1 11 12 1 1 11 12 1 11 12 1 18 12 1 11 12 1 10 7 12 1 1 1 10 12 1 1 18 11 12 1 10 10 12 1 1 10 100 12 1 1 1 18 12 1 1 11 12 1 1 8 1 10 12 1 1 10 12 1 18 12 1 11 12 1 18 12 1 11 100 12 1 1 18 100 1 1 1 1 1 1 1 1 1 1 1 1 1 1 1 100 1 1 1 1 1 1 1 1 1 1 1 1 1 1 1 1 1 1 1 1 1 1 1 1 1 1 15 10 100 12 1 1 8 1 8 1 8 1 8 1 8 1 15 10 100 12 1 1 1 16 1 15 10 12 16 16 15 10 12 16 8 1 8 1 1 100 1 100 1 1
instanceKlass org/springframework/beans/factory/support/FactoryBeanRegistrySupport
ciInstanceKlass org/springframework/beans/factory/support/DefaultSingletonBeanRegistry 1 1 595 10 7 12 1 1 1 7 1 10 9 7 12 1 1 1 7 1 10 12 1 9 12 1 1 9 12 1 9 12 1 9 12 1 7 1 10 10 7 12 1 1 1 9 12 1 1 10 12 1 1 9 12 1 9 12 1 9 12 1 11 7 12 1 1 1 9 12 1 1 7 1 10 9 12 1 7 1 10 9 12 1 10 9 12 1 9 12 1 1 7 1 10 9 12 1 9 12 1 9 12 1 9 12 1 8 1 10 7 12 1 1 1 8 1 11 12 1 10 12 1 1 11 12 1 11 7 12 1 1 1 100 1 10 100 12 1 1 1 18 12 1 1 10 12 1 11 12 1 1 11 7 12 1 1 1 11 12 1 100 1 11 12 1 1 8 1 11 12 1 10 12 1 1 10 12 1 1 11 12 1 1 7 1 11 12 1 1 10 7 12 1 1 1 10 12 1 1 9 7 12 1 1 1 10 12 1 9 12 1 9 12 1 1 11 7 12 1 1 10 12 1 11 12 1 1 10 12 1 1 18 11 12 1 11 12 11 12 1 1 18 12 1 1 11 12 1 1 11 7 12 1 1 100 1 8 1 10 12 1 11 12 1 18 12 1 11 12 1 10 12 1 100 1 10 12 1 1 11 12 1 11 12 1 100 1 10 12 1 9 12 1 10 10 12 1 100 1 11 12 1 1 11 7 12 1 1 11 12 1 100 1 10 12 1 1 11 12 1 1 11 12 1 10 100 12 1 1 1 10 12 1 10 18 18 12 1 1 11 12 1 1 10 12 1 10 12 1 18 18 10 12 1 1 11 12 1 11 12 1 18 11 12 1 11 12 1 10 12 1 11 12 1 10 12 1 11 100 1 10 12 1 1 10 12 1 18 12 1 11 12 1 7 1 11 12 1 18 11 12 1 1 7 1 11 12 1 11 12 100 1 10 100 1 1 1 1 3 1 1 1 1 1 1 1 1 1 1 1 1 1 1 1 1 1 1 1 1 1 1 1 1 1 1 1 1 1 1 1 1 1 1 1 1 1 1 1 1 1 1 1 1 1 1 1 1 1 1 1 1 1 1 1 1 1 1 1 1 1 1 1 1 1 1 1 1 1 1 1 1 1 1 1 1 1 1 1 1 1 1 1 1 1 1 1 1 1 1 1 1 1 1 1 1 1 100 1 1 1 1 1 1 1 1 1 1 1 1 1 1 1 1 1 1 1 1 1 1 1 1 1 15 10 100 12 1 1 8 1 8 1 15 10 7 12 1 1 1 16 15 10 12 16 1 8 1 8 1 16 15 10 12 16 15 10 12 15 10 12 8 1 8 1 8 1 1 100 1 1 1 100 1 100 1 1
instanceKlass org/springframework/beans/factory/support/AbstractBeanFactory
ciInstanceKlass org/springframework/beans/factory/support/FactoryBeanRegistrySupport 1 1 268 10 7 12 1 1 1 7 1 10 12 1 9 7 12 1 1 1 11 7 12 1 1 1 7 1 9 12 1 1 8 1 11 100 12 1 1 1 8 1 11 7 12 1 1 1 9 7 12 1 1 1 100 1 10 12 1 1 100 1 10 100 12 1 1 10 12 1 1 18 12 1 1 10 12 1 10 12 1 10 12 1 1 11 7 12 1 1 1 11 12 1 1 10 12 1 1 10 12 1 1 9 12 1 1 11 7 12 1 1 10 100 12 1 1 11 12 1 10 12 1 1 10 12 1 11 12 1 10 12 1 10 12 1 1 10 12 1 100 1 8 1 10 12 1 11 12 1 1 8 1 11 12 1 1 100 1 100 1 10 12 1 10 12 1 8 1 8 1 100 1 10 10 100 12 1 1 1 18 10 10 12 1 11 12 1 10 12 1 11 12 1 1 1 1 1 1 1 1 1 1 1 1 1 1 1 1 1 1 1 1 1 1 1 1 1 1 1 1 1 1 1 1 1 1 1 1 1 1 1 1 1 1 1 1 1 1 1 1 1 1 1 1 100 1 1 1 1 1 1 1 1 15 10 100 12 1 1 8 1 8 1 1 100 1 100 1 1
instanceKlass org/springframework/beans/factory/support/AbstractAutowireCapableBeanFactory
ciInstanceKlass org/springframework/beans/factory/support/AbstractBeanFactory 1 1 1409 10 7 12 1 1 1 10 7 12 1 1 1 9 7 12 1 1 1 9 12 1 1 7 1 10 12 1 9 12 1 1 9 12 1 7 1 10 9 12 1 1 7 1 10 9 12 1 1 7 1 10 12 1 9 12 1 7 1 10 9 12 1 9 7 12 1 1 1 9 12 1 7 1 10 9 12 1 10 12 1 1 9 12 1 7 1 8 1 10 12 1 9 12 1 1 9 12 1 1 10 12 1 1 10 12 1 1 10 12 1 1 9 12 1 1 11 7 12 1 1 1 10 12 1 1 18 12 1 11 12 1 1 18 10 12 1 1 10 12 1 100 1 10 10 12 1 1 10 12 1 10 12 1 11 100 12 1 1 1 11 12 1 11 12 10 12 1 8 1 11 12 1 1 8 1 11 7 12 1 1 1 8 1 10 7 12 1 1 1 18 12 1 1 11 12 1 10 12 1 1 10 12 1 1 10 7 12 1 1 1 10 12 1 1 100 1 10 12 1 1 18 12 1 10 12 1 10 12 1 1 10 100 1 18 10 12 1 10 12 1 10 7 12 1 1 10 12 1 18 12 1 10 12 1 18 12 1 1 10 12 1 10 12 1 10 12 1 10 12 1 1 10 12 1 10 12 1 10 7 12 1 1 100 1 18 10 11 7 12 1 100 1 18 18 11 12 100 1 10 12 1 11 12 1 10 12 1 10 12 1 100 1 8 1 10 7 12 1 1 1 10 12 1 8 1 10 10 7 12 1 1 1 10 12 1 10 12 1 1 10 12 1 1 10 12 1 1 11 100 12 1 1 1 100 1 10 12 1 100 1 10 12 1 1 18 11 12 1 10 12 1 10 7 12 1 1 10 12 1 11 12 1 10 12 1 7 1 11 11 12 10 12 1 18 11 12 100 1 11 10 12 1 1 7 1 10 12 1 1 10 7 12 1 1 1 10 12 1 9 12 1 1 9 12 1 10 12 1 10 10 12 1 10 12 1 1 10 12 1 10 10 12 1 10 12 1 1 11 12 1 10 12 1 1 10 12 1 10 100 1 10 12 1 1 10 12 1 1 10 12 1 1 10 12 1 10 12 1 1 10 10 12 1 1 11 12 1 100 1 10 10 12 1 10 12 1 1 10 12 1 11 7 12 1 1 10 12 1 1 8 1 8 1 18 11 10 100 12 1 1 1 11 12 1 1 10 12 1 1 18 8 1 9 12 1 9 12 1 1 9 12 1 1 8 1 10 7 12 1 1 1 11 7 12 1 1 11 7 1 8 1 8 1 11 12 1 1 10 12 1 1 9 12 1 1 10 12 1 100 1 10 10 12 1 1 10 12 1 1 8 1 11 11 12 1 1 11 7 12 1 1 11 12 1 1 100 1 11 12 1 8 1 11 12 1 11 12 1 11 12 1 1 9 12 1 1 7 1 10 7 1 7 1 9 12 1 100 1 9 12 1 7 1 9 12 1 7 1 9 12 1 10 12 1 1 8 1 8 1 100 1 8 1 8 1 100 1 8 1 10 11 12 1 18 12 1 11 12 1 18 11 12 1 1 8 1 8 1 11 12 1 10 12 1 1 11 10 12 1 1 11 12 1 1 10 12 1 1 11 10 11 11 12 1 1 11 10 12 1 1 11 12 1 11 12 1 1 11 12 1 11 10 7 12 1 10 11 12 1 10 12 1 10 100 12 1 1 1 10 12 11 11 10 12 1 1 7 1 10 12 1 10 12 1 18 18 11 12 10 10 12 1 11 7 1 7 1 10 12 1 7 1 10 10 12 1 1 10 12 1 1 11 18 12 1 1 11 12 1 1 11 11 10 12 1 1 10 10 12 1 10 12 1 18 10 12 1 1 9 12 1 10 12 10 12 1 11 7 12 1 1 10 12 1 1 10 12 1 10 18 10 12 100 1 11 18 10 10 12 1 10 12 1 11 11 10 12 1 10 12 1 1 10 12 1 1 10 12 1 10 7 12 1 1 1 10 12 1 10 12 1 10 9 12 1 9 12 1 1 9 12 1 1 10 12 1 100 1 10 12 1 1 10 12 1 10 12 1 10 12 1 100 1 10 18 12 1 10 12 1 10 12 1 10 12 1 1 10 12 1 100 1 100 1 10 12 1 100 1 10 12 1 100 1 8 1 10 10 12 1 10 12 1 100 1 10 12 1 10 12 1 1 18 10 100 12 1 1 18 10 12 1 1 10 12 1 1 10 7 1 10 12 1 11 7 12 1 1 1 10 12 1 10 7 12 1 1 10 12 1 10 12 1 1 9 12 1 10 10 10 12 1 10 12 8 1 10 100 12 1 1 1 8 1 8 1 10 12 1 100 1 10 12 1 10 12 1 10 12 1 10 12 1 1 10 12 1 10 12 1 10 12 1 10 12 1 1 10 12 1 10 12 1 1 10 12 1 10 12 1 1 11 12 1 1 10 100 12 1 1 1 100 1 11 100 12 1 1 1 10 12 1 1 1 1 1 1 1 1 1 1 1 1 1 1 1 1 1 1 1 1 1 1 1 1 1 1 1 1 1 1 1 1 1 1 1 1 1 1 1 1 1 1 1 1 1 1 1 1 1 1 1 1 1 1 1 100 100 100 1 1 1 1 1 1 1 1 1 1 1 1 1 1 1 1 1 1 1 1 1 1 1 1 1 1 1 1 100 1 1 1 1 1 1 1 1 1 1 1 1 1 1 1 1 1 1 1 1 1 1 1 1 1 1 1 1 1 1 1 1 1 1 1 1 1 1 1 1 1 1 1 1 1 1 1 1 1 100 1 1 1 1 1 1 1 1 1 1 1 1 1 1 1 1 1 1 1 1 1 1 1 1 1 1 1 1 1 1 1 1 1 1 1 1 1 1 1 1 1 1 1 1 1 1 1 1 1 1 1 1 1 1 1 1 1 1 1 1 1 1 1 1 1 1 1 1 1 1 1 1 1 1 1 1 1 1 1 1 1 1 1 1 1 1 1 1 1 1 1 1 1 1 1 1 15 10 100 12 1 1 8 1 8 1 15 10 7 12 1 1 1 16 15 16 8 1 8 1 8 1 15 10 12 8 1 8 1 15 10 12 8 1 8 1 8 1 8 1 8 1 8 1 8 1 8 1 16 1 15 10 12 16 8 1 8 1 8 1 15 10 12 16 8 1 8 1 1 1 100 1 1 1 1 100 1 100 1 1
instanceKlass org/springframework/beans/factory/support/DefaultListableBeanFactory
ciInstanceKlass org/springframework/beans/factory/support/AbstractAutowireCapableBeanFactory 1 1 1599 10 7 12 1 1 1 7 1 10 9 7 12 1 1 1 9 12 1 1 9 12 1 7 1 10 9 12 1 1 9 12 1 7 1 8 1 10 12 1 9 12 1 1 7 1 10 9 12 1 1 9 12 1 9 12 1 7 1 10 12 1 1 7 1 7 1 7 1 10 9 12 1 1 10 10 12 1 1 11 7 12 1 1 1 10 12 1 1 11 12 1 1 100 1 10 12 100 1 8 1 10 7 12 1 1 10 12 1 1 10 7 12 1 1 1 9 12 1 10 7 12 1 1 1 10 12 1 1 10 12 1 1 10 10 12 1 1 7 1 10 12 1 10 12 1 1 10 12 1 1 10 12 1 10 12 1 1 10 12 1 1 10 12 1 1 10 12 1 10 12 1 1 10 12 1 10 12 1 1 100 1 10 12 1 1 11 7 12 1 1 1 10 12 1 1 11 7 12 1 1 1 100 1 8 1 10 11 100 12 1 1 1 10 12 1 1 10 12 1 1 11 7 12 1 1 1 11 7 12 1 1 11 12 1 7 1 11 12 1 1 11 12 1 100 1 10 12 1 1 9 7 12 1 1 1 10 12 1 10 12 1 10 7 12 1 1 1 10 100 12 1 1 10 12 1 1 10 12 1 1 9 12 1 1 11 7 12 1 1 18 12 1 1 11 12 1 10 12 1 1 10 12 1 10 12 1 10 12 1 10 12 1 10 12 1 100 1 100 1 10 12 1 8 1 10 12 1 10 12 1 1 7 1 100 1 8 1 10 10 12 1 18 100 1 8 1 10 12 1 11 7 12 1 1 1 10 12 1 1 11 12 1 7 1 9 12 1 1 9 12 1 1 9 12 1 10 12 1 1 8 1 10 12 1 10 12 1 1 18 18 12 1 1 10 12 1 1 10 12 1 10 7 12 1 1 10 12 1 10 12 1 1 10 12 1 10 12 1 1 10 100 12 1 1 1 10 12 1 11 12 1 100 1 10 100 12 1 1 1 18 12 1 10 12 1 10 12 1 1 8 1 10 12 1 1 10 12 1 10 12 1 100 1 9 12 1 100 1 11 12 1 1 10 12 1 1 10 12 1 10 12 1 10 12 1 11 12 1 1 10 7 12 1 1 10 12 1 9 12 1 1 10 7 12 1 1 9 12 1 1 10 12 1 8 1 10 12 1 10 12 1 1 10 12 1 10 12 1 10 12 1 1 10 7 12 1 1 18 12 1 1 11 12 1 1 7 1 10 7 12 1 1 10 7 12 1 1 1 10 12 1 1 10 12 1 10 12 1 1 10 12 1 1 10 12 1 10 12 1 1 11 100 12 1 1 1 10 12 1 1 7 1 10 12 1 1 10 12 1 1 10 100 12 1 1 10 100 12 1 1 1 10 12 1 10 12 1 1 11 12 1 10 12 1 1 18 11 12 1 10 12 1 1 10 12 1 1 100 1 18 11 12 1 10 12 1 1 9 12 1 10 10 12 1 1 9 12 1 10 12 1 1 10 12 1 100 1 10 10 10 12 1 10 12 1 1 10 12 1 10 12 1 1 10 12 1 10 12 1 1 10 12 1 100 1 10 9 7 12 1 1 1 10 12 1 1 10 12 1 1 11 12 1 10 12 1 1 9 12 1 1 11 100 12 1 1 10 7 12 1 1 11 12 1 11 12 1 11 12 1 10 12 1 11 12 1 1 10 12 1 100 1 10 12 1 18 10 12 1 1 10 12 1 1 10 12 1 10 12 1 10 12 1 18 9 12 1 7 1 11 12 1 9 12 1 1 9 12 1 10 10 12 1 1 10 12 1 10 12 1 9 12 1 100 1 11 12 1 10 10 12 1 10 12 1 18 10 10 12 1 1 10 12 1 9 12 1 9 12 1 1 9 12 1 10 12 1 1 10 12 1 1 10 12 1 1 10 12 10 12 1 10 12 1 1 10 12 100 1 8 1 10 12 1 10 7 1 11 12 1 11 7 1 10 12 1 10 12 1 1 11 12 1 10 12 1 10 10 10 12 1 8 1 10 12 1 8 1 11 12 1 1 10 7 1 10 12 1 10 12 1 1 10 12 1 11 12 1 1 10 12 1 10 12 1 1 10 12 1 1 10 12 1 1 10 12 1 10 12 1 10 12 1 18 12 1 18 10 12 1 1 100 1 10 12 1 11 12 1 1 10 100 12 1 1 10 7 12 1 1 1 100 1 100 1 10 12 1 11 18 11 12 1 10 10 12 1 100 1 10 10 11 12 1 1 10 12 1 1 10 12 1 1 10 11 7 12 1 10 12 1 10 12 1 1 100 1 10 12 1 11 12 1 7 1 10 100 12 1 1 1 10 12 1 18 12 1 1 11 12 1 1 11 12 1 1 10 11 12 10 12 1 1 10 8 1 10 12 1 11 10 12 1 11 12 1 11 8 1 10 12 1 11 12 1 7 1 10 12 1 11 12 1 10 7 1 10 11 10 10 9 7 12 1 1 18 100 1 10 12 1 10 10 12 1 10 12 1 1 10 12 1 1 10 12 1 7 1 10 12 1 100 1 10 12 1 10 12 1 10 12 1 10 12 1 10 10 7 12 1 1 10 12 1 100 1 10 12 11 100 12 1 1 1 10 12 1 1 10 12 1 10 12 1 7 1 11 12 1 11 12 1 1 11 12 1 7 1 8 1 10 12 1 18 11 12 10 12 1 10 12 1 1 10 12 1 10 12 1 1 10 100 12 1 1 1 10 12 1 10 12 1 10 12 1 1 10 12 1 10 12 1 18 10 18 18 10 12 1 1 10 12 1 1 10 12 1 1 100 1 10 12 1 1 10 12 1 10 12 1 11 10 12 1 1 10 12 1 1 1 1 1 1 1 1 1 1 1 1 1 1 1 1 1 1 1 1 1 1 1 1 1 1 1 1 1 1 1 1 1 1 1 1 1 1 1 1 1 1 1 1 1 1 1 1 1 1 1 1 1 1 1 1 1 1 1 1 1 1 1 1 1 1 1 1 1 1 1 1 1 1 1 1 1 1 1 1 1 100 1 1 1 1 1 1 1 1 1 1 1 1 100 100 1 1 1 1 1 1 1 1 1 1 1 1 1 100 1 1 1 1 1 1 1 1 1 1 1 1 1 1 1 1 1 1 1 1 1 1 1 1 1 1 1 1 1 100 100 1 1 1 1 1 1 1 1 1 1 1 1 1 1 1 1 1 1 1 1 1 1 1 1 1 1 1 1 1 1 1 1 100 1 1 1 1 1 1 1 1 100 1 1 1 1 1 1 1 1 1 1 1 1 1 1 1 1 1 1 1 1 1 1 1 1 1 1 1 1 1 1 1 1 1 1 1 1 1 1 1 1 1 1 1 1 1 1 1 1 1 1 1 1 1 1 1 1 1 1 1 1 1 1 1 1 1 1 1 1 1 1 1 1 1 1 1 1 1 1 1 1 1 1 15 10 100 12 1 1 8 1 8 1 8 1 15 10 7 12 1 1 1 16 15 10 12 8 1 16 15 10 12 16 8 1 8 1 8 1 8 1 8 1 8 1 8 1 8 1 16 15 16 8 1 8 1 8 1 8 1 8 1 1 1 1 1 1 100 1 1 100 1 1 1 100 1 100 1 1
ciInstanceKlass org/springframework/beans/factory/support/DefaultListableBeanFactory 1 1 2004 10 7 12 1 1 1 7 1 8 1 10 7 12 1 1 1 9 12 1 1 9 12 1 1 9 7 12 1 1 1 9 12 1 1 7 1 10 12 1 9 12 1 1 9 12 1 9 12 1 10 12 1 1 9 12 1 1 9 12 1 9 12 1 7 1 10 9 12 1 1 7 1 10 9 12 1 7 1 8 1 10 12 1 9 12 1 1 10 12 1 9 12 1 7 1 10 12 1 11 7 12 1 1 1 9 12 1 1 11 12 1 1 10 7 12 1 1 1 9 12 1 9 12 1 10 12 1 1 9 12 1 1 9 12 1 1 8 1 10 7 12 1 1 1 7 1 11 12 1 10 12 1 1 10 12 1 1 11 100 12 1 1 10 12 1 1 11 12 1 1 100 1 10 12 1 1 8 1 10 7 12 1 1 1 10 12 1 1 7 1 10 12 1 10 12 1 1 8 1 11 12 1 11 12 1 1 9 12 1 1 10 100 12 1 1 10 7 12 1 1 1 100 1 10 12 1 10 12 1 1 10 100 12 1 1 10 12 1 1 11 100 12 1 1 11 100 12 1 1 1 11 12 1 11 12 1 10 100 12 1 1 1 10 12 1 1 10 12 1 1 10 12 1 1 10 12 1 10 12 1 10 12 1 11 12 1 10 12 1 1 10 7 12 1 1 1 10 11 7 12 1 1 1 11 7 12 1 1 11 12 1 7 1 10 12 1 1 10 12 1 1 10 7 12 1 1 10 12 1 10 12 1 10 12 1 10 12 1 1 10 12 1 10 12 1 1 10 12 1 1 10 12 1 10 12 1 1 10 12 1 1 18 12 1 1 11 12 1 100 1 100 1 8 1 10 100 12 1 1 1 8 1 9 12 1 1 11 7 12 1 1 1 10 12 1 1 11 7 1 10 12 10 12 10 12 1 8 1 10 12 10 12 1 1 10 7 12 1 1 1 10 12 1 100 1 100 1 10 12 1 1 100 1 10 12 1 10 12 1 11 12 1 10 12 1 18 12 1 11 12 7 1 11 10 12 1 1 11 12 1 10 12 1 1 10 12 1 10 12 1 1 9 100 12 1 1 1 11 100 12 1 1 1 11 12 1 11 100 12 1 1 11 12 1 1 10 12 1 10 12 1 10 12 1 10 12 1 1 10 11 12 1 1 18 12 1 1 11 100 12 1 1 1 18 12 1 1 11 12 1 1 18 18 8 1 7 1 10 7 12 1 1 100 1 10 12 1 10 12 1 18 10 10 12 1 1 10 12 1 10 12 1 10 12 1 10 100 1 11 12 1 10 12 1 1 9 12 1 9 12 1 1 100 1 10 12 1 10 12 1 1 10 18 12 1 1 11 12 1 1 100 1 10 12 1 1 10 12 1 11 12 1 18 10 100 1 10 10 12 1 10 12 1 10 12 1 11 12 1 10 12 1 10 9 12 1 10 12 1 7 1 10 100 12 1 1 1 11 12 1 10 12 1 1 10 12 1 1 10 12 1 11 10 12 1 1 10 12 1 10 12 9 7 12 1 1 1 10 12 1 1 8 1 10 12 1 9 12 1 18 9 12 1 9 100 12 1 1 1 10 12 1 100 1 10 9 12 1 10 12 1 18 10 12 1 10 12 1 10 12 1 1 10 12 11 12 1 100 1 11 12 1 1 100 1 10 12 1 1 10 12 1 100 1 10 12 1 10 100 12 1 1 1 10 12 1 1 100 1 10 12 1 1 8 1 11 100 12 1 1 1 8 1 11 100 12 1 1 1 11 12 1 11 12 1 10 12 1 1 18 12 1 1 10 12 1 1 18 12 1 10 12 1 1 11 12 1 18 11 12 1 10 12 1 18 100 1 100 1 11 12 1 18 11 12 1 100 1 11 12 1 10 100 12 1 1 1 10 10 12 1 1 10 12 1 1 8 1 10 12 1 8 1 7 1 10 12 1 100 1 11 12 1 8 1 10 12 1 10 12 1 100 1 10 12 1 10 12 1 10 12 1 10 12 1 1 18 10 12 1 18 12 1 10 12 1 10 12 1 11 11 12 1 1 10 12 1 10 12 1 11 11 12 1 18 12 1 10 100 1 18 11 12 1 11 12 1 18 8 1 11 12 10 10 12 1 11 10 12 1 1 9 7 12 1 1 7 1 11 11 12 1 10 12 1 10 12 1 100 1 18 10 10 12 1 1 18 12 1 18 12 1 10 12 1 1 10 12 1 18 12 1 18 10 18 18 12 1 11 7 12 1 10 11 7 12 1 100 1 11 12 1 10 12 1 11 12 10 12 1 10 12 1 10 12 1 1 10 12 1 10 12 1 1 10 12 100 1 11 12 1 1 10 12 1 10 12 1 10 12 1 1 10 12 1 1 10 100 12 1 1 1 100 1 10 12 1 10 12 1 1 100 1 10 12 1 9 12 1 1 100 1 10 12 1 10 12 1 1 10 12 1 11 12 1 10 12 1 1 10 12 1 1 10 12 1 1 11 12 1 1 10 12 1 10 12 1 10 12 1 10 12 1 1 10 12 1 1 10 12 1 1 11 100 12 1 1 1 100 1 10 12 1 1 11 12 1 10 12 1 1 11 12 1 10 12 1 10 12 1 11 12 1 1 10 12 1 10 10 12 1 10 12 1 10 12 1 1 10 12 1 1 10 12 1 10 12 1 1 11 10 12 1 10 12 1 1 10 12 1 1 10 12 1 1 10 12 1 1 10 12 1 1 10 12 1 1 11 12 1 100 1 11 12 1 11 12 1 10 12 1 1 10 12 1 1 100 1 10 12 1 10 12 1 100 1 11 11 12 1 18 12 1 11 12 1 1 18 10 12 1 10 12 1 1 11 12 1 1 10 12 1 10 12 1 10 12 1 10 12 1 100 1 10 12 1 11 12 1 1 11 12 1 10 12 1 10 100 12 1 1 1 100 1 10 12 1 10 12 1 10 12 1 10 12 1 10 12 1 10 12 1 1 11 12 1 10 12 1 11 10 12 1 1 100 1 10 12 1 1 10 12 1 1 9 12 1 100 1 10 18 12 1 11 12 1 100 1 10 12 1 10 12 1 10 12 1 10 100 12 1 1 10 100 12 1 1 10 12 1 1 10 12 1 1 11 12 1 10 12 1 11 12 1 10 12 1 18 10 12 1 10 12 1 1 10 100 1 10 12 1 18 12 1 10 12 10 10 12 1 1 10 12 1 1 10 12 1 1 10 12 1 1 10 12 1 1 18 10 12 1 10 12 1 10 12 1 1 100 1 10 12 1 10 12 1 1 100 1 10 8 1 10 12 1 1 10 12 1 1 8 1 8 1 8 1 10 12 1 100 1 8 1 10 100 1 10 8 1 10 11 11 10 12 1 8 1 10 12 1 10 12 1 1 7 1 100 1 100 1 1 1 1 1 1 1 1 1 1 1 1 1 1 1 1 1 1 1 1 1 1 1 1 1 1 1 1 1 1 1 1 1 1 1 1 1 1 1 1 1 1 1 1 1 1 100 1 1 1 1 1 1 1 1 1 1 1 1 1 1 1 1 1 1 1 1 1 1 1 1 1 1 1 1 1 1 1 1 1 1 1 1 1 1 1 1 1 1 1 1 1 1 1 100 1 1 1 1 1 1 1 1 1 1 1 1 1 100 1 1 1 1 1 1 1 1 1 1 1 1 1 1 1 1 1 1 1 1 1 1 1 1 1 1 1 1 1 1 1 1 1 1 1 1 1 1 1 1 1 1 1 1 1 1 1 100 1 1 1 1 1 1 1 1 1 1 1 1 1 1 1 1 1 1 1 1 100 1 1 1 1 1 1 1 1 1 1 1 1 1 1 1 1 1 1 1 1 1 1 1 1 1 1 1 1 1 1 1 1 1 1 1 1 1 1 1 1 1 1 1 1 1 1 1 1 1 1 1 1 1 1 1 1 1 1 1 1 1 1 1 1 1 1 1 100 1 1 1 1 1 1 1 1 1 1 1 1 1 1 1 1 1 1 1 1 100 1 1 1 1 1 1 1 1 1 1 1 1 1 1 1 1 1 1 1 1 1 1 1 1 1 1 1 1 1 1 1 1 1 1 1 1 1 1 1 1 1 1 1 1 1 1 1 1 1 1 100 1 1 100 1 1 1 1 1 1 1 1 1 1 1 1 1 1 1 1 1 1 1 1 1 1 1 1 1 1 1 1 1 1 1 100 1 100 1 100 1 100 1 100 1 100 1 1 15 10 7 12 1 1 8 1 8 1 15 10 7 12 1 1 1 16 15 16 1 16 15 10 12 16 1 15 10 12 15 10 12 8 1 16 15 10 12 16 1 8 1 8 1 8 1 16 15 10 12 16 15 10 12 8 1 8 1 8 1 8 1 8 1 8 1 8 1 8 1 8 1 15 10 12 16 1 15 10 12 16 15 11 15 10 12 15 10 12 15 10 12 15 10 12 16 15 10 12 16 1 15 10 12 16 8 1 8 1 8 1 1 100 1 1 1 1 100 1 1 1 1 1 1 1 100 1 1 1 1 1 1 1 100 1 100 1 1
staticfield org/springframework/beans/factory/support/DefaultListableBeanFactory serializableFactories Ljava/util/Map; java/util/concurrent/ConcurrentHashMap
instanceKlass org/springframework/beans/factory/parsing/BeanDefinitionParsingException
instanceKlass org/springframework/beans/factory/xml/XmlBeanDefinitionStoreException
instanceKlass org/springframework/beans/factory/support/BeanDefinitionOverrideException
ciInstanceKlass org/springframework/beans/factory/BeanDefinitionStoreException 0 0 61 10 100 12 1 1 1 9 100 12 1 1 1 9 12 1 10 12 1 10 12 1 18 12 1 1 1 1 1 1 1 1 1 1 1 1 1 1 1 1 1 1 1 1 1 1 1 15 10 100 12 1 1 8 1 1 100 1 100 1 1
instanceKlass org/springframework/beans/PropertyValue
instanceKlass org/springframework/beans/factory/support/AbstractBeanDefinition
ciInstanceKlass org/springframework/beans/BeanMetadataAttributeAccessor 1 1 64 10 7 12 1 1 1 9 7 12 1 1 1 10 7 12 1 1 1 10 12 1 1 10 12 1 1 10 12 10 12 1 1 10 12 1 100 1 1 1 1 1 1 1 1 1 1 1 1 1 1 1 1 1 1 1 1 1 1 1 100 1 1 1
instanceKlass org/springframework/beans/factory/support/ChildBeanDefinition
instanceKlass org/springframework/beans/factory/support/GenericBeanDefinition
instanceKlass org/springframework/beans/factory/support/RootBeanDefinition
ciInstanceKlass org/springframework/beans/factory/support/AbstractBeanDefinition 1 1 812 100 1 10 7 12 1 1 1 10 7 12 1 1 8 1 9 12 1 1 9 12 1 1 9 12 1 9 12 1 1 9 12 1 9 12 1 9 12 1 9 12 1 9 12 1 7 1 10 9 12 1 1 9 12 1 9 12 1 7 1 10 9 12 1 1 9 12 1 9 12 1 9 12 1 7 1 9 12 1 9 12 1 1 9 12 1 1 11 12 1 1 10 12 1 1 11 12 1 10 12 1 11 12 1 10 12 1 11 12 1 1 10 12 1 1 11 12 1 10 12 1 11 12 1 10 12 1 11 12 1 1 10 12 1 1 11 12 1 1 10 12 1 1 10 12 1 1 10 12 1 10 12 1 1 10 12 1 1 10 12 1 7 1 11 12 1 1 10 12 1 10 12 1 10 12 1 7 1 11 12 1 1 10 12 1 10 12 1 1 10 12 1 10 12 1 1 10 12 1 10 12 1 10 12 1 10 12 1 10 12 1 1 10 7 12 1 1 10 12 1 10 12 1 10 12 1 10 12 1 10 12 1 10 12 1 1 10 12 1 1 10 12 1 10 12 1 10 12 1 10 12 1 10 12 1 10 12 1 10 12 1 10 12 1 10 12 1 1 10 12 1 1 10 12 1 1 10 12 1 10 12 1 10 12 1 10 12 1 10 12 1 10 12 1 10 12 1 10 12 1 10 12 1 10 12 1 10 12 1 10 12 1 10 12 1 10 12 1 10 12 1 1 10 12 1 1 11 12 1 11 12 1 10 12 1 10 100 12 1 1 1 10 10 12 1 10 10 12 1 1 10 12 1 10 7 1 10 10 10 12 1 10 12 1 10 12 1 10 12 1 9 12 1 1 7 1 10 12 1 7 1 100 1 8 1 10 12 10 12 1 1 18 12 1 1 10 10 7 12 1 1 1 10 7 12 1 1 1 9 12 1 1 8 1 10 12 1 1 8 1 10 12 1 9 12 1 1 10 12 1 1 10 100 12 1 1 9 12 1 1 10 100 12 1 1 11 7 12 1 1 1 11 12 1 11 12 1 1 100 1 11 12 1 1 10 12 1 8 1 10 7 12 1 1 1 11 12 1 1 9 12 1 1 9 12 1 9 12 1 10 10 12 1 10 10 10 9 12 1 10 7 12 1 1 9 12 1 9 12 1 9 12 1 1 100 1 10 11 100 12 1 1 7 1 10 12 1 10 12 1 1 10 100 1 8 1 10 10 12 1 10 12 1 1 18 12 1 1 11 100 12 1 1 1 10 100 12 1 1 10 12 1 1 18 12 1 10 12 1 10 12 1 1 10 12 1 1 10 100 12 1 1 10 12 1 1 10 12 1 10 10 12 1 1 10 12 1 100 1 8 1 10 10 12 1 1 8 1 8 1 10 12 1 8 1 10 12 1 8 1 10 12 1 8 1 8 1 8 1 8 1 8 1 8 1 8 1 10 12 1 1 8 1 8 1 10 12 100 1 1 1 1 3 1 3 1 3 1 3 1 3 1 1 1 1 1 1 1 1 8 1 1 8 1 1 8 1 1 1 1 1 1 1 1 1 1 1 1 1 1 1 1 1 1 1 1 1 1 1 1 1 1 1 1 1 1 1 100 1 1 1 1 1 1 1 1 1 1 100 1 1 1 1 1 1 1 1 1 1 1 1 1 100 1 1 1 1 1 1 1 1 1 1 1 1 1 1 1 100 1 1 1 1 1 1 1 1 1 1 1 1 1 1 1 1 1 1 1 1 1 15 10 100 12 1 1 8 1 15 10 100 12 1 1 1 16 15 10 12 16 8 1 1 100 1 100 1 1 1 100 1 8 1 1 12 10 1 1 8 1 1
instanceKlass org/springframework/context/annotation/ConfigurationClassBeanDefinitionReader$ConfigurationClassBeanDefinition
instanceKlass org/springframework/beans/factory/support/AbstractAutowireCapableBeanFactory$CreateFromClassBeanDefinition
ciInstanceKlass org/springframework/beans/factory/support/RootBeanDefinition 1 1 409 10 7 12 1 1 1 9 7 12 1 1 1 7 1 10 9 12 1 1 9 12 1 9 12 1 9 12 1 10 12 1 1 10 12 1 1 10 12 1 1 10 12 1 1 10 12 1 1 10 12 1 1 10 12 1 10 12 1 10 12 1 10 12 1 9 12 1 1 9 12 1 1 9 12 1 9 12 1 1 9 12 1 1 100 1 8 1 10 12 10 7 12 1 1 1 9 12 1 1 10 12 1 1 9 12 1 10 12 1 1 10 12 1 1 10 12 1 1 8 1 10 12 1 1 100 1 100 1 10 12 1 10 100 12 1 1 1 18 12 1 1 8 1 10 7 12 1 1 1 10 12 1 10 7 1 10 12 1 10 7 12 1 1 1 10 12 1 10 12 1 1 100 1 11 12 1 9 12 1 1 100 1 10 12 11 100 12 1 1 11 12 1 10 12 1 10 100 12 1 1 1 10 12 1 1 9 12 1 10 12 1 1 10 12 1 1 10 10 12 1 10 100 12 1 1 1 10 12 1 1 9 12 1 10 12 1 11 12 1 1 11 100 12 1 1 1 11 12 1 1 10 12 1 1 10 12 1 1 10 12 1 10 10 12 1 18 10 12 1 1 1 1 1 1 1 1 1 1 1 1 1 1 1 1 1 1 1 1 1 1 1 1 1 1 1 1 1 1 1 1 1 1 1 1 1 1 1 1 1 1 1 1 1 1 1 1 1 1 1 1 1 1 1 1 1 1 1 1 1 1 1 1 1 1 1 1 1 1 1 1 1 1 1 1 1 1 1 1 1 1 1 1 1 1 1 1 1 1 1 1 1 1 100 1 1 1 1 1 1 1 1 1 1 1 1 1 1 1 1 1 1 1 1 1 1 1 1 1 1 1 1 1 15 10 100 12 1 1 8 1 8 1 1 100 1 100 1 1
ciInstanceKlass org/springframework/beans/factory/ObjectFactory 1 0 17 100 1 100 1 1 1 1 100 1 1 1 1 1 1 1 1
ciInstanceKlass org/springframework/beans/factory/config/BeanDefinitionHolder 1 1 149 10 7 12 1 1 1 10 7 12 1 1 8 1 10 7 12 1 1 1 8 1 9 12 1 1 9 12 1 1 9 12 1 1 8 1 10 12 1 1 10 12 1 1 10 12 1 1 11 100 12 1 1 1 10 100 12 1 1 1 10 100 12 1 1 1 10 7 12 1 1 1 18 12 1 10 100 12 1 1 1 18 12 1 10 12 1 10 12 1 1 18 10 12 1 10 10 12 1 1 10 12 1 1 100 1 1 1 1 1 1 1 1 1 1 1 1 1 1 1 1 1 1 1 1 1 1 1 1 1 1 15 10 100 12 1 1 8 1 8 1 8 1 1 100 1 100 1 1
ciInstanceKlass org/springframework/beans/factory/config/SmartInstantiationAwareBeanPostProcessor 0 0 38 100 1 100 1 100 1 1 1 1 1 1 1 1 1 1 1 1 1 1 1 100 1 1 1 1 1 1 1 1 1 1 1 1 1 1 1 1
ciInstanceKlass org/springframework/boot/context/ContextIdApplicationContextInitializer$ContextId 1 1 62 10 7 12 1 1 1 7 1 10 9 7 12 1 1 1 9 12 1 1 10 12 1 1 18 12 1 1 10 12 1 1 1 1 1 1 1 1 1 1 1 1 1 1 100 1 1 15 10 100 12 1 1 8 1 1 1 100 1 100 1 1
ciInstanceKlass org/springframework/boot/autoconfigure/condition/ConditionEvaluationReport 1 1 364 10 7 12 1 1 1 7 1 10 9 7 12 1 1 1 7 1 10 9 12 1 1 7 1 10 9 12 1 1 8 1 10 7 12 1 1 1 8 1 8 1 11 7 12 1 1 1 18 12 1 1 11 7 12 1 1 1 7 1 10 12 1 1 9 12 1 1 8 1 11 7 12 1 1 1 8 1 11 18 12 1 1 11 12 1 1 10 100 12 1 1 1 18 12 1 1 18 12 1 10 12 1 1 10 12 1 10 100 12 1 1 1 18 12 1 11 12 1 10 12 1 1 9 12 1 1 7 1 10 12 1 1 8 1 11 12 1 1 11 12 1 1 10 11 12 1 1 11 12 1 1 10 12 1 1 11 100 12 1 1 11 18 12 1 10 10 12 1 1 11 12 1 10 12 1 11 12 10 12 1 1 18 12 1 10 10 100 12 1 1 1 10 12 1 1 10 12 1 1 10 100 12 1 1 18 10 100 12 1 1 1 8 1 10 100 12 1 1 1 10 100 12 1 1 1 9 12 1 1 10 12 1 1 10 7 1 10 1 1 1 1 1 1 1 1 1 1 1 1 1 1 1 1 1 1 1 1 1 1 1 1 1 1 1 1 1 1 1 1 1 1 1 1 1 1 1 1 1 1 1 100 1 1 1 1 1 1 1 1 1 1 1 1 1 1 1 1 1 1 1 1 1 1 1 1 1 1 1 1 1 15 10 7 12 1 1 1 16 15 10 12 16 16 1 15 10 12 16 15 10 100 12 1 1 8 1 15 10 12 16 1 15 16 15 10 12 15 10 12 16 1 8 1 1 1 1 1 1 100 1 100 1 1
staticfield org/springframework/boot/autoconfigure/condition/ConditionEvaluationReport ANCESTOR_CONDITION Lorg/springframework/boot/autoconfigure/condition/ConditionEvaluationReport$AncestorsMatchedCondition; org/springframework/boot/autoconfigure/condition/ConditionEvaluationReport$AncestorsMatchedCondition
ciInstanceKlass org/springframework/core/ResolvableType$WildcardBounds 1 1 134 10 7 12 1 1 1 9 7 12 1 1 1 9 12 1 1 9 7 12 1 1 10 7 12 1 1 1 10 12 1 1 10 12 1 1 10 12 1 1 10 12 1 1 7 1 10 12 1 9 12 1 1 10 12 1 1 11 12 1 1 9 12 1 11 12 1 7 1 11 12 1 9 12 1 1 10 12 1 1 10 12 1 1 1 1 1 1 1 1 1 1 1 1 1 1 1 1 1 1 1 1 100 100 1 1 1 1 1 1 1 1 1 1 1 1 1 1 1 1 1 1 1 100 1 1 1 1 1 1 1 100 1 1
ciInstanceKlass org/springframework/beans/factory/BeanFactoryUtils 1 1 327 10 100 12 1 1 1 10 7 12 1 1 1 10 12 1 1 100 1 8 1 10 7 12 1 1 1 9 7 12 1 1 1 18 12 1 1 11 7 12 1 1 1 8 1 10 12 1 1 10 12 1 1 10 12 1 1 10 12 1 1 10 12 1 1 8 1 11 100 12 1 1 1 100 1 11 12 1 1 10 12 1 10 12 1 1 11 12 1 10 12 1 11 12 1 11 12 1 10 12 1 11 12 1 10 12 1 100 1 10 12 1 11 12 1 1 11 12 1 1 10 12 1 1 18 12 1 1 11 12 1 1 11 12 1 10 12 1 18 10 12 1 1 100 1 10 10 100 12 1 1 1 11 100 12 1 1 1 11 12 1 11 12 1 1 11 12 1 10 100 12 1 1 1 11 12 1 1 11 12 1 1 11 100 12 1 1 1 11 100 12 1 1 1 100 1 11 12 1 1 10 12 1 100 1 10 12 1 11 12 1 11 12 1 1 10 12 1 7 1 10 1 1 1 1 1 1 1 1 1 1 1 1 1 1 1 1 1 1 1 1 1 1 1 1 1 1 1 1 1 1 1 1 1 1 100 1 1 1 1 1 1 1 1 1 1 1 1 1 1 100 1 1 1 1 1 1 1 1 1 1 1 1 1 1 1 1 1 1 1 1 1 1 1 1 1 1 1 15 10 7 12 1 1 1 16 1 15 10 12 16 16 1 15 10 12 16 1 15 10 12 1 100 1 100 1 1
staticfield org/springframework/beans/factory/BeanFactoryUtils transformedBeanNameCache Ljava/util/Map; java/util/concurrent/ConcurrentHashMap
ciInstanceKlass org/springframework/beans/factory/FactoryBean 1 1 34 100 1 100 1 1 1 1 8 1 1 1 1 7 1 1 1 1 1 1 1 1 1 1 1 1 1 1 1 1 1 1 1 1
ciInstanceKlass org/springframework/boot/autoconfigure/SharedMetadataReaderFactoryContextInitializer$SharedMetadataReaderFactoryBean 1 1 69 10 7 12 1 1 1 7 1 10 12 1 9 7 12 1 1 1 7 1 10 12 1 10 12 1 1 100 1 10 12 1 1 100 1 100 1 100 1 1 1 1 1 1 1 1 1 1 1 100 1 1 1 1 1 1 1 1 1 1 1 1 1 1 1 100 1 1 1
ciInstanceKlass org/springframework/beans/factory/support/AbstractBeanFactory$BeanPostProcessorCache 1 1 42 10 7 12 1 1 1 7 1 10 9 7 12 1 1 1 9 12 1 9 12 1 9 12 1 1 1 1 1 1 1 1 1 1 1 1 1 1 100 1 1 1
ciInstanceKlass org/springframework/beans/factory/BeanFactoryUtils$$Lambda$501+0x0000018ba12d0c10 1 1 23 1 7 1 7 1 100 1 1 12 10 1 1 1 7 1 7 1 1 12 10 1 1
ciInstanceKlass org/springframework/beans/factory/support/NullBean 0 0 32 10 100 12 1 1 1 100 1 10 12 1 1 8 1 1 1 1 1 1 1 1 1 1 1 1 1 1 1 1 1 1
ciInstanceKlass org/springframework/context/annotation/ConfigurationClassBeanDefinitionReader$ConfigurationClassBeanDefinition 1 1 99 10 7 12 1 1 1 10 7 12 1 1 1 9 7 12 1 1 1 9 12 1 1 9 12 1 1 10 12 1 1 10 12 1 1 10 12 1 1 10 12 1 10 12 1 1 10 7 12 1 1 10 12 1 1 10 7 12 1 1 1 10 12 1 10 12 1 1 100 1 1 1 1 1 1 1 1 1 1 1 1 1 1 1 1 1 1 1 1 1 1 1 1 1 1 100 1 1 1
ciMethodData java/lang/Object <init> ()V 2 628940 orig 80 0 0 0 0 0 0 0 0 0 0 0 0 248 127 0 0 0 0 0 0 0 0 0 0 0 0 0 0 0 0 0 0 0 0 0 0 0 0 0 0 0 0 0 0 0 0 0 0 0 0 0 0 0 0 0 0 0 0 0 0 0 0 0 0 0 0 0 0 0 0 0 0 0 0 0 0 0 0 0 0 data 4 0x0 0x9 0x1 0x0 oops 0 methods 0
ciMethodData java/lang/String hashCode ()I 2 10745 orig 80 0 0 0 0 0 0 0 0 0 0 0 0 248 127 0 0 0 0 0 0 0 0 0 0 0 0 0 0 0 0 0 0 0 0 0 0 0 0 0 0 0 0 0 0 0 0 0 0 0 0 0 0 0 0 0 0 0 0 0 0 0 0 0 0 0 0 0 0 0 0 0 0 0 0 0 0 0 0 0 0 data 42 0x60007 0x23bf 0x108 0x535 0xd0007 0x3 0xe8 0x532 0x110005 0x532 0x0 0x0 0x0 0x0 0x0 0x140007 0x0 0x48 0x532 0x1b0002 0x532 0x1e0003 0x532 0x28 0x250002 0x0 0x2a0007 0x531 0x38 0x1 0x320003 0x1 0x18 0x0 0x0 0x0 0x0 0x0 0x0 0x9 0x1 0xe oops 0 methods 0
ciMethodData java/lang/String isLatin1 ()Z 2 985434 orig 80 1 0 0 0 1 0 0 0 0 0 0 0 248 127 0 0 0 0 0 0 0 0 0 0 0 0 0 0 0 0 0 0 0 0 0 0 0 0 0 2 0 0 0 0 0 0 0 0 0 0 0 0 0 0 0 0 0 0 0 0 0 0 0 0 0 0 0 0 0 0 0 0 0 0 0 0 0 0 0 0 data 18 0x30007 0x0 0x58 0xf0889 0x80000006000a0007 0x5 0x38 0xf0883 0xe0003 0xf0883 0x18 0x0 0x0 0x0 0x0 0x9 0x1 0x0 oops 0 methods 0
ciMethodData java/lang/StringLatin1 hashCode ([B)I 2 30165 orig 80 0 0 0 0 0 0 0 0 0 0 0 0 248 127 0 0 0 0 0 0 0 0 0 0 0 0 0 0 0 0 0 0 0 0 0 0 0 0 0 0 0 0 0 0 0 0 0 0 0 0 0 0 0 0 0 0 0 0 0 0 0 0 0 0 0 0 0 0 0 0 0 0 0 0 0 0 0 0 0 0 data 14 0xd0007 0x427 0x38 0x6ba1 0x250003 0x6ba1 0xffffffffffffffe0 0x0 0x0 0x0 0x0 0x9 0x1 0x0 oops 0 methods 0
ciMethodData java/lang/String equals (Ljava/lang/Object;)Z 2 7930 orig 80 1 0 0 0 0 0 0 0 0 0 0 0 248 127 0 0 0 0 0 0 4 0 0 0 0 0 0 0 0 0 0 0 0 0 0 0 0 0 0 0 0 0 0 0 0 0 0 0 0 0 0 0 0 0 0 0 0 0 0 0 0 0 0 0 0 0 0 0 0 0 0 0 0 0 0 0 0 0 0 0 data 49 0x20007 0x1930 0x20 0x4c3 0x8000000400080104 0xfffffffffffffff9 0x0 0x18b9f168b10 0x192b 0x18b9f168ba0 0x7 0xb0007 0x9 0xe0 0x192b 0xf0004 0x0 0x0 0x18b9f168b10 0x192b 0x0 0x0 0x160007 0x0 0x40 0x192b 0x210007 0x0 0x68 0x192b 0x2c0002 0x192b 0x2f0007 0x17fc 0x38 0x12f 0x330003 0x12f 0x18 0x0 0x0 0x0 0x0 0x0 0x0 0x9 0x2 0x0 0x0 oops 3 7 java/lang/String 9 java/lang/Class 18 java/lang/String methods 0
ciMethodData java/util/Objects requireNonNull (Ljava/lang/Object;)Ljava/lang/Object; 2 191376 orig 80 0 0 0 0 0 0 0 0 0 0 0 0 248 127 0 0 0 0 0 0 0 0 0 0 0 0 0 0 0 0 0 0 0 0 0 0 0 0 0 0 0 0 0 0 0 0 0 0 0 0 0 0 0 0 0 0 0 0 0 0 0 0 0 0 0 0 0 0 0 0 0 0 0 0 0 0 0 0 0 0 data 15 0x10007 0x2ea67 0x30 0x0 0x80002 0x0 0x0 0x0 0x0 0x0 0x0 0x0 0x9 0x1 0x0 oops 0 methods 0
ciMethodData java/util/AbstractCollection <init> ()V 2 53569 orig 80 0 0 0 0 0 0 0 0 0 0 0 0 248 127 0 0 0 0 0 0 0 0 0 0 0 0 0 0 0 0 0 0 0 0 0 0 0 0 0 0 0 0 0 0 0 0 0 0 0 0 0 0 0 0 0 0 0 0 0 0 0 0 0 0 0 0 0 0 0 0 0 0 0 0 0 0 0 0 0 0 data 7 0x10002 0xd019 0x0 0x0 0x9 0x1 0x0 oops 0 methods 0
ciMethodData java/lang/String charAt (I)C 2 770973 orig 80 1 0 0 0 0 0 0 0 0 0 0 0 248 127 0 0 0 0 0 0 0 0 0 0 0 0 0 0 0 0 0 0 0 0 0 0 0 0 0 0 0 0 0 0 0 0 0 0 0 0 0 0 0 0 0 0 0 0 0 0 0 0 0 0 0 0 0 0 0 0 0 0 0 0 0 0 0 0 0 0 data 25 0x10005 0xbc277 0x0 0x0 0x0 0x0 0x0 0x40007 0x1 0x30 0xbc275 0xc0002 0xbc273 0x150002 0x1 0x0 0x0 0x0 0x0 0x0 0x0 0x9 0x2 0x0 0x0 oops 0 methods 0
ciMethodData java/lang/StringLatin1 charAt ([BI)C 2 741883 orig 80 0 0 0 0 0 0 0 0 0 0 0 0 248 127 0 0 0 0 0 0 0 0 0 0 0 0 0 0 0 0 0 0 0 0 0 0 0 0 0 0 0 0 0 0 0 0 0 0 0 0 0 0 0 0 0 0 0 0 0 0 0 0 0 0 0 0 0 0 0 0 0 0 0 0 0 0 0 0 0 0 data 18 0x10007 0x0 0x40 0xb50d1 0x70007 0xb50cf 0x30 0x0 0xf0002 0x0 0x0 0x0 0x0 0x0 0x9 0x2 0x0 0x0 oops 0 methods 0
ciMethodData java/lang/String isEmpty ()Z 2 90472 orig 80 0 0 0 0 0 0 0 0 0 0 0 0 248 127 0 0 0 0 0 0 0 0 0 0 0 0 0 0 0 0 0 0 0 0 0 0 0 0 0 0 0 0 0 0 0 0 0 0 0 0 0 0 0 0 0 0 0 0 0 0 0 0 0 0 0 0 0 0 0 0 0 0 0 0 0 0 0 0 0 0 data 14 0x50007 0x12f22 0x38 0x3144 0x90003 0x3144 0x18 0x0 0x0 0x0 0x0 0x9 0x1 0x0 oops 0 methods 0
ciMethodData java/lang/StringUTF16 charAt ([BI)C 1 4 orig 80 0 0 0 0 0 0 0 0 0 0 0 0 248 127 0 0 0 0 0 0 0 0 0 0 0 0 0 0 0 0 0 0 0 0 0 0 0 0 0 0 0 0 0 0 0 0 0 0 0 0 0 0 0 0 0 0 0 0 0 0 0 0 0 0 0 0 0 0 0 0 0 0 0 0 0 0 0 0 0 0 data 14 0x20002 0x4 0x70002 0x4 0x0 0x0 0x0 0x0 0x0 0x0 0x9 0x2 0x0 0x0 oops 0 methods 0
ciMethodData java/lang/StringBuilder append (Ljava/lang/String;)Ljava/lang/StringBuilder; 2 117623 orig 80 0 0 0 0 0 0 0 0 0 0 0 0 248 127 0 0 0 0 0 0 0 0 0 0 0 0 0 0 0 0 0 0 0 0 0 0 0 0 0 0 0 0 0 0 0 0 0 0 0 0 0 0 0 0 0 0 0 0 0 0 0 0 0 0 0 0 0 0 0 0 0 0 0 0 0 0 0 0 0 0 data 9 0x20002 0x1ca7d 0x0 0x0 0x0 0x9 0x2 0xe 0x0 oops 0 methods 0
ciMethodData java/util/concurrent/ConcurrentHashMap tabAt ([Ljava/util/concurrent/ConcurrentHashMap$Node;I)Ljava/util/concurrent/ConcurrentHashMap$Node; 2 23086 orig 80 0 0 0 0 0 0 0 0 0 0 0 0 248 127 0 0 0 0 0 0 0 0 0 0 0 0 0 0 0 0 0 0 0 0 0 0 0 0 0 0 0 0 0 0 0 0 0 0 0 0 0 0 0 0 0 0 0 0 0 0 0 0 0 0 0 0 0 0 0 0 0 0 0 0 0 0 0 0 0 0 data 27 0xf000b 0x58aa 0x0 0x0 0x0 0x0 0x0 0x2 0x1 0x18be5e72cb0 0x120104 0x0 0x0 0x18be5e72c00 0x2a7e 0x18be60bf050 0x1070 0x0 0x0 0x0 0x0 0x0 0x0 0x9 0x2 0x0 0x0 oops 3 9 [Ljava/util/concurrent/ConcurrentHashMap$Node; 13 java/util/concurrent/ConcurrentHashMap$Node 15 java/util/concurrent/ConcurrentHashMap$ForwardingNode methods 0
ciMethodData java/util/concurrent/ConcurrentHashMap spread (I)I 2 36637 orig 80 0 0 0 0 0 0 0 0 0 0 0 0 248 127 0 0 0 0 0 0 0 0 0 0 0 0 0 0 0 0 0 0 0 0 0 0 0 0 0 0 0 0 0 0 0 0 0 0 0 0 0 0 0 0 0 0 0 0 0 0 0 0 0 0 0 0 0 0 0 0 0 0 0 0 0 0 0 0 0 0 data 5 0x0 0x0 0x9 0x1 0x0 oops 0 methods 0
ciMethod java/lang/invoke/MethodHandle invokeBasic ()Ljava/lang/Object; 0 0 1 0 -1
ciMethodData java/lang/ref/ReferenceQueue poll ()Ljava/lang/ref/Reference; 2 25177 orig 80 0 0 0 0 0 0 0 0 0 0 0 0 248 127 0 0 0 0 0 0 0 0 0 0 0 0 0 0 0 0 0 0 0 0 0 0 0 0 0 0 0 0 0 0 0 0 0 0 0 0 0 0 0 0 0 0 0 0 0 0 0 0 0 0 0 0 0 0 0 0 0 0 0 0 0 0 0 0 0 0 data 20 0x40007 0xbe 0x20 0x609a 0x110005 0xbe 0x0 0x0 0x0 0x0 0x0 0x0 0x0 0x0 0x0 0x0 0x0 0x9 0x1 0x0 oops 0 methods 0
ciMethodData java/lang/ref/ReferenceQueue reallyPoll ()Ljava/lang/ref/Reference; 1 957 orig 80 0 0 0 0 0 0 0 0 0 0 0 0 248 127 0 0 0 0 0 0 0 0 0 0 0 0 0 0 0 0 0 0 0 0 0 0 0 0 0 0 0 0 0 0 0 0 0 0 0 0 0 0 0 0 0 0 0 0 0 0 0 0 0 0 0 0 0 0 0 0 0 0 0 0 0 0 0 0 0 0 data 33 0x60007 0x8 0xc0 0x3b3 0x180007 0x3a7 0x38 0xc 0x1c0003 0xc 0x18 0x330004 0xfffffffffffffc4d 0x0 0x18be6e4e6c0 0x134 0x18be6e4e770 0x2b 0x360007 0x3b3 0x30 0x0 0x3a0002 0x0 0x0 0x0 0x0 0x0 0x0 0x0 0x9 0x1 0xc oops 2 14 jdk/internal/ref/CleanerImpl$PhantomCleanableRef 16 java/lang/invoke/MethodType$ConcurrentWeakInternSet$WeakEntry methods 0
ciMethodData java/util/concurrent/ConcurrentHashMap get (Ljava/lang/Object;)Ljava/lang/Object; 2 11791 orig 80 1 0 0 0 0 0 0 0 0 0 0 0 248 127 0 0 0 0 0 0 0 0 0 0 0 0 0 0 0 0 0 0 0 0 0 0 0 0 0 1 0 0 0 0 0 0 0 0 0 0 0 0 0 0 0 0 0 0 0 0 0 0 0 0 0 0 0 0 0 0 0 0 0 0 0 0 0 0 0 0 data 101 0x10005 0x1f5b 0x0 0x18b9f16af20 0xc7e 0x18b9f16ace0 0x128 0x40002 0x2d01 0xf0007 0xc4 0x290 0x2c3c 0x170007 0x0 0x270 0x2c3d 0x220002 0x2c3d 0x270007 0x9fa 0x240 0x2243 0x330007 0xb0e 0xb8 0x1735 0x3e0007 0x912 0x98 0xe23 0x430007 0x0 0x108 0xe23 0x490005 0xd0 0x0 0x18b9f16af20 0x864 0x18b9f168b10 0x4ef 0x80000006004c0007 0x2 0xb0 0xe22 0x560007 0xb0e 0x90 0x0 0x5d0005 0x0 0x0 0x0 0x0 0x0 0x0 0x630007 0x0 0x38 0x0 0x6b0003 0x0 0x18 0x760007 0x542 0xd8 0x867 0x7f0007 0x299 0xffffffffffffffe0 0x5ce 0x8a0007 0x32e 0x98 0x2a0 0x8f0007 0x0 0xffffffffffffffa0 0x2a0 0x950005 0x23 0x0 0x18b9f16af20 0x158 0x18b9f168b10 0x125 0x980007 0x0 0xffffffffffffff48 0x2a0 0x0 0x0 0x0 0x0 0x0 0x0 0x9 0x2 0x0 0x0 oops 6 3 java/lang/invoke/MethodType 5 java/lang/invoke/MemberName 38 java/lang/invoke/MethodType 40 java/lang/String 83 java/lang/invoke/MethodType 85 java/lang/String methods 0
ciMethodData java/util/AbstractSet <init> ()V 2 28245 orig 80 0 0 0 0 0 0 0 0 0 0 0 0 248 127 0 0 0 0 0 0 0 0 0 0 0 0 0 0 0 0 0 0 0 0 0 0 0 0 0 0 0 0 0 0 0 0 0 0 0 0 0 0 0 0 0 0 0 0 0 0 0 0 0 0 0 0 0 0 0 0 0 0 0 0 0 0 0 0 0 0 data 7 0x10002 0x6cce 0x0 0x0 0x9 0x1 0x0 oops 0 methods 0
ciMethodData java/lang/Class getName ()Ljava/lang/String; 2 73901 orig 80 0 0 0 0 0 0 0 0 0 0 0 0 248 127 0 0 0 0 0 0 0 0 0 0 0 0 0 0 0 0 0 0 0 0 0 0 0 0 0 0 0 0 0 0 0 0 0 0 0 0 0 0 0 0 0 0 0 0 0 0 0 0 0 0 0 0 0 0 0 0 0 0 0 0 0 0 0 0 0 0 data 23 0x60007 0xfec 0x38 0x10fb2 0xa0003 0x10fb2 0x50 0xe0005 0xfec 0x0 0x0 0x0 0x0 0x0 0x0 0x0 0x0 0x0 0x0 0x0 0x9 0x1 0xffffffffffffffff oops 0 methods 0
ciMethodData java/lang/ref/Reference reachabilityFence (Ljava/lang/Object;)V 2 52377 orig 80 0 0 0 0 0 0 0 0 0 0 0 0 248 127 0 0 0 0 0 0 0 0 0 0 0 0 0 0 0 0 0 0 0 0 0 0 0 0 0 0 0 0 0 0 0 0 0 0 0 0 0 0 0 0 0 0 0 0 0 0 0 0 0 0 0 0 0 0 0 0 0 0 0 0 0 0 0 0 0 0 data 4 0x0 0x9 0x1 0x0 oops 0 methods 0
ciMethodData java/lang/ref/Reference <init> (Ljava/lang/Object;Ljava/lang/ref/ReferenceQueue;)V 2 21866 orig 80 0 0 0 0 0 0 0 0 0 0 0 0 248 127 0 0 0 0 0 0 0 0 0 0 0 0 0 0 0 0 0 0 0 0 0 0 0 0 0 0 0 0 0 0 0 0 0 0 0 0 0 0 0 0 0 0 0 0 0 0 0 0 0 0 0 0 0 0 0 0 0 0 0 0 0 0 0 0 0 0 data 20 0x10002 0x5468 0xb0007 0x45b2 0x38 0xeb6 0x110003 0xeb6 0x18 0x0 0x0 0x0 0x0 0x0 0x0 0x9 0x3 0x6 0x0 0x0 oops 0 methods 0
ciMethodData java/lang/ref/Reference refersTo (Ljava/lang/Object;)Z 2 8051 orig 80 0 0 0 0 0 0 0 0 0 0 0 0 248 127 0 0 0 0 0 0 0 0 0 0 0 0 0 0 0 0 0 0 0 0 0 0 0 0 0 0 0 0 0 0 0 0 0 0 0 0 0 0 0 0 0 0 0 0 0 0 0 0 0 0 0 0 0 0 0 0 0 0 0 0 0 0 0 0 0 0 data 17 0x20005 0x167 0x0 0x18be9617180 0xfac 0x18be9617230 0xd60 0x0 0x0 0x0 0x0 0x0 0x0 0x9 0x2 0xffffffffffffffff 0xffffffffffffffff oops 2 3 java/util/WeakHashMap$Entry 5 java/lang/ThreadLocal$ThreadLocalMap$Entry methods 0
ciMethodData java/lang/Integer valueOf (I)Ljava/lang/Integer; 2 4915 orig 80 0 0 0 0 0 0 0 0 0 0 0 0 248 127 0 0 0 0 0 0 0 0 0 0 0 0 0 0 0 0 0 0 0 0 0 0 0 0 0 0 0 0 0 0 0 0 0 0 0 0 0 0 0 0 0 0 0 0 0 0 0 0 0 0 0 0 0 0 0 0 0 0 0 0 0 0 0 0 0 0 data 17 0x30007 0x2fe 0x40 0xefd 0xa0007 0x3ad 0x20 0xb50 0x1c0002 0x6ab 0x0 0x0 0x0 0x0 0x9 0x1 0x0 oops 0 methods 0
ciMethodData java/lang/Integer <init> (I)V 2 1990 orig 80 0 0 0 0 0 0 0 0 0 0 0 0 248 127 0 0 0 0 0 0 0 0 0 0 0 0 0 0 0 0 0 0 0 0 0 0 0 0 0 0 0 0 0 0 0 0 0 0 0 0 0 0 0 0 0 0 0 0 0 0 0 0 0 0 0 0 0 0 0 0 0 0 0 0 0 0 0 0 0 0 data 10 0x10002 0x6ab 0x0 0x0 0x0 0x0 0x9 0x2 0x6 0x0 oops 0 methods 0
ciMethodData java/lang/Number <init> ()V 2 5443 orig 80 0 0 0 0 0 0 0 0 0 0 0 0 248 127 0 0 0 0 0 0 0 0 0 0 0 0 0 0 0 0 0 0 0 0 0 0 0 0 0 0 0 0 0 0 0 0 0 0 0 0 0 0 0 0 0 0 0 0 0 0 0 0 0 0 0 0 0 0 0 0 0 0 0 0 0 0 0 0 0 0 data 7 0x10002 0x1412 0x0 0x0 0x9 0x1 0x0 oops 0 methods 0
ciMethodData java/security/AccessController doPrivileged (Ljava/security/PrivilegedAction;)Ljava/lang/Object; 2 1721 orig 80 0 0 0 0 0 0 0 0 0 0 0 0 248 127 0 0 0 0 0 0 0 0 0 0 0 0 0 0 0 0 0 0 0 0 0 0 0 0 0 0 0 0 0 0 0 0 0 0 0 0 0 0 0 0 0 0 0 0 0 0 0 0 0 0 0 0 0 0 0 0 0 0 0 0 0 0 0 0 0 0 data 13 0x20002 0x697 0x50002 0x697 0x0 0x0 0x0 0x0 0x0 0x0 0x9 0x1 0x0 oops 0 methods 0
ciMethodData java/security/AccessController executePrivileged (Ljava/security/PrivilegedAction;Ljava/security/AccessControlContext;Ljava/lang/Class;)Ljava/lang/Object; 2 2225 orig 80 0 0 0 0 0 0 0 0 0 0 0 0 248 127 0 0 0 0 0 0 0 0 0 0 0 0 0 0 0 0 0 0 0 0 0 0 0 0 0 0 0 0 0 0 0 0 0 0 0 0 0 0 0 0 0 0 0 0 0 0 0 0 0 0 0 0 0 0 0 0 0 0 0 0 0 0 0 0 0 0 data 52 0x10007 0x697 0x30 0x1f8 0x50002 0x1f8 0xb0007 0x88f 0x60 0x0 0xe0002 0x0 0x110007 0x0 0x30 0x0 0x180002 0x0 0x1d0005 0x522 0x0 0x18be6807f20 0x4 0x18be6807fd0 0x1 0x260007 0x88f 0x60 0x0 0x290002 0x0 0x2c0007 0x0 0x30 0x0 0x330002 0x0 0x380002 0x88f 0x3c0002 0x88f 0x0 0x0 0x0 0x0 0x0 0x0 0x9 0x3 0x0 0x0 0x0 oops 2 21 sun/security/action/GetBooleanAction 23 sun/util/calendar/ZoneInfoFile$1 methods 0
ciMethodData java/util/Arrays equals ([Ljava/lang/Object;[Ljava/lang/Object;)Z 2 66367 orig 80 2 0 0 0 0 0 0 0 0 0 0 0 248 127 0 0 0 0 0 0 0 0 0 0 0 0 0 0 0 0 0 0 0 0 0 0 0 0 0 2 0 0 0 0 0 0 0 0 0 0 0 0 0 0 0 0 0 0 0 0 0 0 0 0 0 0 0 0 0 0 0 0 0 0 0 0 0 0 0 0 data 39 0x20007 0x1706 0x20 0x802 0x80007 0x0 0x40 0x1706 0xc0007 0x1706 0x20 0x0 0x8000000600170007 0x16d3 0x20 0x34 0x200007 0x16c7 0x68 0x10163 0x290002 0x10163 0x80000006002c0007 0x10157 0x20 0xd 0x340003 0x10157 0xffffffffffffffb0 0x0 0x0 0x0 0x0 0x0 0x0 0x9 0x2 0x0 0x0 oops 0 methods 0
ciMethodData java/lang/reflect/Modifier isStatic (I)Z 2 6012 orig 80 0 0 0 0 0 0 0 0 0 0 0 0 248 127 0 0 0 0 0 0 0 0 0 0 0 0 0 0 0 0 0 0 0 0 0 0 0 0 0 0 0 0 0 0 0 0 0 0 0 0 0 0 0 0 0 0 0 0 0 0 0 0 0 0 0 0 0 0 0 0 0 0 0 0 0 0 0 0 0 0 data 11 0x40007 0xf8c 0x38 0x66e 0x80003 0x66e 0x18 0x0 0x9 0x1 0x0 oops 0 methods 0
ciMethodData java/lang/ref/SoftReference get ()Ljava/lang/Object; 2 10676 orig 80 0 0 0 0 0 0 0 0 0 0 0 0 248 127 0 0 0 0 0 0 0 0 0 0 0 0 0 0 0 0 0 0 0 0 0 0 0 0 0 0 0 0 0 0 0 0 0 0 0 0 0 0 0 0 0 0 0 0 0 0 0 0 0 0 0 0 0 0 0 0 0 0 0 0 0 0 0 0 0 0 data 19 0x10002 0x28b4 0x60007 0x15 0x40 0x289f 0x110007 0x2774 0x20 0x12b 0x0 0x0 0x0 0x0 0x0 0x0 0x9 0x1 0x0 oops 0 methods 0
ciMethodData java/util/concurrent/ConcurrentHashMap computeIfAbsent (Ljava/lang/Object;Ljava/util/function/Function;)Ljava/lang/Object; 2 5682 orig 80 0 0 0 0 0 0 0 0 0 0 0 0 248 127 0 0 0 0 0 0 0 0 0 0 0 0 0 0 0 0 0 0 0 0 0 0 0 0 0 0 0 0 0 0 0 0 0 0 0 0 0 0 0 0 0 0 0 0 0 0 0 0 0 0 0 0 0 0 0 0 0 0 0 0 0 0 0 0 0 0 data 316 0x10007 0x0 0x40 0x1532 0x50007 0x1532 0x30 0x0 0xc0002 0x0 0x110005 0x81b 0x0 0x18be9613b40 0xd10 0x18be9613bf0 0x7 0x140002 0x1532 0x260007 0x11 0x40 0x1532 0x2f0007 0x1532 0x70 0x0 0x330005 0x11 0x0 0x0 0x0 0x0 0x0 0x380003 0x11 0x7d8 0x460002 0x1532 0x4c0007 0x12b9 0x168 0x279 0x530002 0x279 0x650002 0x279 0x680007 0x0 0xc0 0x279 0x730005 0x24d 0x0 0x18be9613ca0 0x2a 0x18be9613d50 0x2 0x7b0007 0x0 0x30 0x279 0x860002 0x279 0x910002 0x279 0x940003 0x279 0x28 0x9f0002 0x0 0xa80003 0x279 0x18 0xb50007 0x0 0x38 0x279 0xb80003 0x279 0x690 0xbb0003 0x0 0x660 0xc70007 0x12b7 0x70 0x0 0xcf0005 0x0 0x0 0x0 0x0 0x0 0x0 0xd40003 0x0 0x5f0 0xda0007 0x2c6 0xd8 0xff2 0xe60007 0x224 0x98 0xdce 0xeb0007 0x0 0x98 0xdce 0xf10005 0x295 0x0 0x18be9613b40 0xb37 0x18be9613bf0 0x2 0xf40007 0x1 0x40 0xdcc 0xff0007 0x0 0x20 0xff0 0x1120002 0x2c7 0x1170007 0x0 0x440 0x2c7 0x11c0007 0x0 0x1f0 0x2c7 0x12c0007 0x312 0xd0 0x224 0x1380007 0x69 0x98 0x1bb 0x13d0007 0x0 0x90 0x1bb 0x1430005 0x1b 0x0 0x18be9613b40 0x19e 0x18be9613bf0 0x2 0x1460007 0x1 0x38 0x1ba 0x1500003 0x223 0x100 0x15f0007 0x26f 0xd0 0xa4 0x1640005 0x91 0x0 0x18be9613ca0 0x10 0x18be9613d50 0x3 0x16c0007 0x0 0x90 0xa4 0x1740007 0xa4 0x30 0x0 0x17d0002 0x0 0x18e0002 0xa4 0x1940003 0xa4 0x30 0x19a0003 0x26f 0xfffffffffffffe60 0x19d0003 0x2c7 0x248 0x1a20004 0x0 0x0 0x0 0x0 0x0 0x0 0x1a50007 0x0 0x190 0x0 0x1ad0004 0x0 0x0 0x0 0x0 0x0 0x0 0x1ba0007 0x0 0x90 0x0 0x1c20005 0x0 0x0 0x0 0x0 0x0 0x0 0x1c80007 0x0 0x38 0x0 0x1d20003 0x0 0xa8 0x1d70005 0x0 0x0 0x0 0x0 0x0 0x0 0x1df0007 0x0 0x58 0x0 0x1eb0005 0x0 0x0 0x0 0x0 0x0 0x0 0x1ef0003 0x0 0x80 0x1f40004 0x0 0x0 0x0 0x0 0x0 0x0 0x1f70007 0x0 0x30 0x0 0x2000002 0x0 0x2070003 0x2c7 0x18 0x2140007 0x0 0x98 0x2c7 0x21b0007 0x2c7 0x58 0x0 0x2230005 0x0 0x0 0x0 0x0 0x0 0x0 0x2280007 0xa4 0x38 0x223 0x22e0003 0x11 0xfffffffffffff7b0 0x2330007 0x0 0x58 0x31d 0x23a0005 0x31d 0x0 0x0 0x0 0x0 0x0 0x0 0x0 0x0 0x0 0x0 0x0 0x0 0x0 0x0 0x0 0x0 0x0 0x9 0x3 0x0 0x0 0x0 oops 10 13 java/security/SecureClassLoader$CodeSourceKey 15 java/lang/WeakPairMap$Pair$Weak 54 java/security/SecureClassLoader$1 56 java/lang/WeakPairMap$$Lambda$48+0x0000018ba10c62b8 113 java/security/SecureClassLoader$CodeSourceKey 115 java/lang/WeakPairMap$Pair$Weak 150 java/security/SecureClassLoader$CodeSourceKey 152 java/lang/WeakPairMap$Pair$Weak 168 java/security/SecureClassLoader$1 170 java/lang/WeakPairMap$$Lambda$48+0x0000018ba10c62b8 methods 0
ciMethod java/lang/invoke/MethodHandle linkToSpecial (Ljava/lang/Object;Ljava/lang/Object;Ljava/lang/Object;ILjava/lang/Object;ILjava/lang/invoke/MemberName;)V 0 0 1 0 -1
ciMethod java/lang/invoke/MethodHandle invokeBasic (Ljava/lang/Object;Ljava/lang/Object;ILjava/lang/Object;I)Ljava/lang/Object; 0 0 1 0 -1
ciMethodData java/lang/invoke/Invokers$Holder linkToTargetMethod (Ljava/lang/Object;)Ljava/lang/Object; 2 27126 orig 80 0 0 0 0 0 0 0 0 0 0 0 0 248 127 0 0 0 0 0 0 0 0 0 0 0 0 0 0 0 0 0 0 0 0 0 0 0 0 0 0 0 0 0 0 0 0 0 0 0 0 0 0 0 0 0 0 0 0 0 0 0 0 0 0 0 0 0 0 0 0 0 0 0 0 0 0 0 0 0 0 data 29 0x10004 0x0 0x0 0x18be5e6dde0 0x1807 0x0 0x0 0x4000b 0x68de 0x0 0x0 0x0 0x0 0x0 0x1 0x2 0x0 0x0 0x0 0x0 0x0 0x0 0x9 0x1 0x0 0xc 0x2 0x0 0x18be5e6dde0 oops 2 3 java/lang/invoke/BoundMethodHandle$Species_L 28 java/lang/invoke/BoundMethodHandle$Species_L methods 0
ciMethod sun/reflect/generics/visitor/Reifier make (Lsun/reflect/generics/factory/GenericsFactory;)Lsun/reflect/generics/visitor/Reifier; 638 0 2461 0 -1
ciMethod sun/reflect/generics/visitor/Reifier getResult ()Ljava/lang/reflect/Type; 638 0 2417 0 -1
ciMethod java/lang/reflect/GenericArrayType getGenericComponentType ()Ljava/lang/reflect/Type; 0 0 1 0 -1
ciMethodData java/lang/Class reflectionData ()Ljava/lang/Class$ReflectionData; 2 6240 orig 80 0 0 0 0 0 0 0 0 0 0 0 0 248 127 0 0 0 0 0 0 0 0 0 0 0 0 0 0 0 0 0 0 0 0 0 0 0 0 0 0 0 0 0 0 0 0 0 0 0 0 0 0 0 0 0 0 0 0 0 0 0 0 0 0 0 0 0 0 0 0 0 0 0 0 0 0 0 0 0 0 data 42 0xb0007 0x1a1 0xd0 0xe94 0xf0005 0x0 0x0 0x18b9f169b80 0xe94 0x0 0x0 0x120004 0x0 0x0 0x18be9601b40 0xe94 0x0 0x0 0x170007 0x0 0x40 0xe94 0x1f0007 0x0 0x20 0xe94 0x270005 0x1a1 0x0 0x0 0x0 0x0 0x0 0x0 0x0 0x0 0x0 0x0 0x0 0x9 0x1 0xffffffffffffffff oops 2 7 java/lang/ref/SoftReference 14 java/lang/Class$ReflectionData methods 0
ciMethodData java/lang/Class newReflectionData (Ljava/lang/ref/SoftReference;I)Ljava/lang/Class$ReflectionData; 1 1014 orig 80 0 0 0 0 0 0 0 0 0 0 0 0 248 127 0 0 0 0 0 0 0 0 0 0 0 0 0 0 0 0 0 0 0 0 0 0 0 0 0 0 0 0 0 0 0 0 0 0 0 0 0 0 0 0 0 0 0 0 0 0 0 0 0 0 0 0 0 0 0 0 0 0 0 0 0 0 0 0 0 0 data 50 0x50002 0x38d 0x100002 0x38d 0x130002 0x38d 0x160007 0x0 0x20 0x38d 0x260007 0x0 0xd0 0x0 0x2a0005 0x0 0x0 0x0 0x0 0x0 0x0 0x2d0004 0x0 0x0 0x0 0x0 0x0 0x0 0x320007 0x0 0x40 0x0 0x3a0007 0x0 0x20 0x0 0x3f0003 0x0 0xfffffffffffffee0 0x0 0x0 0x0 0x0 0x0 0x0 0x9 0x3 0xffffffffffffffff 0xffffffffffffffff 0x0 oops 0 methods 0
ciMethod sun/reflect/generics/repository/ClassRepository make (Ljava/lang/String;Lsun/reflect/generics/factory/GenericsFactory;)Lsun/reflect/generics/repository/ClassRepository; 210 0 125 0 -1
ciMethod sun/reflect/generics/repository/GenericDeclRepository getTypeParameters ()[Ljava/lang/reflect/TypeVariable; 258 0 301 0 0
ciMethod sun/reflect/generics/repository/GenericDeclRepository computeTypeParameters ()[Ljava/lang/reflect/TypeVariable; 34 38 87 0 0
ciMethod sun/reflect/generics/repository/AbstractRepository getFactory ()Lsun/reflect/generics/factory/GenericsFactory; 260 0 130 0 -1
ciMethod sun/reflect/generics/repository/AbstractRepository getTree ()Lsun/reflect/generics/tree/Tree; 258 0 129 0 -1
ciMethod sun/reflect/generics/repository/AbstractRepository getReifier ()Lsun/reflect/generics/visitor/Reifier; 328 0 242 0 -1
ciMethod sun/reflect/generics/tree/FormalTypeParameter accept (Lsun/reflect/generics/visitor/TypeTreeVisitor;)V 78 0 39 0 -1
ciMethod sun/reflect/generics/tree/Signature getFormalTypeParameters ()[Lsun/reflect/generics/tree/FormalTypeParameter; 0 0 1 0 -1
ciMethod java/lang/reflect/TypeVariable getBounds ()[Ljava/lang/reflect/Type; 0 0 1 0 -1
ciMethod java/lang/reflect/ParameterizedType getActualTypeArguments ()[Ljava/lang/reflect/Type; 0 0 1 0 -1
ciMethod java/lang/reflect/ParameterizedType getRawType ()Ljava/lang/reflect/Type; 0 0 1 0 -1
ciMethod java/lang/reflect/WildcardType getUpperBounds ()[Ljava/lang/reflect/Type; 0 0 1 0 -1
ciMethod java/lang/reflect/WildcardType getLowerBounds ()[Ljava/lang/reflect/Type; 0 0 1 0 -1
ciMethodData jdk/internal/access/SharedSecrets getJavaLangAccess ()Ljdk/internal/access/JavaLangAccess; 2 12212 orig 80 0 0 0 0 0 0 0 0 0 0 0 0 248 127 0 0 0 0 0 0 0 0 0 0 0 0 0 0 0 0 0 0 0 0 0 0 0 0 0 0 0 0 0 0 0 0 0 0 0 0 0 0 0 0 0 0 0 0 0 0 0 0 0 0 0 0 0 0 0 0 0 0 0 0 0 0 0 0 0 0 data 4 0x0 0x0 0x9 0x0 oops 0 methods 0
ciMethodData java/lang/invoke/DirectMethodHandle allocateInstance (Ljava/lang/Object;)Ljava/lang/Object; 2 45364 orig 80 0 0 0 0 0 0 0 0 0 0 0 0 248 127 0 0 0 0 0 0 0 0 0 0 0 0 0 0 0 0 0 0 0 0 0 0 0 0 0 0 0 0 0 0 0 0 0 0 0 0 0 0 0 0 0 0 0 0 0 0 0 0 0 0 0 0 0 0 0 0 0 0 0 0 0 0 0 0 0 0 data 23 0x10004 0x0 0x0 0x18be8208690 0x27bc 0x0 0x0 0xc0005 0xb034 0x0 0x0 0x0 0x0 0x0 0x0 0x0 0x0 0x0 0x0 0x0 0x9 0x1 0x0 oops 1 3 java/lang/invoke/DirectMethodHandle$Constructor methods 0
ciMethodData java/lang/invoke/DirectMethodHandle constructorMethod (Ljava/lang/Object;)Ljava/lang/Object; 2 45364 orig 80 0 0 0 0 0 0 0 0 0 0 0 0 248 127 0 0 0 0 0 0 0 0 0 0 0 0 0 0 0 0 0 0 0 0 0 0 0 0 0 0 0 0 0 0 0 0 0 0 0 0 0 0 0 0 0 0 0 0 0 0 0 0 0 0 0 0 0 0 0 0 0 0 0 0 0 0 0 0 0 0 data 16 0x10004 0x0 0x0 0x18be8208690 0x27b9 0x0 0x0 0x0 0x0 0x0 0x0 0x0 0x0 0x9 0x1 0x0 oops 1 3 java/lang/invoke/DirectMethodHandle$Constructor methods 0
ciMethodData java/lang/reflect/AccessibleObject checkAccess (Ljava/lang/Class;Ljava/lang/Class;Ljava/lang/Class;I)V 1 620 orig 80 0 0 0 0 0 0 0 0 0 0 0 0 248 127 0 0 0 0 0 0 0 0 0 0 0 0 0 0 0 0 0 0 0 0 0 0 0 0 0 0 0 0 0 0 0 0 0 0 0 0 0 0 0 0 0 0 0 0 0 0 0 0 0 0 0 0 0 0 0 0 0 0 0 0 0 0 0 0 0 0 data 39 0x60005 0x1c9 0x0 0x0 0x0 0x0 0x0 0x90007 0x1c9 0x98 0x0 0x110002 0x0 0x160002 0x0 0x190007 0x0 0x58 0x0 0x210005 0x0 0x0 0x0 0x0 0x0 0x0 0x0 0x0 0x0 0x0 0x0 0x0 0x9 0x5 0x4 0xffffffffffffffff 0xffffffffffffffff 0xffffffffffffffff 0x0 oops 0 methods 0
ciMethod java/lang/invoke/LambdaForm$MH+0x0000018ba1000400 invoke (Ljava/lang/Object;)Ljava/lang/Object; 866 0 27272 0 -1
ciMethodData java/lang/invoke/LambdaForm$MH+0x0000018ba1000400 invoke (Ljava/lang/Object;)Ljava/lang/Object; 2 27272 orig 80 0 0 0 0 0 0 0 0 0 0 0 0 248 127 0 0 0 0 0 0 0 0 0 0 0 0 0 0 0 0 0 0 0 0 0 0 0 0 0 0 0 0 0 0 0 0 0 0 0 0 0 0 0 0 0 0 0 0 0 0 0 0 0 0 0 0 0 0 0 0 0 0 0 0 0 0 0 0 0 0 data 20 0x10004 0x0 0x0 0x18be5e6dde0 0x1800 0x0 0x0 0x0 0x0 0x0 0x0 0x0 0x0 0x9 0x1 0x0 0xc 0x2 0x0 0x18be5e6dde0 oops 2 3 java/lang/invoke/BoundMethodHandle$Species_L 19 java/lang/invoke/BoundMethodHandle$Species_L methods 0
ciMethod org/springframework/beans/factory/BeanFactory isTypeMatch (Ljava/lang/String;Lorg/springframework/core/ResolvableType;)Z 0 0 1 0 -1
ciMethod org/apache/commons/logging/Log info (Ljava/lang/Object;Ljava/lang/Throwable;)V 0 0 1 0 -1
ciMethod org/springframework/util/Assert state (ZLjava/lang/String;)V 456 0 6146 0 0
ciMethod org/springframework/util/Assert notNull (Ljava/lang/Object;Ljava/lang/String;)V 4210 0 90364 0 96
ciMethod org/springframework/util/ClassUtils isAssignable (Ljava/lang/Class;Ljava/lang/Class;)Z 520 0 5430 0 224
ciMethod org/springframework/util/ClassUtils getUserClass (Ljava/lang/Object;)Ljava/lang/Class; 0 0 10 0 0
ciMethod org/springframework/util/ClassUtils getUserClass (Ljava/lang/Class;)Ljava/lang/Class; 1016 0 755 0 -1
ciMethod org/springframework/util/ConcurrentReferenceHashMap getLoadFactor ()F 256 0 128 0 -1
ciMethod org/springframework/util/ConcurrentReferenceHashMap getHash (Ljava/lang/Object;)I 520 0 5390 0 288
ciMethod org/springframework/util/ConcurrentReferenceHashMap get (Ljava/lang/Object;)Ljava/lang/Object; 512 0 6928 0 320
ciMethod org/springframework/util/ConcurrentReferenceHashMap getReference (Ljava/lang/Object;Lorg/springframework/util/ConcurrentReferenceHashMap$Restructure;)Lorg/springframework/util/ConcurrentReferenceHashMap$Reference; 512 0 5745 0 3584
ciMethod org/springframework/util/ConcurrentReferenceHashMap put (Ljava/lang/Object;Ljava/lang/Object;)Ljava/lang/Object; 202 0 1858 0 0
ciMethod org/springframework/util/ConcurrentReferenceHashMap put (Ljava/lang/Object;Ljava/lang/Object;Z)Ljava/lang/Object; 218 0 2064 0 0
ciMethod org/springframework/util/ConcurrentReferenceHashMap purgeUnreferencedEntries ()V 140 2240 633 0 0
ciMethod org/springframework/util/ConcurrentReferenceHashMap doTask (Ljava/lang/Object;Lorg/springframework/util/ConcurrentReferenceHashMap$Task;)Ljava/lang/Object; 478 0 2064 0 0
ciMethod org/springframework/util/ConcurrentReferenceHashMap getSegmentForHash (I)Lorg/springframework/util/ConcurrentReferenceHashMap$Segment; 524 0 7806 0 0
ciMethod org/springframework/util/ConcurrentReferenceHashMap$Task <init> (Lorg/springframework/util/ConcurrentReferenceHashMap;[Lorg/springframework/util/ConcurrentReferenceHashMap$TaskOption;)V 478 0 2064 0 0
ciMethod org/springframework/util/ConcurrentReferenceHashMap$Task hasOption (Lorg/springframework/util/ConcurrentReferenceHashMap$TaskOption;)Z 512 0 8264 0 0
ciMethod org/springframework/util/ConcurrentReferenceHashMap$Task execute (Lorg/springframework/util/ConcurrentReferenceHashMap$Reference;Lorg/springframework/util/ConcurrentReferenceHashMap$Entry;Lorg/springframework/util/ConcurrentReferenceHashMap$Entries;)Ljava/lang/Object; 0 0 1 0 -1
ciMethod org/springframework/util/ConcurrentReferenceHashMap$1 <init> (Lorg/springframework/util/ConcurrentReferenceHashMap;[Lorg/springframework/util/ConcurrentReferenceHashMap$TaskOption;ZLjava/lang/Object;)V 478 0 2064 0 0
ciMethod org/springframework/util/ConcurrentReferenceHashMap$1 execute (Lorg/springframework/util/ConcurrentReferenceHashMap$Reference;Lorg/springframework/util/ConcurrentReferenceHashMap$Entry;Lorg/springframework/util/ConcurrentReferenceHashMap$Entries;)Ljava/lang/Object; 512 0 2068 0 0
ciMethod org/springframework/util/ConcurrentReferenceHashMap$Segment getReference (Ljava/lang/Object;ILorg/springframework/util/ConcurrentReferenceHashMap$Restructure;)Lorg/springframework/util/ConcurrentReferenceHashMap$Reference; 512 0 5745 0 -1
ciMethod org/springframework/util/ConcurrentReferenceHashMap$Segment doTask (ILjava/lang/Object;Lorg/springframework/util/ConcurrentReferenceHashMap$Task;)Ljava/lang/Object; 512 0 2066 0 0
ciMethod org/springframework/util/ConcurrentReferenceHashMap$Segment restructureIfNecessary (Z)V 526 0 5384 0 1184
ciMethod org/springframework/util/ConcurrentReferenceHashMap$Segment restructure (ZLorg/springframework/util/ConcurrentReferenceHashMap$Reference;)V 0 0 422 0 0
ciMethod org/springframework/util/ConcurrentReferenceHashMap$Segment findInChain (Lorg/springframework/util/ConcurrentReferenceHashMap$Reference;Ljava/lang/Object;I)Lorg/springframework/util/ConcurrentReferenceHashMap$Reference; 514 50 6407 0 832
ciMethod org/springframework/util/ConcurrentReferenceHashMap$Segment createReferenceArray (I)[Lorg/springframework/util/ConcurrentReferenceHashMap$Reference; 518 0 1062 0 -1
ciMethod org/springframework/util/ConcurrentReferenceHashMap$Segment getIndex (I[Lorg/springframework/util/ConcurrentReferenceHashMap$Reference;)I 512 0 9949 0 0
ciMethod org/springframework/util/ConcurrentReferenceHashMap$Segment lambda$doTask$0 (Ljava/lang/Object;ILorg/springframework/util/ConcurrentReferenceHashMap$Reference;ILjava/lang/Object;)V 514 0 2069 0 0
ciMethod org/springframework/util/ConcurrentReferenceHashMap$ReferenceManager createReference (Lorg/springframework/util/ConcurrentReferenceHashMap$Entry;ILorg/springframework/util/ConcurrentReferenceHashMap$Reference;)Lorg/springframework/util/ConcurrentReferenceHashMap$Reference; 772 0 4452 0 0
ciMethod org/springframework/util/ConcurrentReferenceHashMap$ReferenceManager pollForPurge ()Lorg/springframework/util/ConcurrentReferenceHashMap$Reference; 532 0 5384 0 0
ciMethod org/springframework/util/ConcurrentReferenceHashMap$Reference get ()Lorg/springframework/util/ConcurrentReferenceHashMap$Entry; 0 0 1 0 -1
ciMethod org/springframework/util/ConcurrentReferenceHashMap$Reference getHash ()I 0 0 1 0 -1
ciMethod org/springframework/util/ConcurrentReferenceHashMap$Reference getNext ()Lorg/springframework/util/ConcurrentReferenceHashMap$Reference; 0 0 1 0 -1
ciMethod org/springframework/util/ConcurrentReferenceHashMap$Entries add (Ljava/lang/Object;)V 0 0 1 0 -1
ciMethod org/springframework/util/ConcurrentReferenceHashMap$Segment$$Lambda$22+0x0000018ba1026e90 <init> (Lorg/springframework/util/ConcurrentReferenceHashMap$Segment;Ljava/lang/Object;ILorg/springframework/util/ConcurrentReferenceHashMap$Reference;I)V 512 0 2067 0 0
ciMethod org/springframework/util/ConcurrentReferenceHashMap$Segment$$Lambda$22+0x0000018ba1026e90 add (Ljava/lang/Object;)V 514 0 2069 0 0
ciMethod org/springframework/util/ConcurrentReferenceHashMap$Entry <init> (Ljava/lang/Object;Ljava/lang/Object;)V 768 0 2069 0 0
ciMethod org/springframework/util/ConcurrentReferenceHashMap$Entry getKey ()Ljava/lang/Object; 260 0 130 0 0
ciMethod org/springframework/util/ConcurrentReferenceHashMap$Entry getValue ()Ljava/lang/Object; 260 0 130 0 0
ciMethod org/springframework/util/ConcurrentReferenceHashMap$Entry setValue (Ljava/lang/Object;)Ljava/lang/Object; 2 0 1 0 -1
ciMethod org/springframework/util/ConcurrentReferenceHashMap$SoftEntryReference <init> (Lorg/springframework/util/ConcurrentReferenceHashMap$Entry;ILorg/springframework/util/ConcurrentReferenceHashMap$Reference;Ljava/lang/ref/ReferenceQueue;)V 772 0 4456 0 0
ciMethod org/springframework/util/ConcurrentReferenceHashMap$SoftEntryReference getHash ()I 284 0 142 0 0
ciMethod org/springframework/util/ConcurrentReferenceHashMap$SoftEntryReference getNext ()Lorg/springframework/util/ConcurrentReferenceHashMap$Reference; 258 0 129 0 0
ciMethod org/springframework/util/ConcurrentReferenceHashMap$SoftEntryReference get ()Lorg/springframework/util/ConcurrentReferenceHashMap$Entry; 526 0 12781 0 0
ciMethod java/lang/invoke/LambdaForm$DMH+0x0000018ba1024800 newInvokeSpecial (Ljava/lang/Object;Ljava/lang/Object;Ljava/lang/Object;ILjava/lang/Object;I)Ljava/lang/Object; 512 0 2067 0 -1
ciMethodData java/lang/invoke/LambdaForm$DMH+0x0000018ba1024800 newInvokeSpecial (Ljava/lang/Object;Ljava/lang/Object;Ljava/lang/Object;ILjava/lang/Object;I)Ljava/lang/Object; 2 2067 orig 80 0 0 0 0 0 0 0 0 0 0 0 0 248 127 0 0 0 0 0 0 0 0 0 0 0 0 0 0 0 0 0 0 0 0 0 0 0 0 0 0 0 0 0 0 0 0 0 0 0 0 0 0 0 0 0 0 0 0 0 0 0 0 0 0 0 0 0 0 0 0 0 0 0 0 0 0 0 0 0 0 data 46 0x1000a 0x713 0x3 0x0 0x18be8208690 0x18be8fc86a0 0x7000a 0x713 0x3 0x0 0x18be8208690 0x18b9f16ace0 0x170004 0x0 0x0 0x18b9f16ace0 0x2 0x0 0x0 0x1a000a 0x713 0x4 0x0 0x18be8fc86a0 0x1 0x18be7e1ca20 0x0 0x0 0x0 0x0 0x0 0x0 0x9 0x6 0x0 0x0 0x0 0x0 0x0 0x0 0xc 0x4 0x0 0x18be8208690 0x1 0x18be7e1ca20 oops 9 4 java/lang/invoke/DirectMethodHandle$Constructor 5 org/springframework/util/ConcurrentReferenceHashMap$Segment$$Lambda$22+0x0000018ba1026e90 10 java/lang/invoke/DirectMethodHandle$Constructor 11 java/lang/invoke/MemberName 15 java/lang/invoke/MemberName 23 org/springframework/util/ConcurrentReferenceHashMap$Segment$$Lambda$22+0x0000018ba1026e90 25 org/springframework/util/ConcurrentReferenceHashMap$Segment 43 java/lang/invoke/DirectMethodHandle$Constructor 45 org/springframework/util/ConcurrentReferenceHashMap$Segment methods 0
ciMethod java/lang/invoke/LambdaForm$MH+0x0000018ba1025000 linkToTargetMethod (Ljava/lang/Object;Ljava/lang/Object;ILjava/lang/Object;ILjava/lang/Object;)Ljava/lang/Object; 512 0 2066 0 -1
ciMethodData java/lang/invoke/LambdaForm$MH+0x0000018ba1025000 linkToTargetMethod (Ljava/lang/Object;Ljava/lang/Object;ILjava/lang/Object;ILjava/lang/Object;)Ljava/lang/Object; 2 2067 orig 80 0 0 0 0 0 0 0 0 0 0 0 0 248 127 0 0 0 0 0 0 0 0 0 0 0 0 0 0 0 0 0 0 0 0 0 0 0 0 0 0 0 0 0 0 0 0 0 0 0 0 0 0 0 0 0 0 0 0 0 0 0 0 0 0 0 0 0 0 0 0 0 0 0 0 0 0 0 0 0 0 data 40 0x20004 0x0 0x0 0x18be8208690 0x2 0x0 0x0 0xb000b 0x713 0x0 0x0 0x0 0x0 0x0 0x5 0x1 0x18be7e1ca20 0x2 0x2 0x18be8fc86a0 0x0 0x0 0x0 0x0 0x0 0x0 0x9 0x6 0x0 0x0 0x0 0x0 0x0 0x0 0xc 0x4 0x0 0x18be7e1ca20 0x1 0x2 oops 4 3 java/lang/invoke/DirectMethodHandle$Constructor 16 org/springframework/util/ConcurrentReferenceHashMap$Segment 19 org/springframework/util/ConcurrentReferenceHashMap$Segment$$Lambda$22+0x0000018ba1026e90 37 org/springframework/util/ConcurrentReferenceHashMap$Segment methods 0
ciMethod org/springframework/util/ObjectUtils nullSafeEquals (Ljava/lang/Object;Ljava/lang/Object;)Z 282 0 14501 0 288
ciMethod org/springframework/util/ObjectUtils arrayEquals (Ljava/lang/Object;Ljava/lang/Object;)Z 0 0 558 0 -1
ciMethod org/springframework/util/ObjectUtils nullSafeHashCode (Ljava/lang/Object;)I 516 0 3561 0 0
ciMethod org/springframework/core/ResolvableType <init> (Ljava/lang/reflect/Type;Lorg/springframework/core/SerializableTypeWrapper$TypeProvider;Lorg/springframework/core/ResolvableType$VariableResolver;)V 140 0 633 0 0
ciMethod org/springframework/core/ResolvableType <init> (Ljava/lang/reflect/Type;Lorg/springframework/core/SerializableTypeWrapper$TypeProvider;Lorg/springframework/core/ResolvableType$VariableResolver;Ljava/lang/Integer;)V 134 0 186 0 0
ciMethod org/springframework/core/ResolvableType <init> (Ljava/lang/reflect/Type;Lorg/springframework/core/ResolvableType;Lorg/springframework/core/SerializableTypeWrapper$TypeProvider;Lorg/springframework/core/ResolvableType$VariableResolver;)V 384 0 3256 0 0
ciMethod org/springframework/core/ResolvableType <init> (Ljava/lang/Class;)V 542 0 1148 0 0
ciMethod org/springframework/core/ResolvableType toClass ()Ljava/lang/Class; 770 0 2015 0 0
ciMethod org/springframework/core/ResolvableType isInstance (Ljava/lang/Object;)Z 288 0 2212 0 0
ciMethod org/springframework/core/ResolvableType isAssignableFrom (Ljava/lang/Class;)Z 580 0 309 0 0
ciMethod org/springframework/core/ResolvableType isAssignableFrom (Lorg/springframework/core/ResolvableType;)Z 536 0 268 0 0
ciMethod org/springframework/core/ResolvableType isAssignableFrom (Lorg/springframework/core/ResolvableType;ZLjava/util/Map;Z)Z 680 0 801 0 0
ciMethod org/springframework/core/ResolvableType isArray ()Z 512 0 2680 0 -1
ciMethod org/springframework/core/ResolvableType getComponentType ()Lorg/springframework/core/ResolvableType; 0 0 26 0 -1
ciMethod org/springframework/core/ResolvableType as (Ljava/lang/Class;)Lorg/springframework/core/ResolvableType; 768 4 1749 0 -1
ciMethod org/springframework/core/ResolvableType hasGenerics ()Z 540 0 2459 0 0
ciMethod org/springframework/core/ResolvableType isUnresolvableTypeVariable ()Z 1024 0 3717 0 -1
ciMethod org/springframework/core/ResolvableType isWildcardWithoutBounds ()Z 0 0 1 0 -1
ciMethod org/springframework/core/ResolvableType getGeneric ([I)Lorg/springframework/core/ResolvableType; 470 254 422 0 0
ciMethod org/springframework/core/ResolvableType getGenerics ()[Lorg/springframework/core/ResolvableType; 778 604 1213 0 0
ciMethod org/springframework/core/ResolvableType resolve ()Ljava/lang/Class; 256 0 128 0 0
ciMethod org/springframework/core/ResolvableType resolve (Ljava/lang/Class;)Ljava/lang/Class; 774 0 2578 0 -1
ciMethod org/springframework/core/ResolvableType resolveClass ()Ljava/lang/Class; 776 0 3442 0 0
ciMethod org/springframework/core/ResolvableType resolveType ()Lorg/springframework/core/ResolvableType; 238 0 4126 0 0
ciMethod org/springframework/core/ResolvableType hashCode ()I 528 0 1481 0 0
ciMethod org/springframework/core/ResolvableType calculateHashCode ()I 338 0 1153 0 0
ciMethod org/springframework/core/ResolvableType asVariableResolver ()Lorg/springframework/core/ResolvableType$VariableResolver; 516 0 1239 0 0
ciMethod org/springframework/core/ResolvableType forClass (Ljava/lang/Class;)Lorg/springframework/core/ResolvableType; 542 0 960 0 0
ciMethod org/springframework/core/ResolvableType resolveBounds ([Ljava/lang/reflect/Type;)Ljava/lang/reflect/Type; 2 0 10 0 -1
ciMethod org/springframework/core/ResolvableType forType (Ljava/lang/reflect/Type;Lorg/springframework/core/ResolvableType;)Lorg/springframework/core/ResolvableType; 516 0 802 0 0
ciMethod org/springframework/core/ResolvableType forType (Ljava/lang/reflect/Type;Lorg/springframework/core/ResolvableType$VariableResolver;)Lorg/springframework/core/ResolvableType; 516 0 3191 0 0
ciMethod org/springframework/core/ResolvableType forType (Ljava/lang/reflect/Type;Lorg/springframework/core/SerializableTypeWrapper$TypeProvider;Lorg/springframework/core/ResolvableType$VariableResolver;)Lorg/springframework/core/ResolvableType; 524 0 3882 0 0
ciMethod org/springframework/core/ResolvableType$VariableResolver getSource ()Ljava/lang/Object; 0 0 1 0 -1
ciMethod org/springframework/core/ResolvableType$VariableResolver resolveVariable (Ljava/lang/reflect/TypeVariable;)Lorg/springframework/core/ResolvableType; 0 0 1 0 -1
ciMethod org/springframework/core/SerializableTypeWrapper$TypeProvider getType ()Ljava/lang/reflect/Type; 0 0 1 0 -1
ciMethod org/springframework/core/ResolvableType$1 getGenerics ()[Lorg/springframework/core/ResolvableType; 526 0 1289 0 64
ciMethod org/springframework/core/ResolvableType$1 isAssignableFrom (Ljava/lang/Class;)Z 884 0 7863 0 0
ciMethod org/springframework/core/ResolvableType$1 isAssignableFrom (Lorg/springframework/core/ResolvableType;)Z 512 0 9030 0 288
ciMethod org/springframework/core/SerializableTypeWrapper forTypeProvider (Lorg/springframework/core/SerializableTypeWrapper$TypeProvider;)Ljava/lang/reflect/Type; 0 0 470 0 -1
ciMethod org/springframework/core/ResolvableType$DefaultVariableResolver <init> (Lorg/springframework/core/ResolvableType;)V 520 0 1239 0 0
ciMethodData org/springframework/util/Assert notNull (Ljava/lang/Object;Ljava/lang/String;)V 2 90364 orig 80 0 0 0 0 0 0 0 0 0 0 0 0 248 127 0 0 0 0 0 0 0 0 0 0 0 0 0 0 0 0 0 0 0 0 0 0 0 0 0 0 0 0 0 0 0 0 0 0 0 0 0 0 0 0 0 0 0 0 0 0 0 0 0 0 0 0 0 0 0 0 0 0 0 0 0 0 0 0 0 0 data 16 0x10007 0x158c3 0x30 0x0 0x90002 0x0 0x0 0x0 0x0 0x0 0x0 0x0 0x9 0x2 0x0 0x0 oops 0 methods 0
ciMethodData org/springframework/util/ConcurrentReferenceHashMap$Segment restructureIfNecessary (Z)V 2 5384 orig 80 0 0 0 0 0 0 0 0 0 0 0 0 248 127 0 0 0 0 0 0 0 0 0 0 0 0 0 0 0 0 0 0 0 0 0 0 0 0 0 0 0 0 0 0 0 0 0 0 0 0 0 0 0 0 0 0 0 0 0 0 0 0 0 0 0 0 0 0 0 0 0 0 0 0 0 0 0 0 0 0 data 54 0x40005 0x1401 0x0 0x0 0x0 0x0 0x0 0x90007 0x1345 0x78 0xbc 0xd0007 0x33 0x58 0x89 0x150007 0x83 0x38 0x6 0x190003 0x6 0x18 0x220005 0x0 0x0 0x18be7e1f0e0 0x1401 0x0 0x0 0x290007 0x0 0x40 0x1401 0x2d0007 0x13fb 0x58 0x6 0x340005 0x6 0x0 0x0 0x0 0x0 0x0 0x0 0x0 0x0 0x0 0x0 0x0 0x9 0x2 0xffffffffffffffff 0x0 oops 1 25 org/springframework/util/ConcurrentReferenceHashMap$ReferenceManager methods 0
ciMethodData org/springframework/util/ConcurrentReferenceHashMap$ReferenceManager pollForPurge ()Lorg/springframework/util/ConcurrentReferenceHashMap$Reference; 2 5384 orig 80 0 0 0 0 0 0 0 0 0 0 0 0 248 127 0 0 0 0 0 0 0 0 0 0 0 0 0 0 0 0 0 0 0 0 0 0 0 0 0 0 0 0 0 0 0 0 0 0 0 0 0 0 0 0 0 0 0 0 0 0 0 0 0 0 0 0 0 0 0 0 0 0 0 0 0 0 0 0 0 0 data 23 0x40005 0x0 0x0 0x18be7e218f0 0x13fe 0x0 0x0 0x70104 0x0 0x0 0x0 0x0 0x0 0x0 0x0 0x0 0x0 0x0 0x0 0x0 0x9 0x1 0x0 oops 1 3 java/lang/ref/ReferenceQueue methods 0
ciMethodData org/springframework/util/ConcurrentReferenceHashMap$Segment restructure (ZLorg/springframework/util/ConcurrentReferenceHashMap$Reference;)V 2 5521 orig 80 0 0 0 0 0 0 0 0 0 0 0 0 248 127 0 0 0 0 0 0 0 0 0 0 0 0 0 0 0 0 0 0 0 0 0 0 0 0 0 0 0 0 0 0 0 0 0 0 0 0 0 0 0 0 0 0 0 0 0 0 0 0 0 0 0 0 0 0 0 0 0 0 0 0 0 0 0 0 0 0 data 280 0x10005 0x0 0x0 0x18be7e1ca20 0x1a9 0x0 0x0 0x80005 0x1a9 0x0 0x0 0x0 0x0 0x0 0xd0002 0x1a9 0x130007 0x1a9 0xd8 0x0 0x1a0002 0x0 0x200007 0x0 0xa8 0x0 0x260005 0x0 0x0 0x0 0x0 0x0 0x0 0x300005 0x0 0x0 0x0 0x0 0x0 0x0 0x340003 0x0 0xffffffffffffff70 0x3b0005 0x0 0x0 0x18be803f520 0x1a9 0x0 0x0 0x450007 0x0 0x58 0x1a9 0x4e0007 0x0 0x38 0x1a9 0x520003 0x1a9 0x18 0x620007 0x0 0x60 0x1a9 0x660007 0x0 0x40 0x1a9 0x6d0007 0x0 0x20 0x1a9 0x7e0007 0x0 0x318 0x1a9 0x840005 0x1a9 0x0 0x0 0x0 0x0 0x0 0x9b0007 0x1a9 0x270 0xc2c 0xa90007 0xc2c 0x238 0x965 0xaf0005 0x0 0x0 0x18be803f520 0x965 0x0 0x0 0xb40007 0x0 0x190 0x965 0xb80005 0x0 0x0 0x18be597ac10 0x965 0x0 0x0 0xc10007 0x0 0x138 0x965 0xc60005 0x0 0x0 0x18be597ac10 0x965 0x0 0x0 0xcd0005 0x965 0x0 0x0 0x0 0x0 0x0 0xdd0005 0x0 0x0 0x18be597ac10 0x965 0x0 0x0 0xe70005 0x0 0x0 0x18be7e1f0e0 0x965 0x0 0x0 0xea0004 0x0 0x0 0x18be597ac10 0x965 0x0 0x0 0xef0005 0x0 0x0 0x18be597ac10 0x965 0x0 0x0 0xf50003 0x965 0xfffffffffffffde0 0xfb0003 0xc2c 0xfffffffffffffda8 0x10f0005 0x1a9 0x0 0x0 0x0 0x0 0x0 0x1170003 0x1a9 0x218 0x1240007 0x0 0x200 0x0 0x1330007 0x0 0x190 0x0 0x1390005 0x0 0x0 0x0 0x0 0x0 0x0 0x13e0007 0x0 0xe8 0x0 0x1420005 0x0 0x0 0x0 0x0 0x0 0x0 0x14b0007 0x0 0x90 0x0 0x1550005 0x0 0x0 0x0 0x0 0x0 0x0 0x15c0005 0x0 0x0 0x0 0x0 0x0 0x0 0x1650005 0x0 0x0 0x0 0x0 0x0 0x0 0x16b0003 0x0 0xfffffffffffffe88 0x1760004 0x0 0x0 0x0 0x0 0x0 0x0 0x17a0003 0x0 0xfffffffffffffe18 0x1840002 0x1a9 0x1870005 0x1a9 0x0 0x0 0x0 0x0 0x0 0x18b0005 0x0 0x0 0x18be7e1ca20 0x1a9 0x0 0x0 0x18e0003 0x1a9 0x50 0x1940005 0x0 0x0 0x0 0x0 0x0 0x0 0x0 0x0 0x0 0x0 0x0 0x0 0x0 0x0 0x0 0x0 0x0 0x0 0x0 0x9 0x3 0x0 0x0 0x0 oops 10 3 org/springframework/util/ConcurrentReferenceHashMap$Segment 46 java/util/Collections$EmptySet 95 java/util/Collections$EmptySet 106 org/springframework/util/ConcurrentReferenceHashMap$SoftEntryReference 117 org/springframework/util/ConcurrentReferenceHashMap$SoftEntryReference 131 org/springframework/util/ConcurrentReferenceHashMap$SoftEntryReference 138 org/springframework/util/ConcurrentReferenceHashMap$ReferenceManager 145 org/springframework/util/ConcurrentReferenceHashMap$SoftEntryReference 152 org/springframework/util/ConcurrentReferenceHashMap$SoftEntryReference 248 org/springframework/util/ConcurrentReferenceHashMap$Segment methods 0
ciMethodData org/springframework/util/ConcurrentReferenceHashMap getHash (Ljava/lang/Object;)I 2 5390 orig 80 0 0 0 0 0 0 0 0 0 0 0 0 248 127 0 0 0 0 0 0 0 0 0 0 0 0 0 0 0 0 0 0 0 0 0 0 0 0 0 0 0 0 0 0 0 0 0 0 0 0 0 0 0 0 0 0 0 0 0 0 0 0 0 0 0 0 0 0 0 0 0 0 0 0 0 0 0 0 0 0 data 24 0x10007 0x0 0x70 0x140a 0x50005 0xeb9 0x0 0x18b9f168ba0 0x54c 0x18b9f16bb30 0x5 0x80003 0x140a 0x18 0x0 0x0 0x0 0x0 0x0 0x0 0x9 0x2 0x0 0xffffffffffffffff oops 2 7 java/lang/Class 9 jdk/internal/loader/ClassLoaders$AppClassLoader methods 0
ciMethodData org/springframework/util/ConcurrentReferenceHashMap$SoftEntryReference get ()Lorg/springframework/util/ConcurrentReferenceHashMap$Entry; 2 12781 orig 80 0 0 0 0 0 0 0 0 0 0 0 0 248 127 0 0 0 0 0 0 0 0 0 0 0 0 0 0 0 0 0 0 0 0 0 0 0 0 0 0 0 0 0 0 0 0 0 0 0 0 0 0 0 0 0 0 0 0 0 0 0 0 0 0 0 0 0 0 0 0 0 0 0 0 0 0 0 0 0 0 data 18 0x10002 0x30e6 0x40004 0x0 0x0 0x18be597a530 0x30e6 0x0 0x0 0x0 0x0 0x0 0x0 0x0 0x0 0x9 0x1 0x0 oops 1 5 org/springframework/util/ConcurrentReferenceHashMap$Entry methods 0
ciMethodData org/springframework/util/ConcurrentReferenceHashMap getSegmentForHash (I)Lorg/springframework/util/ConcurrentReferenceHashMap$Segment; 2 7811 orig 80 0 0 0 0 0 0 0 0 0 0 0 0 248 127 0 0 0 0 0 0 0 0 0 0 0 0 0 0 0 0 0 0 0 0 0 0 0 0 0 0 0 0 0 0 0 0 0 0 0 0 0 0 0 0 0 0 0 0 0 0 0 0 0 0 0 0 0 0 0 0 0 0 0 0 0 0 0 0 0 0 data 8 0x0 0x0 0x0 0x0 0x9 0x2 0x0 0x0 oops 0 methods 0
ciMethodData org/springframework/util/ConcurrentReferenceHashMap$Task hasOption (Lorg/springframework/util/ConcurrentReferenceHashMap$TaskOption;)Z 2 8264 orig 80 0 0 0 0 0 0 0 0 0 0 0 0 248 127 0 0 0 0 0 0 0 0 0 0 0 0 0 0 0 0 0 0 0 0 0 0 0 0 0 0 0 0 0 0 0 0 0 0 0 0 0 0 0 0 0 0 0 0 0 0 0 0 0 0 0 0 0 0 0 0 0 0 0 0 0 0 0 0 0 0 data 17 0x50005 0x0 0x0 0x18be6f6d940 0x1f48 0x0 0x0 0x0 0x0 0x0 0x0 0x0 0x0 0x9 0x2 0x0 0x0 oops 1 3 java/util/RegularEnumSet methods 0
ciMethodData org/springframework/util/ConcurrentReferenceHashMap$Segment getIndex (I[Lorg/springframework/util/ConcurrentReferenceHashMap$Reference;)I 2 9949 orig 80 0 0 0 0 0 0 0 0 0 0 0 0 248 127 0 0 0 0 0 0 0 0 0 0 0 0 0 0 0 0 0 0 0 0 0 0 0 0 0 0 0 0 0 0 0 0 0 0 0 0 0 0 0 0 0 0 0 0 0 0 0 0 0 0 0 0 0 0 0 0 0 0 0 0 0 0 0 0 0 0 data 7 0x0 0x0 0x9 0x3 0x0 0x0 0x0 oops 0 methods 0
ciMethodData org/springframework/util/ConcurrentReferenceHashMap$Segment findInChain (Lorg/springframework/util/ConcurrentReferenceHashMap$Reference;Ljava/lang/Object;I)Lorg/springframework/util/ConcurrentReferenceHashMap$Reference; 2 6407 orig 80 0 0 0 0 0 0 0 0 0 0 0 0 248 127 0 0 0 0 0 0 0 0 0 0 0 0 0 0 0 0 0 0 0 0 0 0 0 0 0 0 0 0 0 0 0 0 0 0 0 0 0 0 0 0 0 0 0 0 0 0 0 0 0 0 0 0 0 0 0 0 0 0 0 0 0 0 0 0 0 0 data 61 0x50007 0x627 0x188 0x16c2 0xa0005 0x0 0x0 0x18be597ac10 0x16c2 0x0 0x0 0x100007 0x4e3 0xe0 0x11df 0x150005 0x0 0x0 0x18be597ac10 0x11df 0x0 0x0 0x1e0007 0x0 0x88 0x11df 0x230005 0x11df 0x0 0x0 0x0 0x0 0x0 0x2b0002 0x11df 0x2e0007 0x0 0x20 0x11df 0x360005 0x0 0x0 0x18be597ac10 0x4e3 0x0 0x0 0x3d0003 0x4e3 0xfffffffffffffe90 0x0 0x0 0x0 0x0 0x0 0x0 0x9 0x4 0x0 0xffffffffffffffff 0xffffffffffffffff 0x0 oops 3 7 org/springframework/util/ConcurrentReferenceHashMap$SoftEntryReference 18 org/springframework/util/ConcurrentReferenceHashMap$SoftEntryReference 42 org/springframework/util/ConcurrentReferenceHashMap$SoftEntryReference methods 0
ciMethodData org/springframework/util/ObjectUtils nullSafeEquals (Ljava/lang/Object;Ljava/lang/Object;)Z 2 14501 orig 80 1 0 0 0 0 0 0 0 0 0 0 0 248 127 0 0 0 0 0 0 0 0 0 0 0 0 0 0 0 0 0 0 0 0 0 0 0 0 0 1 0 0 0 0 0 0 0 0 0 0 0 0 0 0 0 0 0 0 0 0 0 0 0 0 0 0 0 0 0 0 0 0 0 0 0 0 0 0 0 0 data 71 0x20007 0x18c1 0x20 0x1f57 0x8000000600080007 0x82 0x40 0x1840 0xc0007 0x1840 0x20 0x0 0x130005 0x153e 0x0 0x18be7781880 0x15c 0x18b9f168b10 0x1a6 0x160007 0x146b 0x20 0x3d5 0x1c0005 0x146b 0x0 0x0 0x0 0x0 0x0 0x1f0005 0x146b 0x0 0x0 0x0 0x0 0x0 0x220007 0x13fe 0xc0 0x6d 0x260005 0x6d 0x0 0x0 0x0 0x0 0x0 0x290005 0x6d 0x0 0x0 0x0 0x0 0x0 0x2c0007 0x0 0x30 0x6d 0x310002 0x6d 0x0 0x0 0x0 0x0 0x0 0x0 0x9 0x2 0xffffffffffffffff 0xffffffffffffffff oops 2 15 org/springframework/core/ResolvableType 17 java/lang/String methods 0
ciMethodData org/springframework/util/ConcurrentReferenceHashMap get (Ljava/lang/Object;)Ljava/lang/Object; 2 6928 orig 80 0 0 0 0 0 0 0 0 0 0 0 0 248 127 0 0 0 0 0 0 0 0 0 0 0 0 0 0 0 0 0 0 0 0 0 0 0 0 0 0 0 0 0 0 0 0 0 0 0 0 0 0 0 0 0 0 0 0 0 0 0 0 0 0 0 0 0 0 0 0 0 0 0 0 0 0 0 0 0 0 data 45 0x50005 0x1a10 0x0 0x0 0x0 0x0 0x0 0xa0007 0x464 0x70 0x15ac 0xe0005 0x0 0x0 0x18be597ac10 0x15ac 0x0 0x0 0x130003 0x15ac 0x18 0x190007 0x464 0x70 0x15ac 0x1d0005 0x15ac 0x0 0x0 0x0 0x0 0x0 0x200003 0x15ac 0x18 0x0 0x0 0x0 0x0 0x0 0x0 0x9 0x2 0x0 0x0 oops 1 14 org/springframework/util/ConcurrentReferenceHashMap$SoftEntryReference methods 0
ciMethodData org/springframework/util/ConcurrentReferenceHashMap getReference (Ljava/lang/Object;Lorg/springframework/util/ConcurrentReferenceHashMap$Restructure;)Lorg/springframework/util/ConcurrentReferenceHashMap$Reference; 2 5745 orig 80 0 0 0 0 0 0 0 0 0 0 0 0 248 127 0 0 0 0 0 0 0 0 0 0 0 0 0 0 0 0 0 0 0 0 0 0 0 0 0 0 0 0 0 0 0 0 0 0 0 0 0 0 0 0 0 0 0 0 0 0 0 0 0 0 0 0 0 0 0 0 0 0 0 0 0 0 0 0 0 0 data 32 0x20005 0x0 0x0 0x18be7ed4e80 0x1571 0x0 0x0 0x80005 0x1571 0x0 0x0 0x0 0x0 0x0 0xe0005 0x1571 0x0 0x0 0x0 0x0 0x0 0x0 0x0 0x0 0x0 0x0 0x0 0x9 0x3 0x0 0x0 0x0 oops 1 3 org/springframework/util/ConcurrentReferenceHashMap methods 0
ciMethodData org/springframework/util/ConcurrentReferenceHashMap$Segment getReference (Ljava/lang/Object;ILorg/springframework/util/ConcurrentReferenceHashMap$Restructure;)Lorg/springframework/util/ConcurrentReferenceHashMap$Reference; 2 5745 orig 80 0 0 0 0 0 0 0 0 0 0 0 0 248 127 0 0 0 0 0 0 0 0 0 0 0 0 0 0 0 0 0 0 0 0 0 0 0 0 0 0 0 0 0 0 0 0 0 0 0 0 0 0 0 0 0 0 0 0 0 0 0 0 0 0 0 0 0 0 0 0 0 0 0 0 0 0 0 0 0 0 data 48 0x40007 0x0 0x58 0x1571 0x90005 0x1571 0x0 0x0 0x0 0x0 0x0 0x100005 0x1571 0x0 0x0 0x0 0x0 0x0 0x130007 0x14c0 0x20 0xb1 0x220005 0x14c0 0x0 0x0 0x0 0x0 0x0 0x330005 0x14c0 0x0 0x0 0x0 0x0 0x0 0x0 0x0 0x0 0x0 0x0 0x0 0x9 0x4 0xffffffffffffffff 0xffffffffffffffff 0x0 0x0 oops 0 methods 0
ciMethodData org/springframework/core/ResolvableType forType (Ljava/lang/reflect/Type;Lorg/springframework/core/ResolvableType$VariableResolver;)Lorg/springframework/core/ResolvableType; 2 3191 orig 80 0 0 0 0 0 0 0 0 0 0 0 0 248 127 0 0 0 0 0 0 0 0 0 0 0 0 0 0 0 0 0 0 0 0 0 0 0 0 0 0 0 0 0 0 0 0 0 0 0 0 0 0 0 0 0 0 0 0 0 0 0 0 0 0 0 0 0 0 0 0 0 0 0 0 0 0 0 0 0 0 data 12 0x30002 0xb75 0x0 0x0 0x0 0x0 0x0 0x0 0x9 0x2 0x0 0x0 oops 0 methods 0
ciMethodData org/springframework/core/ResolvableType forType (Ljava/lang/reflect/Type;Lorg/springframework/core/SerializableTypeWrapper$TypeProvider;Lorg/springframework/core/ResolvableType$VariableResolver;)Lorg/springframework/core/ResolvableType; 2 3882 orig 80 0 0 0 0 0 0 0 0 0 0 0 0 248 127 0 0 0 0 0 0 0 0 0 0 0 0 0 0 0 0 0 0 0 0 0 0 0 0 0 0 0 0 0 0 0 0 0 0 0 0 0 0 0 0 0 0 0 0 0 0 0 0 0 0 0 0 0 0 0 0 0 0 0 0 0 0 0 0 0 0 data 74 0x10007 0xc6e 0x50 0x1b6 0x50007 0x1 0x30 0x1b5 0x90002 0x1b5 0xe0007 0xe23 0x20 0x1 0x160004 0xfffffffffffffdcd 0x0 0x18b9f168ba0 0xbf0 0x0 0x0 0x190007 0x233 0x30 0xbf0 0x240002 0xbf0 0x2b0005 0x0 0x0 0x18be7ed4e80 0x233 0x0 0x0 0x350002 0x233 0x3d0005 0x0 0x0 0x18be7ed4e80 0x233 0x0 0x0 0x400104 0x0 0x0 0x18be7781880 0x1bc 0x0 0x0 0x470007 0x1bc 0x68 0x77 0x550002 0x77 0x610005 0x0 0x0 0x18be7ed4e80 0x77 0x0 0x0 0x0 0x0 0x0 0x0 0x0 0x0 0x9 0x3 0x0 0x0 0x0 oops 5 17 java/lang/Class 30 org/springframework/util/ConcurrentReferenceHashMap 39 org/springframework/util/ConcurrentReferenceHashMap 46 org/springframework/core/ResolvableType 59 org/springframework/util/ConcurrentReferenceHashMap methods 0
ciMethodData org/springframework/core/ResolvableType <init> (Ljava/lang/reflect/Type;Lorg/springframework/core/ResolvableType;Lorg/springframework/core/SerializableTypeWrapper$TypeProvider;Lorg/springframework/core/ResolvableType$VariableResolver;)V 2 3256 orig 80 0 0 0 0 0 0 0 0 0 0 0 0 248 127 0 0 0 0 0 0 0 0 0 0 0 0 0 0 0 0 0 0 0 0 0 0 0 0 0 0 0 0 0 0 0 0 0 0 0 0 0 0 0 0 0 0 0 0 0 0 0 0 0 0 0 0 0 0 0 0 0 0 0 0 0 0 0 0 0 0 data 22 0x10002 0xbf8 0x200005 0xbf8 0x0 0x0 0x0 0x0 0x0 0x0 0x0 0x0 0x0 0x0 0x0 0x9 0x5 0x0 0x0 0x0 0x0 0x0 oops 0 methods 0
ciMethodData org/springframework/util/ConcurrentReferenceHashMap purgeUnreferencedEntries ()V 2 10128 orig 80 0 0 0 0 0 0 0 0 0 0 0 0 248 127 0 0 0 0 0 0 0 0 0 0 0 0 0 0 0 0 0 0 0 0 0 0 0 0 0 0 0 0 0 0 0 0 0 0 0 0 0 0 0 0 0 0 0 0 0 0 0 0 0 0 0 0 0 0 0 0 0 0 0 0 0 0 0 0 0 0 data 23 0xc0007 0x233 0x70 0x2330 0x170005 0x2330 0x0 0x0 0x0 0x0 0x0 0x1d0003 0x2330 0xffffffffffffffa8 0x0 0x0 0x0 0x0 0x0 0x0 0x9 0x1 0x0 oops 0 methods 0
ciMethodData org/springframework/core/ResolvableType <init> (Ljava/lang/reflect/Type;Lorg/springframework/core/SerializableTypeWrapper$TypeProvider;Lorg/springframework/core/ResolvableType$VariableResolver;)V 1 633 orig 80 0 0 0 0 0 0 0 0 0 0 0 0 248 127 0 0 0 0 0 0 0 0 0 0 0 0 0 0 0 0 0 0 0 0 0 0 0 0 0 0 0 0 0 0 0 0 0 0 0 0 0 0 0 0 0 0 0 0 0 0 0 0 0 0 0 0 0 0 0 0 0 0 0 0 0 0 0 0 0 0 data 23 0x10002 0x233 0x1a0005 0x233 0x0 0x0 0x0 0x0 0x0 0x1d0002 0x233 0x0 0x0 0x0 0x0 0x0 0x0 0x9 0x4 0x1e 0x0 0x0 0x0 oops 0 methods 0
ciMethodData org/springframework/core/ResolvableType <init> (Ljava/lang/reflect/Type;Lorg/springframework/core/SerializableTypeWrapper$TypeProvider;Lorg/springframework/core/ResolvableType$VariableResolver;Ljava/lang/Integer;)V 1 186 orig 80 0 0 0 0 0 0 0 0 0 0 0 0 248 127 0 0 0 0 0 0 0 0 0 0 0 0 0 0 0 0 0 0 0 0 0 0 0 0 0 0 0 0 0 0 0 0 0 0 0 0 0 0 0 0 0 0 0 0 0 0 0 0 0 0 0 0 0 0 0 0 0 0 0 0 0 0 0 0 0 0 data 22 0x10002 0x77 0x200005 0x77 0x0 0x0 0x0 0x0 0x0 0x0 0x0 0x0 0x0 0x0 0x0 0x9 0x5 0x0 0x0 0x0 0x0 0x0 oops 0 methods 0
ciMethodData org/springframework/util/ConcurrentReferenceHashMap put (Ljava/lang/Object;Ljava/lang/Object;)Ljava/lang/Object; 2 1864 orig 80 0 0 0 0 0 0 0 0 0 0 0 0 248 127 0 0 0 0 0 0 0 0 0 0 0 0 0 0 0 0 0 0 0 0 0 0 0 0 0 0 0 0 0 0 0 0 0 0 0 0 0 0 0 0 0 0 0 0 0 0 0 0 0 0 0 0 0 0 0 0 0 0 0 0 0 0 0 0 0 0 data 18 0x40005 0x6e3 0x0 0x0 0x0 0x0 0x0 0x0 0x0 0x0 0x0 0x0 0x0 0x9 0x3 0x0 0x0 0x0 oops 0 methods 0
ciMethodData org/springframework/util/ConcurrentReferenceHashMap put (Ljava/lang/Object;Ljava/lang/Object;Z)Ljava/lang/Object; 2 2064 orig 80 0 0 0 0 0 0 0 0 0 0 0 0 248 127 0 0 0 0 0 0 0 0 0 0 0 0 0 0 0 0 0 0 0 0 0 0 0 0 0 0 0 0 0 0 0 0 0 0 0 0 0 0 0 0 0 0 0 0 0 0 0 0 0 0 0 0 0 0 0 0 0 0 0 0 0 0 0 0 0 0 data 35 0x100004 0x0 0x0 0x18be7d3eee0 0x7a3 0x0 0x0 0x160004 0x0 0x0 0x18be7d3eee0 0x7a3 0x0 0x0 0x190002 0x7a3 0x1c0005 0x7a3 0x0 0x0 0x0 0x0 0x0 0x0 0x0 0x0 0x0 0x0 0x0 0x9 0x4 0x0 0x0 0x0 0x0 oops 2 3 org/springframework/util/ConcurrentReferenceHashMap$TaskOption 10 org/springframework/util/ConcurrentReferenceHashMap$TaskOption methods 0
ciMethodData org/springframework/core/ResolvableType hashCode ()I 2 1481 orig 80 0 0 0 0 0 0 0 0 0 0 0 0 248 127 0 0 0 0 0 0 0 0 0 0 0 0 0 0 0 0 0 0 0 0 0 0 0 0 0 0 0 0 0 0 0 0 0 0 0 0 0 0 0 0 0 0 0 0 0 0 0 0 0 0 0 0 0 0 0 0 0 0 0 0 0 0 0 0 0 0 data 30 0x40007 0x1b8 0x70 0x309 0xb0005 0x309 0x0 0x0 0x0 0x0 0x0 0xe0003 0x309 0x50 0x120005 0x1b8 0x0 0x0 0x0 0x0 0x0 0x0 0x0 0x0 0x0 0x0 0x0 0x9 0x1 0x0 oops 0 methods 0
ciMethodData org/springframework/core/ResolvableType calculateHashCode ()I 1 1153 orig 80 0 0 0 0 0 0 0 0 0 0 0 0 248 127 0 0 0 0 0 0 0 0 0 0 0 0 0 0 0 0 0 0 0 0 0 0 0 0 0 0 0 0 0 0 0 0 0 0 0 0 0 0 0 0 0 0 0 0 0 0 0 0 0 0 0 0 0 0 0 0 0 0 0 0 0 0 0 0 0 0 data 43 0x40002 0x3d8 0xc0007 0x3d8 0x30 0x0 0x170002 0x0 0x200007 0x3c0 0x68 0x18 0x2b0005 0x0 0x0 0x18be6e51f50 0x18 0x0 0x0 0x300002 0x18 0x390007 0x1af 0x68 0x229 0x440005 0x0 0x0 0x18be7ed1c80 0x20a 0x18b9fbd38c0 0x1f 0x490002 0x229 0x0 0x0 0x0 0x0 0x0 0x0 0x9 0x1 0x0 oops 3 15 org/springframework/core/SerializableTypeWrapper$MethodParameterTypeProvider 28 org/springframework/core/ResolvableType$DefaultVariableResolver 30 org/springframework/core/ResolvableType$TypeVariablesVariableResolver methods 0
ciMethodData org/springframework/util/ObjectUtils nullSafeHashCode (Ljava/lang/Object;)I 2 3625 orig 80 0 0 0 0 0 0 0 0 0 0 0 0 248 127 0 0 0 0 0 0 0 0 0 0 0 0 0 0 0 0 0 0 0 0 0 0 0 0 0 0 0 0 0 0 0 0 0 0 0 0 0 0 0 0 0 0 0 0 0 0 0 0 0 0 0 0 0 0 0 0 0 0 0 0 0 0 0 0 0 0 data 221 0x10007 0xd01 0x20 0x26 0x70005 0xd01 0x0 0x0 0x0 0x0 0x0 0xa0005 0xd01 0x0 0x0 0x0 0x0 0x0 0xd0007 0xce2 0x5c0 0x1f 0x110004 0x0 0x0 0x18b9fd576d0 0x1f 0x0 0x0 0x140007 0x0 0x68 0x1f 0x180004 0x0 0x0 0x18b9fd576d0 0x1f 0x0 0x0 0x1d0002 0x1f 0x220004 0x0 0x0 0x0 0x0 0x0 0x0 0x250007 0x0 0x68 0x0 0x290004 0x0 0x0 0x0 0x0 0x0 0x0 0x2e0002 0x0 0x330004 0x0 0x0 0x0 0x0 0x0 0x0 0x360007 0x0 0x68 0x0 0x3a0004 0x0 0x0 0x0 0x0 0x0 0x0 0x3f0002 0x0 0x440004 0x0 0x0 0x0 0x0 0x0 0x0 0x470007 0x0 0x68 0x0 0x4b0004 0x0 0x0 0x0 0x0 0x0 0x0 0x500002 0x0 0x550004 0x0 0x0 0x0 0x0 0x0 0x0 0x580007 0x0 0x68 0x0 0x5c0004 0x0 0x0 0x0 0x0 0x0 0x0 0x610002 0x0 0x660004 0x0 0x0 0x0 0x0 0x0 0x0 0x690007 0x0 0x68 0x0 0x6d0004 0x0 0x0 0x0 0x0 0x0 0x0 0x720002 0x0 0x770004 0x0 0x0 0x0 0x0 0x0 0x0 0x7a0007 0x0 0x68 0x0 0x7e0004 0x0 0x0 0x0 0x0 0x0 0x0 0x830002 0x0 0x880004 0x0 0x0 0x0 0x0 0x0 0x0 0x8b0007 0x0 0x68 0x0 0x8f0004 0x0 0x0 0x0 0x0 0x0 0x0 0x940002 0x0 0x990004 0x0 0x0 0x0 0x0 0x0 0x0 0x9c0007 0x0 0x68 0x0 0xa00004 0x0 0x0 0x0 0x0 0x0 0x0 0xa50002 0x0 0xaa0005 0x8cf 0x0 0x18be7c240b0 0x1fd 0x18be7781880 0x216 0x0 0x0 0x0 0x0 0x0 0x0 0x0 0x0 0x0 0x9 0x1 0x0 oops 4 25 [Lorg/springframework/core/ResolvableType; 36 [Lorg/springframework/core/ResolvableType; 205 sun/reflect/generics/reflectiveObjects/ParameterizedTypeImpl 207 org/springframework/core/ResolvableType methods 0
ciMethodData org/springframework/core/ResolvableType resolveClass ()Ljava/lang/Class; 2 3442 orig 80 0 0 0 0 0 0 0 0 0 0 0 0 248 127 0 0 0 0 0 0 0 0 0 0 0 0 0 0 0 0 0 0 0 0 0 0 0 0 0 0 0 0 0 0 0 0 0 0 0 0 0 0 0 0 0 0 0 0 0 0 0 0 0 0 0 0 0 0 0 0 0 0 0 0 0 0 0 0 0 0 data 86 0x70007 0xbee 0x20 0x0 0x120004 0xffffffffffffffbe 0x0 0x18b9f168ba0 0xbac 0x0 0x0 0x150007 0x42 0x58 0xbac 0x190004 0x0 0x0 0x18b9f168ba0 0xbac 0x0 0x0 0x230004 0xffffffffffffffbe 0x0 0x0 0x0 0x0 0x0 0x260007 0x42 0x110 0x0 0x2a0005 0x0 0x0 0x0 0x0 0x0 0x0 0x2d0005 0x0 0x0 0x0 0x0 0x0 0x0 0x320007 0x0 0x80 0x0 0x370002 0x0 0x3a0005 0x0 0x0 0x0 0x0 0x0 0x0 0x3d0003 0x0 0x18 0x430005 0x0 0x0 0x18be7781880 0x42 0x0 0x0 0x460005 0x0 0x0 0x18be7781880 0x42 0x0 0x0 0x0 0x0 0x0 0x0 0x0 0x0 0x9 0x1 0x0 oops 4 7 java/lang/Class 18 java/lang/Class 66 org/springframework/core/ResolvableType 73 org/springframework/core/ResolvableType methods 0
ciMethodData org/springframework/core/ResolvableType getComponentType ()Lorg/springframework/core/ResolvableType; 1 26 orig 80 0 0 0 0 0 0 0 0 0 0 0 0 248 127 0 0 0 0 0 0 0 0 0 0 0 0 0 0 0 0 0 0 0 0 0 0 0 0 0 0 0 0 0 0 0 0 0 0 0 0 0 0 0 0 0 0 0 0 0 0 0 0 0 0 0 0 0 0 0 0 0 0 0 0 0 0 0 0 0 0 data 85 0x40007 0x1a 0x20 0x0 0xf0007 0x1a 0x20 0x0 0x1d0004 0x0 0x0 0x18b9f168ba0 0x1a 0x0 0x0 0x200007 0x0 0xa0 0x1a 0x240004 0x0 0x0 0x18b9f168ba0 0x1a 0x0 0x0 0x290005 0x1a 0x0 0x0 0x0 0x0 0x0 0x320002 0x1a 0x3c0004 0x0 0x0 0x0 0x0 0x0 0x0 0x3f0007 0x0 0xa0 0x0 0x430004 0x0 0x0 0x0 0x0 0x0 0x0 0x480005 0x0 0x0 0x0 0x0 0x0 0x0 0x510002 0x0 0x560005 0x0 0x0 0x0 0x0 0x0 0x0 0x590005 0x0 0x0 0x0 0x0 0x0 0x0 0x0 0x0 0x0 0x0 0x0 0x0 0x9 0x1 0x0 oops 2 11 java/lang/Class 22 java/lang/Class methods 0
ciMethodData org/springframework/core/ResolvableType resolveType ()Lorg/springframework/core/ResolvableType; 2 4126 orig 80 0 0 0 0 0 0 0 0 0 0 0 0 248 127 0 0 0 0 0 0 0 0 0 0 0 0 0 0 0 0 0 0 0 0 0 0 0 0 0 0 0 0 0 0 0 0 0 0 0 0 0 0 0 0 0 0 0 0 0 0 0 0 0 0 0 0 0 0 0 0 0 0 0 0 0 0 0 0 0 0 data 122 0x60004 0xfffffffffffff660 0x0 0x18b9fbd3760 0x5d8 0x18b9f168ba0 0x5f 0x90007 0x9a0 0xa0 0x607 0xd0004 0x0 0x0 0x18b9fbd3760 0x5d8 0x18be7c240b0 0x18 0x120005 0x17 0x0 0x18b9fbd3760 0x5d8 0x18be7c240b0 0x18 0x1b0002 0x607 0x250004 0xfffffffffffff660 0x0 0x18b9f168ba0 0x5f 0x18b9fbd3810 0x13 0x280007 0x9a0 0x118 0x0 0x2c0004 0x0 0x0 0x0 0x0 0x0 0x0 0x310005 0x0 0x0 0x0 0x0 0x0 0x0 0x360002 0x0 0x3b0007 0x0 0x68 0x0 0x3f0005 0x0 0x0 0x0 0x0 0x0 0x0 0x440002 0x0 0x4d0002 0x0 0x570004 0xfffffffffffff67d 0x0 0x18b9f168ba0 0x5f 0x18b9fbd3810 0x1d 0x5a0007 0x983 0x128 0x1d 0x5e0004 0x0 0x0 0x18b9fbd3810 0x1d 0x0 0x0 0x660007 0x0 0x78 0x1d 0x6e0005 0x0 0x0 0x18be7ed1c80 0x1a 0x18b9fbd38c0 0x3 0x750007 0xa 0x20 0x13 0x7b0005 0x0 0x0 0x18b9fbd3810 0xa 0x0 0x0 0x800002 0xa 0x870002 0xa 0x0 0x0 0x0 0x0 0x0 0x0 0x9 0x1 0x0 oops 14 3 org/springframework/core/ResolvableType$SyntheticParameterizedType 5 java/lang/Class 14 org/springframework/core/ResolvableType$SyntheticParameterizedType 16 sun/reflect/generics/reflectiveObjects/ParameterizedTypeImpl 21 org/springframework/core/ResolvableType$SyntheticParameterizedType 23 sun/reflect/generics/reflectiveObjects/ParameterizedTypeImpl 30 java/lang/Class 32 sun/reflect/generics/reflectiveObjects/TypeVariableImpl 72 java/lang/Class 74 sun/reflect/generics/reflectiveObjects/TypeVariableImpl 83 sun/reflect/generics/reflectiveObjects/TypeVariableImpl 94 org/springframework/core/ResolvableType$DefaultVariableResolver 96 org/springframework/core/ResolvableType$TypeVariablesVariableResolver 105 sun/reflect/generics/reflectiveObjects/TypeVariableImpl methods 0
ciMethodData org/springframework/util/Assert state (ZLjava/lang/String;)V 2 6148 orig 80 0 0 0 0 0 0 0 0 0 0 0 0 248 127 0 0 0 0 0 0 0 0 0 0 0 0 0 0 0 0 0 0 0 0 0 0 0 0 0 0 0 0 0 0 0 0 0 0 0 0 0 0 0 0 0 0 0 0 0 0 0 0 0 0 0 0 0 0 0 0 0 0 0 0 0 0 0 0 0 0 data 13 0x10007 0x1720 0x30 0x0 0x90002 0x0 0x0 0x0 0x0 0x9 0x2 0x0 0x0 oops 0 methods 0
ciMethodData java/util/RegularEnumSet contains (Ljava/lang/Object;)Z 2 7500 orig 80 0 0 0 0 0 0 0 0 0 0 0 0 248 127 0 0 0 0 0 0 0 0 0 0 0 0 0 0 0 0 0 0 0 0 0 0 0 0 0 0 0 0 0 0 0 0 0 0 0 0 0 0 0 0 0 0 0 0 0 0 0 0 0 0 0 0 0 0 0 0 0 0 0 0 0 0 0 0 0 0 data 57 0x10007 0x1c0b 0x20 0x0 0x70005 0x1c0b 0x0 0x0 0x0 0x0 0x0 0x100007 0x1c0b 0x78 0x0 0x140005 0x0 0x0 0x0 0x0 0x0 0x0 0x1b0007 0x0 0x20 0x0 0x260004 0x0 0x0 0x18be7d3eee0 0x14f4 0x18be8fdb060 0x179 0x290005 0x1c0b 0x0 0x0 0x0 0x0 0x0 0x300007 0xeb6 0x38 0xd55 0x340003 0xd55 0x18 0x0 0x0 0x0 0x0 0x0 0x0 0x9 0x2 0x0 0x0 oops 2 29 org/springframework/util/ConcurrentReferenceHashMap$TaskOption 31 org/springframework/boot/context/properties/bind/Bindable$BindRestriction methods 0
ciMethodData java/util/concurrent/locks/ReentrantLock lock ()V 2 2611 orig 80 0 0 0 0 0 0 0 0 0 0 0 0 248 127 0 0 0 0 0 0 0 0 0 0 0 0 0 0 0 0 0 0 0 0 0 0 0 0 0 0 0 0 0 0 0 0 0 0 0 0 0 0 0 0 0 0 0 0 0 0 0 0 0 0 0 0 0 0 0 0 0 0 0 0 0 0 0 0 0 0 data 16 0x40005 0x9c0 0x0 0x0 0x0 0x0 0x0 0x0 0x0 0x0 0x0 0x0 0x0 0x9 0x1 0x0 oops 0 methods 0
ciMethodData java/util/concurrent/locks/ReentrantLock$Sync lock ()V 2 2611 orig 80 0 0 0 0 0 0 0 0 0 0 0 0 248 127 0 0 0 0 0 0 0 0 0 0 0 0 0 0 0 0 0 0 0 0 0 0 0 0 0 0 0 0 0 0 0 0 0 0 0 0 0 0 0 0 0 0 0 0 0 0 0 0 0 0 0 0 0 0 0 0 0 0 0 0 0 0 0 0 0 0 data 27 0x10005 0x0 0x0 0x18be5b0b190 0x9c0 0x0 0x0 0x40007 0x9c0 0x58 0x0 0x90005 0x0 0x0 0x0 0x0 0x0 0x0 0x0 0x0 0x0 0x0 0x0 0x0 0x9 0x1 0x0 oops 1 3 java/util/concurrent/locks/ReentrantLock$NonfairSync methods 0
ciMethodData java/util/concurrent/locks/ReentrantLock unlock ()V 2 2661 orig 80 0 0 0 0 0 0 0 0 0 0 0 0 248 127 0 0 0 0 0 0 0 0 0 0 0 0 0 0 0 0 0 0 0 0 0 0 0 0 0 0 0 0 0 0 0 0 0 0 0 0 0 0 0 0 0 0 0 0 0 0 0 0 0 0 0 0 0 0 0 0 0 0 0 0 0 0 0 0 0 0 data 16 0x50005 0x9f2 0x0 0x0 0x0 0x0 0x0 0x0 0x0 0x0 0x0 0x0 0x0 0x9 0x1 0x0 oops 0 methods 0
ciMethodData java/util/concurrent/locks/AbstractQueuedSynchronizer release (I)Z 2 2664 orig 80 0 0 0 0 0 0 0 0 0 0 0 0 248 127 0 0 0 0 0 0 0 0 0 0 0 0 0 0 0 0 0 0 0 0 0 0 0 0 0 0 0 0 0 0 0 0 0 0 0 0 0 0 0 0 0 0 0 0 0 0 0 0 0 0 0 0 0 0 0 0 0 0 0 0 0 0 0 0 0 0 data 23 0x20005 0x0 0x0 0x18be5b0b190 0x9f2 0x18be759b0e0 0x3 0x50007 0xf 0x30 0x9e6 0xc0002 0x9e6 0x0 0x0 0x0 0x0 0x0 0x0 0x9 0x2 0x0 0x0 oops 2 3 java/util/concurrent/locks/ReentrantLock$NonfairSync 5 java/util/concurrent/ThreadPoolExecutor$Worker methods 0
ciMethodData java/util/concurrent/locks/ReentrantLock$Sync tryRelease (I)Z 2 2662 orig 80 0 0 0 0 0 0 0 0 0 0 0 0 248 127 0 0 0 0 0 0 0 0 0 0 0 0 0 0 0 0 0 0 0 0 0 0 0 0 0 0 0 0 0 0 0 0 0 0 0 0 0 0 0 0 0 0 0 0 0 0 0 0 0 0 0 0 0 0 0 0 0 0 0 0 0 0 0 0 0 0 data 57 0x10005 0x9f3 0x0 0x0 0x0 0x0 0x0 0x80005 0x9f3 0x0 0x0 0x0 0x0 0x0 0xb0002 0x9f3 0xe0007 0x9f3 0x30 0x0 0x150002 0x0 0x1a0007 0xf 0x38 0x9e4 0x1e0003 0x9e4 0x18 0x240007 0xf 0x58 0x9e4 0x290005 0x9e4 0x0 0x0 0x0 0x0 0x0 0x2e0005 0x9f3 0x0 0x0 0x0 0x0 0x0 0x0 0x0 0x0 0x0 0x0 0x0 0x9 0x2 0x0 0x0 oops 0 methods 0
ciMethodData java/util/concurrent/locks/AbstractQueuedSynchronizer signalNext (Ljava/util/concurrent/locks/AbstractQueuedSynchronizer$Node;)V 2 2684 orig 80 0 0 0 0 0 0 0 0 0 0 0 0 248 127 0 0 0 0 0 0 0 0 0 0 0 0 0 0 0 0 0 0 0 0 0 0 0 0 0 0 0 0 0 0 0 0 0 0 0 0 0 0 0 0 0 0 0 0 0 0 0 0 0 0 0 0 0 0 0 0 0 0 0 0 0 0 0 0 0 0 data 30 0x10007 0xa23 0xa8 0x0 0xa0007 0x0 0x88 0x0 0x110007 0x0 0x68 0x0 0x160005 0x0 0x0 0x0 0x0 0x0 0x0 0x1e0002 0x0 0x0 0x0 0x0 0x0 0x0 0x0 0x9 0x1 0x0 oops 0 methods 0
ciMethodData java/util/RegularEnumSet add (Ljava/lang/Object;)Z 2 9831 orig 80 0 0 0 0 0 0 0 0 0 0 0 0 248 127 0 0 0 0 0 0 0 0 0 0 0 0 0 0 0 0 0 0 0 0 0 0 0 0 0 0 0 0 0 0 0 0 0 0 0 0 0 0 0 0 0 0 0 0 0 0 0 0 0 0 0 0 0 0 0 0 0 0 0 0 0 0 0 0 0 0 data 24 0x20004 0x0 0x0 0x18be7d3eee0 0x20a 0x18be796e160 0x4 0x50005 0x0 0x0 0x18be6f6d940 0x2566 0x0 0x0 0x0 0x0 0x0 0x0 0x0 0x0 0x9 0x2 0x0 0x0 oops 3 3 org/springframework/util/ConcurrentReferenceHashMap$TaskOption 5 org/springframework/boot/context/config/ConfigData$Option 10 java/util/RegularEnumSet methods 0
ciMethodData java/util/RegularEnumSet add (Ljava/lang/Enum;)Z 2 5380 orig 80 0 0 0 0 0 0 0 0 0 0 0 0 248 127 0 0 0 0 0 0 0 0 0 0 0 0 0 0 0 0 0 0 0 0 0 0 0 0 0 0 0 0 0 0 0 0 0 0 0 0 0 0 0 0 0 0 0 0 0 0 0 0 0 0 0 0 0 0 0 0 0 0 0 0 0 0 0 0 0 0 data 31 0x20005 0x1403 0x0 0x0 0x0 0x0 0x0 0x110005 0x1403 0x0 0x0 0x0 0x0 0x0 0x1f0007 0x4cf 0x38 0xf34 0x230003 0xf34 0x18 0x0 0x0 0x0 0x0 0x0 0x0 0x9 0x2 0x18 0x0 oops 0 methods 0
ciMethodData java/util/EnumSet typeCheck (Ljava/lang/Enum;)V 2 5380 orig 80 0 0 0 0 0 0 0 0 0 0 0 0 248 127 0 0 0 0 0 0 0 0 0 0 0 0 0 0 0 0 0 0 0 0 0 0 0 0 0 0 0 0 0 0 0 0 0 0 0 0 0 0 0 0 0 0 0 0 0 0 0 0 0 0 0 0 0 0 0 0 0 0 0 0 0 0 0 0 0 0 data 64 0x10005 0x1403 0x0 0x0 0x0 0x0 0x0 0xa0007 0x1403 0x178 0x0 0xe0005 0x0 0x0 0x0 0x0 0x0 0x0 0x150007 0x0 0x120 0x0 0x200002 0x0 0x240005 0x0 0x0 0x0 0x0 0x0 0x0 0x290005 0x0 0x0 0x0 0x0 0x0 0x0 0x300005 0x0 0x0 0x0 0x0 0x0 0x0 0x330005 0x0 0x0 0x0 0x0 0x0 0x0 0x360002 0x0 0x0 0x0 0x0 0x0 0x0 0x0 0x9 0x2 0x0 0x0 oops 0 methods 0
ciMethodData java/util/concurrent/atomic/AtomicInteger incrementAndGet ()I 2 1382 orig 80 0 0 0 0 0 0 0 0 0 0 0 0 248 127 0 0 0 0 0 0 0 0 0 0 0 0 0 0 0 0 0 0 0 0 0 0 0 0 0 0 0 0 0 0 0 0 0 0 0 0 0 0 0 0 0 0 0 0 0 0 0 0 0 0 0 0 0 0 0 0 0 0 0 0 0 0 0 0 0 0 data 19 0x8000b 0x0 0x0 0x0 0x0 0x0 0x0 0x2 0x1 0x0 0x0 0x0 0x0 0x0 0x0 0x0 0x9 0x1 0x0 oops 0 methods 0
ciMethodData java/lang/Class$Atomic casReflectionData (Ljava/lang/Class;Ljava/lang/ref/SoftReference;Ljava/lang/ref/SoftReference;)Z 1 1014 orig 80 0 0 0 0 0 0 0 0 0 0 0 0 248 127 0 0 0 0 0 0 0 0 0 0 0 0 0 0 0 0 0 0 0 0 0 0 0 0 0 0 0 0 0 0 0 0 0 0 0 0 0 0 0 0 0 0 0 0 0 0 0 0 0 0 0 0 0 0 0 0 0 0 0 0 0 0 0 0 0 0 data 18 0x90005 0x81 0x0 0x0 0x0 0x0 0x0 0x0 0x0 0x0 0x0 0x0 0x0 0x9 0x3 0x0 0x0 0x0 oops 0 methods 0
ciMethodData java/lang/PublicMethods$Key matches (Ljava/lang/reflect/Method;Ljava/lang/String;[Ljava/lang/Class;)Z 2 2815 orig 80 0 0 0 0 0 0 0 0 0 0 0 0 248 127 0 0 0 0 0 0 0 0 0 0 0 0 0 0 0 0 0 0 0 0 0 0 0 0 0 0 0 0 0 0 0 0 0 0 0 0 0 0 0 0 0 0 0 0 0 0 0 0 0 0 0 0 0 0 0 0 0 0 0 0 0 0 0 0 0 0 data 45 0x10005 0x9de 0x0 0x0 0x0 0x0 0x0 0x50005 0x9de 0x0 0x0 0x0 0x0 0x0 0x80007 0x879 0xa0 0x165 0xf0005 0x0 0x0 0x18be6803d10 0x165 0x0 0x0 0x130002 0x165 0x160007 0x1 0x38 0x164 0x1a0003 0x164 0x18 0x0 0x0 0x0 0x0 0x0 0x0 0x9 0x3 0xffffffffffffffff 0x0 0x0 oops 1 21 jdk/internal/reflect/ReflectionFactory methods 0
ciMethodData jdk/internal/reflect/ReflectionFactory getExecutableSharedParameterTypes (Ljava/lang/reflect/Executable;)[Ljava/lang/Class; 2 2325 orig 80 0 0 0 0 0 0 0 0 0 0 0 0 248 127 0 0 0 0 0 0 0 0 0 0 0 0 0 0 0 0 0 0 0 0 0 0 0 0 0 0 0 0 0 0 0 0 0 0 0 0 0 0 0 0 0 0 0 0 0 0 0 0 0 0 0 0 0 0 0 0 0 0 0 0 0 0 0 0 0 0 data 17 0x50005 0x0 0x0 0x18be960bf30 0x832 0x0 0x0 0x0 0x0 0x0 0x0 0x0 0x0 0x9 0x2 0x0 0xffffffffffffffff oops 1 3 java/lang/reflect/ReflectAccess methods 0
ciMethodData java/util/concurrent/locks/ReentrantLock$NonfairSync initialTryLock ()Z 2 2611 orig 80 0 0 0 0 0 0 0 0 0 0 0 0 248 127 0 0 0 0 0 0 0 0 0 0 0 0 0 0 0 0 0 0 0 0 0 0 0 0 0 0 0 0 0 0 0 0 0 0 0 0 0 0 0 0 0 0 0 0 0 0 0 0 0 0 0 0 0 0 0 0 0 0 0 0 0 0 0 0 0 0 data 60 0x2 0x933 0x70005 0x933 0x0 0x0 0x0 0x0 0x0 0xa0007 0xe 0x58 0x925 0xf0005 0x925 0x0 0x0 0x0 0x0 0x0 0x150005 0xe 0x0 0x0 0x0 0x0 0x0 0x190007 0x0 0xc0 0xe 0x1d0005 0xe 0x0 0x0 0x0 0x0 0x0 0x240007 0xe 0x30 0x0 0x2d0002 0x0 0x330005 0xe 0x0 0x0 0x0 0x0 0x0 0x0 0x0 0x0 0x0 0x0 0x0 0x9 0x1 0x0 oops 0 methods 0
ciMethodData java/util/concurrent/locks/AbstractQueuedSynchronizer compareAndSetState (II)Z 2 1280 orig 80 0 0 0 0 0 0 0 0 0 0 0 0 248 127 0 0 0 0 0 0 0 0 0 0 0 0 0 0 0 0 0 0 0 0 0 0 0 0 0 0 0 0 0 0 0 0 0 0 0 0 0 0 0 0 0 0 0 0 0 0 0 0 0 0 0 0 0 0 0 0 0 0 0 0 0 0 0 0 0 0 data 18 0x90005 0x0 0x0 0x0 0x0 0x0 0x0 0x0 0x0 0x0 0x0 0x0 0x0 0x9 0x3 0x0 0x0 0x0 oops 0 methods 0
ciMethodData java/lang/Class getTypeParameters ()[Ljava/lang/reflect/TypeVariable; 1 306 orig 80 0 0 0 0 0 0 0 0 0 0 0 0 248 127 0 0 0 0 0 0 0 0 0 0 0 0 0 0 0 0 0 0 0 0 0 0 0 0 0 0 0 0 0 0 0 0 0 0 0 0 0 0 0 0 0 0 0 0 0 0 0 0 0 0 0 0 0 0 0 0 0 0 0 0 0 0 0 0 0 0 data 27 0x10005 0xa1 0x0 0x0 0x0 0x0 0x0 0x60007 0x29 0x58 0x78 0xa0005 0x0 0x0 0x18be7c24ac0 0x78 0x0 0x0 0x0 0x0 0x0 0x0 0x0 0x0 0x9 0x1 0x0 oops 1 14 sun/reflect/generics/repository/ClassRepository methods 0
ciMethodData java/lang/Class getGenericInfo ()Lsun/reflect/generics/repository/ClassRepository; 1 1056 orig 80 0 0 0 0 0 0 0 0 0 0 0 0 248 127 0 0 0 0 0 0 0 0 0 0 0 0 0 0 0 0 0 0 0 0 0 0 0 0 0 0 0 0 0 0 0 0 0 0 0 0 0 0 0 0 0 0 0 0 0 0 0 0 0 0 0 0 0 0 0 0 0 0 0 0 0 0 0 0 0 0 data 43 0x60007 0x26d 0xd8 0x47 0xa0005 0x47 0x0 0x0 0x0 0x0 0x0 0xf0007 0x1b 0x38 0x2c 0x160003 0x2c 0x60 0x1b0005 0x1b 0x0 0x0 0x0 0x0 0x0 0x1e0002 0x1b 0x2b0007 0xf9 0x38 0x1bb 0x2f0003 0x1bb 0x18 0x0 0x0 0x0 0x0 0x0 0x0 0x9 0x1 0xffffffffffffffff oops 0 methods 0
ciMethodData sun/reflect/generics/repository/GenericDeclRepository getTypeParameters ()[Ljava/lang/reflect/TypeVariable; 1 301 orig 80 0 0 0 0 0 0 0 0 0 0 0 0 248 127 0 0 0 0 0 0 0 0 0 0 0 0 0 0 0 0 0 0 0 0 0 0 0 0 0 0 0 0 0 0 0 0 0 0 0 0 0 0 0 0 0 0 0 0 0 0 0 0 0 0 0 0 0 0 0 0 0 0 0 0 0 0 0 0 0 0 data 34 0x60007 0x66 0x58 0x46 0xa0005 0x46 0x0 0x0 0x0 0x0 0x0 0x140005 0x0 0x0 0x18be7c223c0 0xac 0x0 0x0 0x170004 0x0 0x0 0x18be7c223c0 0xac 0x0 0x0 0x0 0x0 0x0 0x0 0x0 0x0 0x9 0x1 0x0 oops 2 14 [Ljava/lang/reflect/TypeVariable; 21 [Ljava/lang/reflect/TypeVariable; methods 0
ciMethodData sun/reflect/generics/repository/GenericDeclRepository computeTypeParameters ()[Ljava/lang/reflect/TypeVariable; 1 88 orig 80 0 0 0 0 0 0 0 0 0 0 0 0 248 127 0 0 0 0 0 0 0 0 0 0 0 0 0 0 0 0 0 0 0 0 0 0 0 0 0 0 0 0 0 0 0 0 0 0 0 0 0 0 0 0 0 0 0 0 0 0 0 0 0 0 0 0 0 0 0 0 0 0 0 0 0 0 0 0 0 0 data 72 0x10005 0x0 0x0 0x18be7c24ac0 0x12 0x18be9140340 0x35 0x40004 0x0 0x0 0x18be91403f0 0x12 0x18be91404a0 0x35 0x70005 0x0 0x0 0x18be91403f0 0x12 0x18be91404a0 0x35 0x1b0007 0x47 0x150 0x14 0x1f0005 0x0 0x0 0x18be7c24ac0 0x14 0x0 0x0 0x2a0005 0x0 0x0 0x18be7c29980 0x14 0x0 0x0 0x320005 0x0 0x0 0x18be7ecf760 0x14 0x0 0x0 0x350004 0x0 0x0 0x18b9fbd3810 0x14 0x0 0x0 0x380004 0x0 0x0 0x18b9fbd3810 0x14 0x0 0x0 0x3c0003 0x14 0xfffffffffffffec8 0x0 0x0 0x0 0x0 0x0 0x0 0x9 0x1 0x0 oops 11 3 sun/reflect/generics/repository/ClassRepository 5 sun/reflect/generics/repository/MethodRepository 10 sun/reflect/generics/tree/ClassSignature 12 sun/reflect/generics/tree/MethodTypeSignature 17 sun/reflect/generics/tree/ClassSignature 19 sun/reflect/generics/tree/MethodTypeSignature 28 sun/reflect/generics/repository/ClassRepository 35 sun/reflect/generics/tree/FormalTypeParameter 42 sun/reflect/generics/visitor/Reifier 49 sun/reflect/generics/reflectiveObjects/TypeVariableImpl 56 sun/reflect/generics/reflectiveObjects/TypeVariableImpl methods 0
ciMethodData java/lang/ref/SoftReference <init> (Ljava/lang/Object;Ljava/lang/ref/ReferenceQueue;)V 2 6486 orig 80 0 0 0 0 0 0 0 0 0 0 0 0 248 127 0 0 0 0 0 0 0 0 0 0 0 0 0 0 0 0 0 0 0 0 0 0 0 0 0 0 0 0 0 0 0 0 0 0 0 0 0 0 0 0 0 0 0 0 0 0 0 0 0 0 0 0 0 0 0 0 0 0 0 0 0 0 0 0 0 0 data 11 0x30002 0x1795 0x0 0x0 0x0 0x0 0x9 0x3 0x36 0x0 0x0 oops 0 methods 0
ciMethodData org/springframework/core/ResolvableType forClass (Ljava/lang/Class;)Lorg/springframework/core/ResolvableType; 1 960 orig 80 0 0 0 0 0 0 0 0 0 0 0 0 248 127 0 0 0 0 0 0 0 0 0 0 0 0 0 0 0 0 0 0 0 0 0 0 0 0 0 0 0 0 0 0 0 0 0 0 0 0 0 0 0 0 0 0 0 0 0 0 0 0 0 0 0 0 0 0 0 0 0 0 0 0 0 0 0 0 0 0 data 8 0x50002 0x2b1 0x0 0x0 0x0 0x9 0x1 0x0 oops 0 methods 0
ciMethodData org/springframework/core/ResolvableType <init> (Ljava/lang/Class;)V 1 1148 orig 80 0 0 0 0 0 0 0 0 0 0 0 0 248 127 0 0 0 0 0 0 0 0 0 0 0 0 0 0 0 0 0 0 0 0 0 0 0 0 0 0 0 0 0 0 0 0 0 0 0 0 0 0 0 0 0 0 0 0 0 0 0 0 0 0 0 0 0 0 0 0 0 0 0 0 0 0 0 0 0 0 data 19 0x10002 0x36d 0x60007 0x0 0x38 0x36d 0xa0003 0x36d 0x18 0x0 0x0 0x0 0x0 0x0 0x0 0x9 0x2 0x1e 0x0 oops 0 methods 0
ciMethodData org/springframework/core/ResolvableType asVariableResolver ()Lorg/springframework/core/ResolvableType$VariableResolver; 1 1239 orig 80 0 0 0 0 0 0 0 0 0 0 0 0 248 127 0 0 0 0 0 0 0 0 0 0 0 0 0 0 0 0 0 0 0 0 0 0 0 0 0 0 0 0 0 0 0 0 0 0 0 0 0 0 0 0 0 0 0 0 0 0 0 0 0 0 0 0 0 0 0 0 0 0 0 0 0 0 0 0 0 0 data 15 0x40007 0x3d5 0x20 0x0 0xe0002 0x3d5 0x0 0x0 0x0 0x0 0x0 0x0 0x9 0x1 0x0 oops 0 methods 0
ciMethodData org/springframework/core/ResolvableType$DefaultVariableResolver <init> (Lorg/springframework/core/ResolvableType;)V 1 1239 orig 80 0 0 0 0 0 0 0 0 0 0 0 0 248 127 0 0 0 0 0 0 0 0 0 0 0 0 0 0 0 0 0 0 0 0 0 0 0 0 0 0 0 0 0 0 0 0 0 0 0 0 0 0 0 0 0 0 0 0 0 0 0 0 0 0 0 0 0 0 0 0 0 0 0 0 0 0 0 0 0 0 data 10 0x10002 0x3d3 0x0 0x0 0x0 0x0 0x9 0x2 0x6 0x0 oops 0 methods 0
ciMethodData org/springframework/core/ResolvableType forType (Ljava/lang/reflect/Type;Lorg/springframework/core/ResolvableType;)Lorg/springframework/core/ResolvableType; 1 802 orig 80 0 0 0 0 0 0 0 0 0 0 0 0 248 127 0 0 0 0 0 0 0 0 0 0 0 0 0 0 0 0 0 0 0 0 0 0 0 0 0 0 0 0 0 0 0 0 0 0 0 0 0 0 0 0 0 0 0 0 0 0 0 0 0 0 0 0 0 0 0 0 0 0 0 0 0 0 0 0 0 0 data 23 0x30007 0x0 0x58 0x220 0x70005 0x0 0x0 0x18be7781880 0x220 0x0 0x0 0xd0002 0x220 0x0 0x0 0x0 0x0 0x0 0x0 0x9 0x2 0x0 0x0 oops 1 7 org/springframework/core/ResolvableType methods 0
ciMethodData org/springframework/core/ResolvableType resolve (Ljava/lang/Class;)Ljava/lang/Class; 2 2582 orig 80 0 0 0 0 0 0 0 0 0 0 0 0 248 127 0 0 0 0 0 0 0 0 0 0 0 0 0 0 0 0 0 0 0 0 0 0 0 0 0 0 0 0 0 0 0 0 0 0 0 0 0 0 0 0 0 0 0 0 0 0 0 0 0 0 0 0 0 0 0 0 0 0 0 0 0 0 0 0 0 0 data 17 0x40007 0x0 0x38 0x893 0xb0003 0x893 0x18 0x0 0x0 0x0 0x0 0x0 0x0 0x9 0x2 0x0 0x0 oops 0 methods 0
ciMethodData org/springframework/core/ResolvableType getGenerics ()[Lorg/springframework/core/ResolvableType; 1 1213 orig 80 0 0 0 0 0 0 0 0 0 0 0 0 248 127 0 0 0 0 0 0 0 0 0 0 0 0 0 0 0 0 0 0 0 0 0 0 0 0 0 0 0 0 0 0 0 0 0 0 0 0 0 0 0 0 0 0 0 0 0 0 0 0 0 0 0 0 0 0 0 0 0 0 0 0 0 0 0 0 0 0 data 135 0x40007 0x338 0x20 0x0 0x110007 0x1fa 0x3c0 0x13e 0x1c0004 0xfffffffffffffee8 0x0 0x18b9f168ba0 0x26 0x18be7c240b0 0x26 0x1f0007 0x118 0x160 0x26 0x240004 0x0 0x0 0x18b9f168ba0 0x26 0x0 0x0 0x290005 0x26 0x0 0x0 0x0 0x0 0x0 0x310007 0x23 0xb8 0x3 0x420007 0x3 0x80 0x3 0x4e0002 0x3 0x510004 0x0 0x0 0x18be7781880 0x3 0x0 0x0 0x550003 0x3 0xffffffffffffff98 0x580003 0x3 0x18 0x5f0003 0x26 0x220 0x6a0004 0x0 0x0 0x18be7c240b0 0x10f 0x18be7c24160 0x3 0x6d0007 0x0 0x160 0x118 0x720004 0x0 0x0 0x18be7c240b0 0x10f 0x18be7c24160 0x3 0x770005 0x6 0x0 0x18be7c240b0 0x10f 0x18be7c24160 0x3 0x810007 0x0 0xb8 0x118 0x930007 0x118 0x80 0x153 0xa20002 0x153 0xa50004 0x0 0x0 0x18be7781880 0x153 0x0 0x0 0xa90003 0x153 0xffffffffffffff98 0xac0003 0x118 0x18 0xb30003 0x118 0x88 0xb70005 0x0 0x0 0x0 0x0 0x0 0x0 0xba0005 0x0 0x0 0x0 0x0 0x0 0x0 0x0 0x0 0x0 0x0 0x0 0x0 0x0 0x0 0x9 0x1 0x0 oops 11 11 java/lang/Class 13 sun/reflect/generics/reflectiveObjects/ParameterizedTypeImpl 22 java/lang/Class 46 org/springframework/core/ResolvableType 62 sun/reflect/generics/reflectiveObjects/ParameterizedTypeImpl 64 org/springframework/core/$Proxy6 73 sun/reflect/generics/reflectiveObjects/ParameterizedTypeImpl 75 org/springframework/core/$Proxy6 80 sun/reflect/generics/reflectiveObjects/ParameterizedTypeImpl 82 org/springframework/core/$Proxy6 97 org/springframework/core/ResolvableType methods 0
ciMethodData java/lang/Class getEnumConstantsShared ()[Ljava/lang/Object; 2 4873 orig 80 0 0 0 0 0 0 0 0 0 0 0 0 248 127 0 0 0 0 0 0 0 0 0 0 0 0 0 0 0 0 0 0 0 0 0 0 0 0 0 0 0 0 0 0 0 0 0 0 0 0 0 0 0 0 0 0 0 0 0 0 0 0 0 0 0 0 0 0 0 0 0 0 0 0 0 0 0 0 0 0 data 52 0x60007 0x11f7 0x158 0x12 0xa0005 0x12 0x0 0x0 0x0 0x0 0x0 0xd0007 0x12 0x20 0x0 0x1a0005 0x12 0x0 0x0 0x0 0x0 0x0 0x240002 0x12 0x270002 0x12 0x310005 0x12 0x0 0x0 0x0 0x0 0x0 0x340004 0x0 0x0 0x18be6f74fb0 0x1 0x18be6f750d0 0x1 0x3f0003 0x12 0x18 0x0 0x0 0x0 0x0 0x0 0x0 0x9 0x1 0xffffffffffffffff oops 2 36 [Lcom/fasterxml/jackson/databind/DeserializationFeature; 38 [Lcom/fasterxml/jackson/annotation/JsonProperty$Access; methods 0
ciMethodData java/lang/Class isEnum ()Z 1 940 orig 80 0 0 0 0 0 0 0 0 0 0 0 0 248 127 0 0 0 0 0 0 0 0 0 0 0 0 0 0 0 0 0 0 0 0 0 0 0 0 0 0 0 0 0 0 0 0 0 0 0 0 0 0 0 0 0 0 0 0 0 0 0 0 0 0 0 0 0 0 0 0 0 0 0 0 0 0 0 0 0 0 data 34 0x10005 0x37e 0x0 0x0 0x0 0x0 0x0 0x80007 0x7c 0x90 0x302 0xc0005 0x302 0x0 0x0 0x0 0x0 0x0 0x120007 0x0 0x38 0x302 0x160003 0x302 0x18 0x0 0x0 0x0 0x0 0x0 0x0 0x9 0x1 0xffffffffffffffff oops 0 methods 0
ciMethodData java/lang/Class getMethod (Ljava/lang/String;[Ljava/lang/Class;)Ljava/lang/reflect/Method; 1 414 orig 80 0 0 0 0 0 0 0 0 0 0 0 0 248 127 0 0 0 0 0 0 0 0 0 0 0 0 0 0 0 0 0 0 0 0 0 0 0 0 0 0 0 0 0 0 0 0 0 0 0 0 0 0 0 0 0 0 0 0 0 0 0 0 0 0 0 0 0 0 0 0 0 0 0 0 0 0 0 0 0 0 data 57 0x10002 0x162 0x50002 0x162 0xa0007 0x162 0x68 0x0 0x100002 0x0 0x140005 0x0 0x0 0x0 0x0 0x0 0x0 0x1a0005 0x162 0x0 0x0 0x0 0x0 0x0 0x210007 0x15c 0x68 0x6 0x2b0005 0x6 0x0 0x0 0x0 0x0 0x0 0x2e0002 0x6 0x320002 0x15c 0x370005 0x0 0x0 0x18be6803d10 0x15c 0x0 0x0 0x0 0x0 0x0 0x0 0x0 0x0 0x9 0x3 0xffffffffffffffff 0x0 0x0 oops 1 42 jdk/internal/reflect/ReflectionFactory methods 0
ciMethodData java/lang/Class$3 <init> (Ljava/lang/Class;Ljava/lang/reflect/Method;)V 1 31 orig 80 0 0 0 0 0 0 0 0 0 0 0 0 248 127 0 0 0 0 0 0 0 0 0 0 0 0 0 0 0 0 0 0 0 0 0 0 0 0 0 0 0 0 0 0 0 0 0 0 0 0 0 0 0 0 0 0 0 0 0 0 0 0 0 0 0 0 0 0 0 0 0 0 0 0 0 0 0 0 0 0 data 11 0xb0002 0x12 0x0 0x0 0x0 0x0 0x9 0x3 0x6 0x0 0x0 oops 0 methods 0
ciMethodData java/lang/Class$3 run ()Ljava/lang/Object; 1 31 orig 80 0 0 0 0 0 0 0 0 0 0 0 0 248 127 0 0 0 0 0 0 0 0 0 0 0 0 0 0 0 0 0 0 0 0 0 0 0 0 0 0 0 0 0 0 0 0 0 0 0 0 0 0 0 0 0 0 0 0 0 0 0 0 0 0 0 0 0 0 0 0 0 0 0 0 0 0 0 0 0 0 data 16 0x10005 0x0 0x0 0x18be6f74420 0x12 0x0 0x0 0x0 0x0 0x0 0x0 0x0 0x0 0x9 0x1 0x0 oops 1 3 java/lang/Class$3 methods 0
ciMethodData java/lang/Class$3 run ()Ljava/lang/Void; 1 31 orig 80 0 0 0 0 0 0 0 0 0 0 0 0 248 127 0 0 0 0 0 0 0 0 0 0 0 0 0 0 0 0 0 0 0 0 0 0 0 0 0 0 0 0 0 0 0 0 0 0 0 0 0 0 0 0 0 0 0 0 0 0 0 0 0 0 0 0 0 0 0 0 0 0 0 0 0 0 0 0 0 0 data 16 0x50005 0x12 0x0 0x0 0x0 0x0 0x0 0x0 0x0 0x0 0x0 0x0 0x0 0x9 0x1 0x0 oops 0 methods 0
ciMethodData java/lang/reflect/Method invoke (Ljava/lang/Object;[Ljava/lang/Object;)Ljava/lang/Object; 1 140 orig 80 0 0 0 0 0 0 0 0 0 0 0 0 248 127 0 0 0 0 0 0 0 0 0 0 0 0 0 0 0 0 0 0 0 0 0 0 0 0 0 0 0 0 0 0 0 0 0 0 0 0 0 0 0 0 0 0 0 0 0 0 0 0 0 0 0 0 0 0 0 0 0 0 0 0 0 0 0 0 0 0 data 58 0x40007 0x14 0xe8 0x5b 0x70002 0x5b 0x150002 0x5b 0x180007 0x5b 0x38 0x0 0x1c0003 0x0 0x50 0x200005 0x5b 0x0 0x0 0x0 0x0 0x0 0x270005 0x5b 0x0 0x0 0x0 0x0 0x0 0x300007 0x33 0x58 0x3c 0x340005 0x3c 0x0 0x0 0x0 0x0 0x0 0x3b0005 0x0 0x0 0x18be6c1ec90 0x6f 0x0 0x0 0x0 0x0 0x0 0x0 0x0 0x0 0x9 0x3 0xffffffffffffffff 0xffffffffffffffff 0xffffffffffffffff oops 1 43 jdk/internal/reflect/DelegatingMethodAccessorImpl methods 0
ciMethodData java/lang/reflect/Method acquireMethodAccessor ()Ljdk/internal/reflect/MethodAccessor; 1 81 orig 80 0 0 0 0 0 0 0 0 0 0 0 0 248 127 0 0 0 0 0 0 0 0 0 0 0 0 0 0 0 0 0 0 0 0 0 0 0 0 0 0 0 0 0 0 0 0 0 0 0 0 0 0 0 0 0 0 0 0 0 0 0 0 0 0 0 0 0 0 0 0 0 0 0 0 0 0 0 0 0 0 data 41 0x60007 0x0 0x58 0x3e 0xd0005 0x3e 0x0 0x0 0x0 0x0 0x0 0x120007 0x3e 0x38 0x0 0x1a0003 0x0 0x88 0x210005 0x0 0x0 0x18be6803d10 0x3e 0x0 0x0 0x270005 0x3e 0x0 0x0 0x0 0x0 0x0 0x0 0x0 0x0 0x0 0x0 0x0 0x9 0x1 0xffffffffffffffff oops 1 21 jdk/internal/reflect/ReflectionFactory methods 0
ciMethodData jdk/internal/misc/VM addFinalRefCount (I)V 1 0 orig 80 0 0 0 0 0 0 0 0 0 0 0 0 248 127 0 0 0 0 0 0 0 0 0 0 0 0 0 0 0 0 0 0 0 0 0 0 0 0 0 0 0 0 0 0 0 0 0 0 0 0 0 0 0 0 0 0 0 0 0 0 0 0 0 0 0 0 0 0 0 0 0 0 0 0 0 0 0 0 0 0 data 11 0xe0007 0x0 0x20 0x0 0x0 0x0 0x0 0x0 0x9 0x1 0x0 oops 0 methods 0
ciMethodData java/lang/System$2 getEnumConstantsShared (Ljava/lang/Class;)[Ljava/lang/Enum; 2 4853 orig 80 0 0 0 0 0 0 0 0 0 0 0 0 248 127 0 0 0 0 0 0 0 0 0 0 0 0 0 0 0 0 0 0 0 0 0 0 0 0 0 0 0 0 0 0 0 0 0 0 0 0 0 0 0 0 0 0 0 0 0 0 0 0 0 0 0 0 0 0 0 0 0 0 0 0 0 0 0 0 0 0 data 24 0x10005 0x11f5 0x0 0x0 0x0 0x0 0x0 0x40004 0x0 0x0 0x18be7d3ef90 0x72f 0x18be6f72a70 0x2 0x0 0x0 0x0 0x0 0x0 0x0 0x9 0x2 0x0 0x0 oops 2 10 [Lorg/springframework/util/ConcurrentReferenceHashMap$TaskOption; 12 [Lorg/springframework/boot/context/config/ConfigDataEnvironmentContributors$BinderOption; methods 0
ciMethodData java/util/Arrays stream ([Ljava/lang/Object;)Ljava/util/stream/Stream; 1 623 orig 80 0 0 0 0 0 0 0 0 0 0 0 0 248 127 0 0 0 0 0 0 0 0 0 0 0 0 0 0 0 0 0 0 0 0 0 0 0 0 0 0 0 0 0 0 0 0 0 0 0 0 0 0 0 0 0 0 0 0 0 0 0 0 0 0 0 0 0 0 0 0 0 0 0 0 0 0 0 0 0 0 data 11 0x40002 0x16f 0x0 0x0 0x0 0x0 0x0 0x0 0x9 0x1 0x0 oops 0 methods 0
ciMethodData java/util/Arrays stream ([Ljava/lang/Object;II)Ljava/util/stream/Stream; 1 623 orig 80 0 0 0 0 0 0 0 0 0 0 0 0 248 127 0 0 0 0 0 0 0 0 0 0 0 0 0 0 0 0 0 0 0 0 0 0 0 0 0 0 0 0 0 0 0 0 0 0 0 0 0 0 0 0 0 0 0 0 0 0 0 0 0 0 0 0 0 0 0 0 0 0 0 0 0 0 0 0 0 0 data 15 0x30002 0x16f 0x70002 0x16f 0x0 0x0 0x0 0x0 0x0 0x0 0x9 0x3 0x0 0x0 0x0 oops 0 methods 0
ciMethodData java/util/Arrays spliterator ([Ljava/lang/Object;II)Ljava/util/Spliterator; 1 623 orig 80 0 0 0 0 0 0 0 0 0 0 0 0 248 127 0 0 0 0 0 0 0 0 0 0 0 0 0 0 0 0 0 0 0 0 0 0 0 0 0 0 0 0 0 0 0 0 0 0 0 0 0 0 0 0 0 0 0 0 0 0 0 0 0 0 0 0 0 0 0 0 0 0 0 0 0 0 0 0 0 0 data 13 0x60002 0x16f 0x0 0x0 0x0 0x0 0x0 0x0 0x9 0x3 0x0 0x0 0x0 oops 0 methods 0
ciMethodData java/util/Spliterators spliterator ([Ljava/lang/Object;III)Ljava/util/Spliterator; 1 623 orig 80 0 0 0 0 0 0 0 0 0 0 0 0 248 127 0 0 0 0 0 0 0 0 0 0 0 0 0 0 0 0 0 0 0 0 0 0 0 0 0 0 0 0 0 0 0 0 0 0 0 0 0 0 0 0 0 0 0 0 0 0 0 0 0 0 0 0 0 0 0 0 0 0 0 0 0 0 0 0 0 0 data 25 0x10002 0x16f 0x40004 0x0 0x0 0x18be9610550 0x8 0x18be9610670 0x1a 0xa0002 0x16f 0x150002 0x16f 0x0 0x0 0x0 0x0 0x0 0x0 0x9 0x4 0x0 0x0 0x0 0x0 oops 2 5 [Lorg/springframework/core/io/Resource; 7 [Ljava/lang/reflect/Constructor; methods 0
ciMethodData java/util/EnumSet noneOf (Ljava/lang/Class;)Ljava/util/EnumSet; 2 4839 orig 80 0 0 0 0 0 0 0 0 0 0 0 0 248 127 0 0 0 0 0 0 0 0 0 0 0 0 0 0 0 0 0 0 0 0 0 0 0 0 0 0 0 0 0 0 0 0 0 0 0 0 0 0 0 0 0 0 0 0 0 0 0 0 0 0 0 0 0 0 0 0 0 0 0 0 0 0 0 0 0 0 data 48 0x10002 0x11e5 0x60007 0x11e5 0xe8 0x0 0x110002 0x0 0x150005 0x0 0x0 0x0 0x0 0x0 0x0 0x1a0005 0x0 0x0 0x0 0x0 0x0 0x0 0x1d0005 0x0 0x0 0x0 0x0 0x0 0x0 0x200002 0x0 0x280007 0x0 0x30 0x11e5 0x310002 0x11e5 0x3b0002 0x0 0x0 0x0 0x0 0x0 0x0 0x0 0x9 0x1 0x0 oops 0 methods 0
ciMethodData java/util/EnumSet getUniverse (Ljava/lang/Class;)[Ljava/lang/Enum; 2 4839 orig 80 0 0 0 0 0 0 0 0 0 0 0 0 248 127 0 0 0 0 0 0 0 0 0 0 0 0 0 0 0 0 0 0 0 0 0 0 0 0 0 0 0 0 0 0 0 0 0 0 0 0 0 0 0 0 0 0 0 0 0 0 0 0 0 0 0 0 0 0 0 0 0 0 0 0 0 0 0 0 0 0 data 18 0x2 0x11e5 0x40005 0x0 0x0 0x18be6f71030 0x11e5 0x0 0x0 0x0 0x0 0x0 0x0 0x0 0x0 0x9 0x1 0x0 oops 1 5 java/lang/System$2 methods 0
ciMethodData java/util/RegularEnumSet <init> (Ljava/lang/Class;[Ljava/lang/Enum;)V 2 4840 orig 80 0 0 0 0 0 0 0 0 0 0 0 0 248 127 0 0 0 0 0 0 0 0 0 0 0 0 0 0 0 0 0 0 0 0 0 0 0 0 0 0 0 0 0 0 0 0 0 0 0 0 0 0 0 0 0 0 0 0 0 0 0 0 0 0 0 0 0 0 0 0 0 0 0 0 0 0 0 0 0 0 data 11 0x30002 0x11e6 0x0 0x0 0x0 0x0 0x9 0x3 0x1e 0x0 0x0 oops 0 methods 0
ciMethodData java/util/EnumSet <init> (Ljava/lang/Class;[Ljava/lang/Enum;)V 2 4840 orig 80 0 0 0 0 0 0 0 0 0 0 0 0 248 127 0 0 0 0 0 0 0 0 0 0 0 0 0 0 0 0 0 0 0 0 0 0 0 0 0 0 0 0 0 0 0 0 0 0 0 0 0 0 0 0 0 0 0 0 0 0 0 0 0 0 0 0 0 0 0 0 0 0 0 0 0 0 0 0 0 0 data 11 0x10002 0x11e6 0x0 0x0 0x0 0x0 0x9 0x3 0x6 0x0 0x0 oops 0 methods 0
ciMethodData java/lang/Enum getDeclaringClass ()Ljava/lang/Class; 2 2093 orig 80 0 0 0 0 0 0 0 0 0 0 0 0 248 127 0 0 0 0 0 0 0 0 0 0 0 0 0 0 0 0 0 0 0 0 0 0 0 0 0 0 0 0 0 0 0 0 0 0 0 0 0 0 0 0 0 0 0 0 0 0 0 0 0 0 0 0 0 0 0 0 0 0 0 0 0 0 0 0 0 0 data 30 0x10005 0x72d 0x0 0x0 0x0 0x0 0x0 0x60005 0x72d 0x0 0x0 0x0 0x0 0x0 0xd0007 0x0 0x38 0x72d 0x110003 0x72d 0x18 0x0 0x0 0x0 0x0 0x0 0x0 0x9 0x1 0x0 oops 0 methods 0
ciMethodData java/lang/reflect/AccessibleObject verifyAccess (Ljava/lang/Class;Ljava/lang/Class;Ljava/lang/Class;I)Z 1 620 orig 80 0 0 0 0 0 0 0 0 0 0 0 0 248 127 0 0 0 0 0 0 0 0 0 0 0 0 0 0 0 0 0 0 0 0 0 0 0 0 0 0 0 0 0 0 0 0 0 0 0 0 0 0 0 0 0 0 0 0 0 0 0 0 0 0 0 0 0 0 0 0 0 0 0 0 0 0 0 0 0 0 data 60 0x20007 0x149 0x20 0x0 0x80007 0x1 0xc8 0x148 0xd0002 0x148 0x100007 0x148 0x98 0x0 0x150007 0x0 0x78 0x0 0x1b0005 0x0 0x0 0x0 0x0 0x0 0x0 0x1e0007 0x0 0x78 0x0 0x250005 0x149 0x0 0x0 0x0 0x0 0x0 0x280007 0x77 0x20 0xd2 0x330005 0x77 0x0 0x0 0x0 0x0 0x0 0x0 0x0 0x0 0x0 0x0 0x0 0x9 0x5 0x4 0xffffffffffffffff 0xffffffffffffffff 0xffffffffffffffff 0x0 oops 0 methods 0
ciMethodData java/util/EnumSet of (Ljava/lang/Enum;[Ljava/lang/Enum;)Ljava/util/EnumSet; 2 4128 orig 80 0 0 0 0 0 0 0 0 0 0 0 0 248 127 0 0 0 0 0 0 0 0 0 0 0 0 0 0 0 0 0 0 0 0 0 0 0 0 0 0 0 0 0 0 0 0 0 0 0 0 0 0 0 0 0 0 0 0 0 0 0 0 0 0 0 0 0 0 0 0 0 0 0 0 0 0 0 0 0 0 data 40 0x10005 0x710 0x0 0x0 0x0 0x0 0x0 0x40002 0x710 0xa0005 0x0 0x0 0x18be6f6d940 0x710 0x0 0x0 0x1b0007 0x710 0x70 0xe20 0x270005 0x0 0x0 0x18be6f6d940 0xe20 0x0 0x0 0x2e0003 0xe20 0xffffffffffffffa8 0x0 0x0 0x0 0x0 0x0 0x0 0x9 0x2 0x0 0x0 oops 2 12 java/util/RegularEnumSet 23 java/util/RegularEnumSet methods 0
ciMethodData sun/reflect/generics/repository/AbstractRepository getReifier ()Lsun/reflect/generics/visitor/Reifier; 1 245 orig 80 0 0 0 0 0 0 0 0 0 0 0 0 248 127 0 0 0 0 0 0 0 0 0 0 0 0 0 0 0 0 0 0 0 0 0 0 0 0 0 0 0 0 0 0 0 0 0 0 0 0 0 0 0 0 0 0 0 0 0 0 0 0 0 0 0 0 0 0 0 0 0 0 0 0 0 0 0 0 0 0 data 18 0x10005 0x51 0x0 0x0 0x0 0x0 0x0 0x40002 0x51 0x0 0x0 0x0 0x0 0x0 0x0 0x9 0x1 0x0 oops 0 methods 0
ciMethodData org/springframework/core/ResolvableType toClass ()Ljava/lang/Class; 2 2015 orig 80 0 0 0 0 0 0 0 0 0 0 0 0 248 127 0 0 0 0 0 0 0 0 0 0 0 0 0 0 0 0 0 0 0 0 0 0 0 0 0 0 0 0 0 0 0 0 0 0 0 0 0 0 0 0 0 0 0 0 0 0 0 0 0 0 0 0 0 0 0 0 0 0 0 0 0 0 0 0 0 0 data 16 0x30005 0x0 0x0 0x18be7781880 0x65e 0x0 0x0 0x0 0x0 0x0 0x0 0x0 0x0 0x9 0x1 0x0 oops 1 3 org/springframework/core/ResolvableType methods 0
ciMethodData org/springframework/util/ConcurrentReferenceHashMap$1 <init> (Lorg/springframework/util/ConcurrentReferenceHashMap;[Lorg/springframework/util/ConcurrentReferenceHashMap$TaskOption;ZLjava/lang/Object;)V 2 2064 orig 80 0 0 0 0 0 0 0 0 0 0 0 0 248 127 0 0 0 0 0 0 0 0 0 0 0 0 0 0 0 0 0 0 0 0 0 0 0 0 0 0 0 0 0 0 0 0 0 0 0 0 0 0 0 0 0 0 0 0 0 0 0 0 0 0 0 0 0 0 0 0 0 0 0 0 0 0 0 0 0 0 data 13 0x130002 0x721 0x0 0x0 0x0 0x0 0x9 0x5 0x0 0x0 0x0 0x0 0x0 oops 0 methods 0
ciMethodData org/springframework/util/ConcurrentReferenceHashMap$Task <init> (Lorg/springframework/util/ConcurrentReferenceHashMap;[Lorg/springframework/util/ConcurrentReferenceHashMap$TaskOption;)V 2 2064 orig 80 0 0 0 0 0 0 0 0 0 0 0 0 248 127 0 0 0 0 0 0 0 0 0 0 0 0 0 0 0 0 0 0 0 0 0 0 0 0 0 0 0 0 0 0 0 0 0 0 0 0 0 0 0 0 0 0 0 0 0 0 0 0 0 0 0 0 0 0 0 0 0 0 0 0 0 0 0 0 0 0 data 24 0x60002 0x721 0xc0007 0x721 0x48 0x0 0x110002 0x0 0x140003 0x0 0x28 0x1b0002 0x721 0x0 0x0 0x0 0x0 0x0 0x0 0x9 0x3 0x0 0x0 0x0 oops 0 methods 0
ciMethodData org/springframework/util/ConcurrentReferenceHashMap doTask (Ljava/lang/Object;Lorg/springframework/util/ConcurrentReferenceHashMap$Task;)Ljava/lang/Object; 2 2066 orig 80 0 0 0 0 0 0 0 0 0 0 0 0 248 127 0 0 0 0 0 0 0 0 0 0 0 0 0 0 0 0 0 0 0 0 0 0 0 0 0 0 0 0 0 0 0 0 0 0 0 0 0 0 0 0 0 0 0 0 0 0 0 0 0 0 0 0 0 0 0 0 0 0 0 0 0 0 0 0 0 0 data 32 0x20005 0x0 0x0 0x18be7ed4e80 0x723 0x0 0x0 0x80005 0x723 0x0 0x0 0x0 0x0 0x0 0xe0005 0x723 0x0 0x0 0x0 0x0 0x0 0x0 0x0 0x0 0x0 0x0 0x0 0x9 0x3 0x0 0x0 0x0 oops 1 3 org/springframework/util/ConcurrentReferenceHashMap methods 0
ciMethodData org/springframework/util/ConcurrentReferenceHashMap$Segment doTask (ILjava/lang/Object;Lorg/springframework/util/ConcurrentReferenceHashMap$Task;)Ljava/lang/Object; 2 2066 orig 80 0 0 0 0 0 0 0 0 0 0 0 0 248 127 0 0 0 0 0 0 0 0 0 0 0 0 0 0 0 0 0 0 0 0 0 0 0 0 0 0 0 0 0 0 0 0 0 0 0 0 0 0 0 0 0 0 0 0 0 0 0 0 0 0 0 0 0 0 0 0 0 0 0 0 0 0 0 0 0 0 data 167 0x40005 0x0 0x0 0x18be7d3ee10 0x712 0x0 0x0 0xd0005 0x0 0x0 0x18be7d3ee10 0x712 0x0 0x0 0x100007 0x0 0x58 0x712 0x160005 0x712 0x0 0x0 0x0 0x0 0x0 0x1d0005 0x0 0x0 0x18be7d3ee10 0x712 0x0 0x0 0x200007 0x712 0xb0 0x0 0x270005 0x0 0x0 0x0 0x0 0x0 0x0 0x2a0007 0x0 0x58 0x0 0x310005 0x0 0x0 0x0 0x0 0x0 0x0 0x360005 0x0 0x0 0x18be7e1ca20 0x712 0x0 0x0 0x3f0005 0x712 0x0 0x0 0x0 0x0 0x0 0x520005 0x712 0x0 0x0 0x0 0x0 0x0 0x590007 0x712 0x70 0x0 0x5e0005 0x0 0x0 0x0 0x0 0x0 0x0 0x630003 0x0 0x18 0x70000a 0x712 0x5 0x0 0x18be7e1ca20 0x1 0x2 0x18be8fc86a0 0x7e0005 0x0 0x0 0x18be7d3ee10 0x712 0x0 0x0 0x840005 0x0 0x0 0x18be7e1ca20 0x712 0x0 0x0 0x8b0005 0x0 0x0 0x18be7d3ee10 0x712 0x0 0x0 0x8e0007 0x712 0x58 0x0 0x940005 0x0 0x0 0x0 0x0 0x0 0x0 0x9d0005 0x0 0x0 0x0 0x0 0x0 0x0 0xa40005 0x0 0x0 0x0 0x0 0x0 0x0 0xa70007 0x0 0x58 0x0 0xad0005 0x0 0x0 0x0 0x0 0x0 0x0 0x0 0x0 0x0 0x0 0x0 0x0 0x0 0x9 0x4 0x0 0x0 0x0 0x0 oops 9 3 org/springframework/util/ConcurrentReferenceHashMap$1 10 org/springframework/util/ConcurrentReferenceHashMap$1 28 org/springframework/util/ConcurrentReferenceHashMap$1 57 org/springframework/util/ConcurrentReferenceHashMap$Segment 93 org/springframework/util/ConcurrentReferenceHashMap$Segment 96 org/springframework/util/ConcurrentReferenceHashMap$Segment$$Lambda$22+0x0000018ba1026e90 100 org/springframework/util/ConcurrentReferenceHashMap$1 107 org/springframework/util/ConcurrentReferenceHashMap$Segment 114 org/springframework/util/ConcurrentReferenceHashMap$1 methods 0
ciMethodData org/springframework/util/ConcurrentReferenceHashMap$1 execute (Lorg/springframework/util/ConcurrentReferenceHashMap$Reference;Lorg/springframework/util/ConcurrentReferenceHashMap$Entry;Lorg/springframework/util/ConcurrentReferenceHashMap$Entries;)Ljava/lang/Object; 2 2070 orig 80 0 0 0 0 0 0 0 0 0 0 0 0 248 127 0 0 0 0 0 0 0 0 0 0 0 0 0 0 0 0 0 0 0 0 0 0 0 0 0 0 0 0 0 0 0 0 0 0 0 0 0 0 0 0 0 0 0 0 0 0 0 0 0 0 0 0 0 0 0 0 0 0 0 0 0 0 0 0 0 0 data 50 0x10007 0x716 0xb0 0x0 0x50005 0x0 0x0 0x0 0x0 0x0 0x0 0xe0007 0x0 0x58 0x0 0x160005 0x0 0x0 0x0 0x0 0x0 0x0 0x1e0007 0x0 0x38 0x716 0x220003 0x716 0x18 0x280002 0x716 0x300005 0x0 0x0 0x18be8fc86a0 0x716 0x0 0x0 0x0 0x0 0x0 0x0 0x0 0x0 0x9 0x4 0x0 0x0 0x0 0x0 oops 1 34 org/springframework/util/ConcurrentReferenceHashMap$Segment$$Lambda$22+0x0000018ba1026e90 methods 0
ciMethodData org/springframework/util/ConcurrentReferenceHashMap$Segment$$Lambda$22+0x0000018ba1026e90 <init> (Lorg/springframework/util/ConcurrentReferenceHashMap$Segment;Ljava/lang/Object;ILorg/springframework/util/ConcurrentReferenceHashMap$Reference;I)V 2 2067 orig 80 0 0 0 0 0 0 0 0 0 0 0 0 248 127 0 0 0 0 0 0 0 0 0 0 0 0 0 0 0 0 0 0 0 0 0 0 0 0 0 0 0 0 0 0 0 0 0 0 0 0 0 0 0 0 0 0 0 0 0 0 0 0 0 0 0 0 0 0 0 0 0 0 0 0 0 0 0 0 0 0 data 14 0x10002 0x713 0x0 0x0 0x0 0x0 0x9 0x6 0x1e 0x0 0x0 0x0 0x0 0x0 oops 0 methods 0
ciMethodData org/springframework/util/ConcurrentReferenceHashMap$Segment$$Lambda$22+0x0000018ba1026e90 add (Ljava/lang/Object;)V 2 2069 orig 80 0 0 0 0 0 0 0 0 0 0 0 0 248 127 0 0 0 0 0 0 0 0 0 0 0 0 0 0 0 0 0 0 0 0 0 0 0 0 0 0 0 0 0 0 0 0 0 0 0 0 0 0 0 0 0 0 0 0 0 0 0 0 0 0 0 0 0 0 0 0 0 0 0 0 0 0 0 0 0 0 data 17 0x150005 0x714 0x0 0x0 0x0 0x0 0x0 0x0 0x0 0x0 0x0 0x0 0x0 0x9 0x2 0x0 0x0 oops 0 methods 0
ciMethodData org/springframework/util/ConcurrentReferenceHashMap$Segment lambda$doTask$0 (Ljava/lang/Object;ILorg/springframework/util/ConcurrentReferenceHashMap$Reference;ILjava/lang/Object;)V 2 2069 orig 80 0 0 0 0 0 0 0 0 0 0 0 0 248 127 0 0 0 0 0 0 0 0 0 0 0 0 0 0 0 0 0 0 0 0 0 0 0 0 0 0 0 0 0 0 0 0 0 0 0 0 0 0 0 0 0 0 0 0 0 0 0 0 0 0 0 0 0 0 0 0 0 0 0 0 0 0 0 0 0 0 data 37 0x70002 0x714 0x140005 0x0 0x0 0x18be7e1f0e0 0x714 0x0 0x0 0x210004 0x0 0x0 0x18be597ac10 0x714 0x0 0x0 0x260005 0x714 0x0 0x0 0x0 0x0 0x0 0x0 0x0 0x0 0x0 0x0 0x0 0x9 0x6 0x0 0x0 0x0 0x0 0x0 0x0 oops 2 5 org/springframework/util/ConcurrentReferenceHashMap$ReferenceManager 12 org/springframework/util/ConcurrentReferenceHashMap$SoftEntryReference methods 0
ciMethod org/springframework/beans/factory/support/DefaultListableBeanFactory containsBeanDefinition (Ljava/lang/String;)Z 54 0 7197 0 0
ciMethod org/springframework/beans/factory/support/AbstractAutowireCapableBeanFactory predictBeanType (Ljava/lang/String;Lorg/springframework/beans/factory/support/RootBeanDefinition;[Ljava/lang/Class;)Ljava/lang/Class; 326 0 5843 0 1472
ciMethod org/springframework/beans/factory/support/AbstractAutowireCapableBeanFactory determineTargetType (Ljava/lang/String;Lorg/springframework/beans/factory/support/RootBeanDefinition;[Ljava/lang/Class;)Ljava/lang/Class; 638 0 5840 0 -1
ciMethod org/springframework/beans/factory/support/AbstractAutowireCapableBeanFactory getTypeForFactoryBean (Ljava/lang/String;Lorg/springframework/beans/factory/support/RootBeanDefinition;Z)Lorg/springframework/core/ResolvableType; 10 0 192 0 -1
ciMethod org/springframework/beans/factory/support/AbstractAutowireCapableBeanFactory getTypeForFactoryBeanFromMethod (Ljava/lang/Class;Ljava/lang/String;)Lorg/springframework/core/ResolvableType; 0 0 1 0 -1
ciMethod org/springframework/beans/factory/support/AbstractAutowireCapableBeanFactory getSingletonFactoryBeanForTypeCheck (Ljava/lang/String;Lorg/springframework/beans/factory/support/RootBeanDefinition;)Lorg/springframework/beans/factory/FactoryBean; 0 0 1 0 -1
ciMethod org/springframework/beans/factory/support/AbstractAutowireCapableBeanFactory getNonSingletonFactoryBeanForTypeCheck (Ljava/lang/String;Lorg/springframework/beans/factory/support/RootBeanDefinition;)Lorg/springframework/beans/factory/FactoryBean; 0 0 1 0 -1
ciMethod org/springframework/beans/factory/support/AbstractBeanFactory isTypeMatch (Ljava/lang/String;Lorg/springframework/core/ResolvableType;Z)Z 554 0 20810 0 -1
ciMethod org/springframework/beans/factory/support/AbstractBeanFactory getParentBeanFactory ()Lorg/springframework/beans/factory/BeanFactory; 284 0 142 0 0
ciMethod org/springframework/beans/factory/support/AbstractBeanFactory getBeanPostProcessorCache ()Lorg/springframework/beans/factory/support/AbstractBeanFactory$BeanPostProcessorCache; 520 6 5738 0 -1
ciMethod org/springframework/beans/factory/support/AbstractBeanFactory hasInstantiationAwareBeanPostProcessors ()Z 638 0 5731 0 -1
ciMethod org/springframework/beans/factory/support/AbstractBeanFactory transformedBeanName (Ljava/lang/String;)Ljava/lang/String; 580 0 31978 0 0
ciMethod org/springframework/beans/factory/support/AbstractBeanFactory originalBeanName (Ljava/lang/String;)Ljava/lang/String; 0 0 1 0 -1
ciMethod org/springframework/beans/factory/support/AbstractBeanFactory getMergedLocalBeanDefinition (Ljava/lang/String;)Lorg/springframework/beans/factory/support/RootBeanDefinition; 234 0 6360 0 1984
ciMethod org/springframework/beans/factory/support/AbstractBeanFactory getMergedBeanDefinition (Ljava/lang/String;Lorg/springframework/beans/factory/config/BeanDefinition;)Lorg/springframework/beans/factory/support/RootBeanDefinition; 52 0 401 0 -1
ciMethod org/springframework/beans/factory/support/AbstractBeanFactory getMergedBeanDefinition (Ljava/lang/String;Lorg/springframework/beans/factory/config/BeanDefinition;Lorg/springframework/beans/factory/config/BeanDefinition;)Lorg/springframework/beans/factory/support/RootBeanDefinition; 52 0 386 0 -1
ciMethod org/springframework/beans/factory/support/AbstractBeanFactory predictBeanType (Ljava/lang/String;Lorg/springframework/beans/factory/support/RootBeanDefinition;[Ljava/lang/Class;)Ljava/lang/Class; 0 0 1 0 -1
ciMethod org/springframework/beans/factory/support/AbstractBeanFactory isFactoryBean (Ljava/lang/String;Lorg/springframework/beans/factory/support/RootBeanDefinition;)Z 368 0 5374 0 -1
ciMethod org/springframework/beans/factory/support/AbstractBeanFactory getTypeForFactoryBean (Ljava/lang/String;Lorg/springframework/beans/factory/support/RootBeanDefinition;Z)Lorg/springframework/core/ResolvableType; 0 0 1 0 -1
ciMethod org/springframework/beans/factory/support/AbstractBeanFactory isBeanEligibleForMetadataCaching (Ljava/lang/String;)Z 4 0 2 0 -1
ciMethod org/springframework/beans/factory/support/AbstractBeanFactory containsBeanDefinition (Ljava/lang/String;)Z 0 0 1 0 -1
ciMethod org/springframework/beans/factory/support/AbstractBeanFactory getBeanDefinition (Ljava/lang/String;)Lorg/springframework/beans/factory/config/BeanDefinition; 0 0 1 0 -1
ciMethod org/springframework/beans/factory/support/FactoryBeanRegistrySupport getTypeForFactoryBean (Lorg/springframework/beans/factory/FactoryBean;)Ljava/lang/Class; 16 0 191 0 0
ciMethod org/springframework/beans/factory/support/FactoryBeanRegistrySupport getTypeForFactoryBeanFromAttributes (Lorg/springframework/core/AttributeAccessor;)Lorg/springframework/core/ResolvableType; 390 0 192 0 -1
ciMethod org/springframework/beans/factory/support/FactoryBeanRegistrySupport getFactoryBeanGeneric (Lorg/springframework/core/ResolvableType;)Lorg/springframework/core/ResolvableType; 514 0 383 0 -1
ciMethod org/springframework/beans/factory/support/DefaultSingletonBeanRegistry getSingleton (Ljava/lang/String;Z)Ljava/lang/Object; 772 0 7352 0 4128
ciMethod org/springframework/beans/factory/support/DefaultSingletonBeanRegistry containsSingleton (Ljava/lang/String;)Z 514 0 47347 0 1920
ciMethod org/springframework/beans/factory/support/DefaultSingletonBeanRegistry isSingletonCurrentlyInCreation (Ljava/lang/String;)Z 144 0 3956 0 -1
ciMethod org/springframework/core/SimpleAliasRegistry canonicalName (Ljava/lang/String;)Ljava/lang/String; 578 0 32112 0 0
ciMethod org/springframework/beans/factory/support/RootBeanDefinition getDecoratedDefinition ()Lorg/springframework/beans/factory/config/BeanDefinitionHolder; 316 0 158 0 0
ciMethod org/springframework/beans/factory/support/RootBeanDefinition getTargetType ()Ljava/lang/Class; 326 0 5848 0 0
ciMethod org/springframework/beans/factory/support/AbstractBeanDefinition getBeanClass ()Ljava/lang/Class; 512 0 485 0 -1
ciMethod org/springframework/beans/factory/support/AbstractBeanDefinition hasBeanClass ()Z 550 0 32576 0 -1
ciMethod org/springframework/beans/factory/support/AbstractBeanDefinition isSingleton ()Z 70 0 105 0 -1
ciMethod org/springframework/beans/factory/support/AbstractBeanDefinition isLazyInit ()Z 62 0 18416 0 -1
ciMethod org/springframework/beans/factory/support/AbstractBeanDefinition getInstanceSupplier ()Ljava/util/function/Supplier; 260 0 130 0 -1
ciMethod org/springframework/beans/factory/support/AbstractBeanDefinition getFactoryBeanName ()Ljava/lang/String; 276 0 138 0 -1
ciMethod org/springframework/beans/factory/support/AbstractBeanDefinition getFactoryMethodName ()Ljava/lang/String; 260 0 130 0 -1
ciMethod org/springframework/beans/factory/support/AbstractBeanDefinition isSynthetic ()Z 264 0 132 0 -1
ciMethodData java/lang/reflect/AccessibleObject isAccessChecked (Ljava/lang/Class;Ljava/lang/Class;)Z 1 0 orig 80 0 0 0 0 0 0 0 0 0 0 0 0 248 127 0 0 0 0 0 0 0 0 0 0 0 0 0 0 0 0 0 0 0 0 0 0 0 0 0 0 0 0 0 0 0 0 0 0 0 0 0 0 0 0 0 0 0 0 0 0 0 0 0 0 0 0 0 0 0 0 0 0 0 0 0 0 0 0 0 0 data 36 0x60004 0x0 0x0 0x0 0x0 0x0 0x0 0x90007 0x0 0x90 0x0 0xd0004 0x0 0x0 0x0 0x0 0x0 0x0 0x120005 0x0 0x0 0x0 0x0 0x0 0x0 0x0 0x0 0x0 0x0 0x0 0x0 0x9 0x3 0x0 0xffffffffffffffff 0xffffffffffffffff oops 0 methods 0
ciMethodData java/lang/reflect/AccessibleObject isAccessChecked (Ljava/lang/Class;)Z 1 620 orig 80 0 0 0 0 0 0 0 0 0 0 0 0 248 127 0 0 0 0 0 0 0 0 0 0 0 0 0 0 0 0 0 0 0 0 0 0 0 0 0 0 0 0 0 0 0 0 0 0 0 0 0 0 0 0 0 0 0 0 0 0 0 0 0 0 0 0 0 0 0 0 0 0 0 0 0 0 0 0 0 0 data 35 0x60104 0x0 0x0 0x18b9f169c10 0x99 0x0 0x0 0x90007 0x2e 0x90 0x99 0xd0004 0x0 0x0 0x18b9f169c10 0x99 0x0 0x0 0x130005 0x99 0x0 0x0 0x0 0x0 0x0 0x0 0x0 0x0 0x0 0x0 0x0 0x9 0x2 0x0 0xffffffffffffffff oops 2 3 java/lang/ref/WeakReference 14 java/lang/ref/WeakReference methods 0
ciMethodData java/lang/reflect/AccessibleObject slowVerifyAccess (Ljava/lang/Class;Ljava/lang/Class;Ljava/lang/Class;I)Z 1 289 orig 80 0 0 0 0 0 0 0 0 0 0 0 0 248 127 0 0 0 0 0 0 0 0 0 0 0 0 0 0 0 0 0 0 0 0 0 0 0 0 0 0 0 0 0 0 0 0 0 0 0 0 0 0 0 0 0 0 0 0 0 0 0 0 0 0 0 0 0 0 0 0 0 0 0 0 0 0 0 0 0 0 data 46 0x10007 0x2e 0x30 0x0 0x70002 0x0 0x100002 0x2e 0x130007 0x2e 0x20 0x0 0x190007 0x1 0x98 0x2d 0x1e0002 0x2d 0x210007 0x2d 0x68 0x0 0x260007 0x0 0x48 0x0 0x2b0002 0x0 0x2e0003 0x0 0x28 0x360002 0x2e 0x0 0x0 0x0 0x0 0x0 0x0 0x9 0x5 0x4 0xffffffffffffffff 0xffffffffffffffff 0xffffffffffffffff 0x0 oops 0 methods 0
ciMethodData jdk/internal/reflect/Reflection verifyMemberAccess (Ljava/lang/Class;Ljava/lang/Class;Ljava/lang/Class;I)Z 1 306 orig 80 0 0 0 0 0 0 0 0 0 0 0 0 248 127 0 0 0 0 0 0 0 0 0 0 0 0 0 0 0 0 0 0 0 0 0 0 0 0 0 0 0 0 0 0 0 0 0 0 0 0 0 0 0 0 0 0 0 0 0 0 0 0 0 0 0 0 0 0 0 0 0 0 0 0 0 0 0 0 0 0 data 131 0x10002 0x32 0x60002 0x32 0xc0007 0x32 0x20 0x0 0x120005 0x32 0x0 0x0 0x0 0x0 0x0 0x160002 0x32 0x190007 0x32 0x20 0x0 0x250002 0x32 0x280002 0x32 0x2b0007 0x32 0x50 0x0 0x300002 0x0 0x3a0007 0x0 0x20 0x0 0x400002 0x32 0x430007 0x0 0x20 0x32 0x490002 0x0 0x4c0007 0x0 0x50 0x0 0x510002 0x0 0x540007 0x0 0x20 0x0 0x5d0002 0x0 0x600007 0x0 0x50 0x0 0x650002 0x0 0x680007 0x0 0x20 0x0 0x700007 0x0 0xa0 0x0 0x740002 0x0 0x770007 0x0 0x70 0x0 0x7c0007 0x0 0x30 0x0 0x810002 0x0 0x8b0007 0x0 0x20 0x0 0x930007 0x0 0x20 0x0 0x990007 0x0 0xf0 0x0 0x9d0002 0x0 0xa00007 0x0 0xc0 0x0 0xa50007 0x0 0xa0 0x0 0xaa0007 0x0 0x30 0x0 0xaf0002 0x0 0xb90007 0x0 0x50 0x0 0xbe0002 0x0 0xc10007 0x0 0x20 0x0 0x0 0x0 0x0 0x0 0x0 0x0 0x9 0x4 0x0 0x0 0x0 0x0 oops 0 methods 0
ciMethodData java/lang/Class privateGetDeclaredMethods (Z)[Ljava/lang/reflect/Method; 1 926 orig 80 0 0 0 0 0 0 0 0 0 0 0 0 248 127 0 0 0 0 0 0 0 0 0 0 0 0 0 0 0 0 0 0 0 0 0 0 0 0 0 0 0 0 0 0 0 0 0 0 0 0 0 0 0 0 0 0 0 0 0 0 0 0 0 0 0 0 0 0 0 0 0 0 0 0 0 0 0 0 0 0 data 52 0x10005 0x29a 0x0 0x0 0x0 0x0 0x0 0x60007 0x0 0x78 0x29a 0xa0007 0x105 0x38 0x195 0x110003 0x195 0x18 0x1a0007 0x125 0x20 0x175 0x220005 0x125 0x0 0x0 0x0 0x0 0x0 0x250002 0x125 0x2a0007 0x0 0x58 0x125 0x2e0007 0xd4 0x38 0x51 0x360003 0x51 0x18 0x0 0x0 0x0 0x0 0x0 0x0 0x9 0x2 0xffffffffffffffff 0x0 oops 0 methods 0
ciMethodData java/lang/PublicMethods$MethodList filter ([Ljava/lang/reflect/Method;Ljava/lang/String;[Ljava/lang/Class;Z)Ljava/lang/PublicMethods$MethodList; 1 2815 orig 80 0 0 0 0 0 0 0 0 0 0 0 0 248 127 0 0 0 0 0 0 0 0 0 0 0 0 0 0 0 0 0 0 0 0 0 0 0 0 0 0 0 0 0 0 0 0 0 0 0 0 0 0 0 0 0 0 0 0 0 0 0 0 0 0 0 0 0 0 0 0 0 0 0 0 0 0 0 0 0 0 data 53 0x150007 0xe1 0x148 0x51d 0x200007 0x4a7 0x88 0x76 0x250005 0x76 0x0 0x0 0x0 0x0 0x0 0x280002 0x76 0x2b0007 0x0 0xa8 0x76 0x320002 0x51d 0x350007 0x460 0x78 0xbd 0x3a0007 0x0 0x48 0xbd 0x430002 0xbd 0x4b0003 0xbd 0x28 0x560002 0x0 0x620003 0x51d 0xfffffffffffffed0 0x0 0x0 0x0 0x0 0x0 0x0 0x9 0x4 0x0 0x0 0x0 0x0 oops 0 methods 0
ciMethodData java/lang/Class getMethodsRecursive (Ljava/lang/String;[Ljava/lang/Class;Z)Ljava/lang/PublicMethods$MethodList; 1 487 orig 80 0 0 0 0 0 0 0 0 0 0 0 0 248 127 0 0 0 0 0 0 0 0 0 0 0 0 0 0 0 0 0 0 0 0 0 0 0 0 0 0 0 0 0 0 0 0 0 0 0 0 0 0 0 0 0 0 0 0 0 0 0 0 0 0 0 0 0 0 0 0 0 0 0 0 0 0 0 0 0 0 data 66 0x20005 0xe1 0x0 0x0 0x0 0x0 0x0 0xc0002 0xe1 0x130007 0x24 0x20 0xbd 0x1a0005 0x24 0x0 0x0 0x0 0x0 0x0 0x210007 0x22 0x58 0x2 0x290005 0x2 0x0 0x0 0x0 0x0 0x0 0x300005 0x24 0x0 0x0 0x0 0x0 0x0 0x410007 0x24 0x80 0x20 0x520005 0x20 0x0 0x0 0x0 0x0 0x0 0x550002 0x20 0x5d0003 0x20 0xffffffffffffff98 0x0 0x0 0x0 0x0 0x0 0x0 0x9 0x4 0xffffffffffffffff 0x0 0x0 0x0 oops 0 methods 0
ciMethodData java/lang/Class getMethod0 (Ljava/lang/String;[Ljava/lang/Class;)Ljava/lang/reflect/Method; 1 414 orig 80 0 0 0 0 0 0 0 0 0 0 0 0 248 127 0 0 0 0 0 0 0 0 0 0 0 0 0 0 0 0 0 0 0 0 0 0 0 0 0 0 0 0 0 0 0 0 0 0 0 0 0 0 0 0 0 0 0 0 0 0 0 0 0 0 0 0 0 0 0 0 0 0 0 0 0 0 0 0 0 0 data 39 0x30007 0x9d 0x38 0x0 0x90003 0x0 0x18 0xe0005 0x9d 0x0 0x0 0x0 0x0 0x0 0x130007 0x9b 0x38 0x2 0x170003 0x2 0x50 0x1b0005 0x9b 0x0 0x0 0x0 0x0 0x0 0x0 0x0 0x0 0x0 0x0 0x0 0x9 0x3 0xffffffffffffffff 0x0 0x0 oops 0 methods 0
ciMethodData java/lang/Class methodToString (Ljava/lang/String;[Ljava/lang/Class;)Ljava/lang/String; 1 19 orig 80 0 0 0 0 0 0 0 0 0 0 0 0 248 127 0 0 0 0 0 0 0 0 0 0 0 0 0 0 0 0 0 0 0 0 0 0 0 0 0 0 0 0 0 0 0 0 0 0 0 0 0 0 0 0 0 0 0 0 0 0 0 0 0 0 0 0 0 0 0 0 0 0 0 0 0 0 0 0 0 0 data 95 0x40002 0x5 0x80005 0x5 0x0 0x0 0x0 0x0 0x0 0xb0005 0x5 0x0 0x0 0x0 0x0 0x0 0x100005 0x5 0x0 0x0 0x0 0x0 0x0 0x140005 0x5 0x0 0x0 0x0 0x0 0x0 0x180007 0x0 0x40 0x5 0x1d0007 0x0 0x38 0x5 0x230003 0x5 0x100 0x270002 0x0 0x2a000a 0x0 0x1 0x0 0x2f0005 0x0 0x0 0x0 0x0 0x0 0x0 0x3c0002 0x0 0x3f0005 0x0 0x0 0x0 0x0 0x0 0x0 0x440004 0x0 0x0 0x0 0x0 0x0 0x0 0x470005 0x5 0x0 0x0 0x0 0x0 0x0 0x4a0005 0x5 0x0 0x0 0x0 0x0 0x0 0x0 0x0 0x0 0x0 0x0 0x0 0x9 0x3 0xffffffffffffffff 0x0 0x0 oops 0 methods 0
ciMethod org/springframework/beans/factory/ObjectFactory getObject ()Ljava/lang/Object; 0 0 1 0 -1
ciMethod org/springframework/beans/factory/config/BeanDefinitionHolder getBeanDefinition ()Lorg/springframework/beans/factory/config/BeanDefinition; 256 0 128 0 -1
ciMethod org/springframework/beans/factory/config/BeanDefinitionHolder getBeanName ()Ljava/lang/String; 258 0 129 0 -1
ciMethod org/springframework/beans/factory/config/SmartInstantiationAwareBeanPostProcessor predictBeanType (Ljava/lang/Class;Ljava/lang/String;)Ljava/lang/Class; 0 0 1 0 -1
ciMethod org/springframework/core/ResolvableType$WildcardBounds isSameKind (Lorg/springframework/core/ResolvableType$WildcardBounds;)Z 0 0 1 0 -1
ciMethod org/springframework/core/ResolvableType$WildcardBounds isAssignableFrom ([Lorg/springframework/core/ResolvableType;Ljava/util/Map;)Z 0 0 1 0 -1
ciMethod org/springframework/core/ResolvableType$WildcardBounds isAssignableFrom (Lorg/springframework/core/ResolvableType;Ljava/util/Map;)Z 12 12 6 0 -1
ciMethod org/springframework/core/ResolvableType$WildcardBounds isAssignableTo (Lorg/springframework/core/ResolvableType;Ljava/util/Map;)Z 0 0 1 0 -1
ciMethod org/springframework/core/ResolvableType$WildcardBounds equalsType (Lorg/springframework/core/ResolvableType;Ljava/util/Map;)Z 0 0 1 0 -1
ciMethod org/springframework/core/ResolvableType$WildcardBounds getBounds ()[Lorg/springframework/core/ResolvableType; 0 0 1 0 -1
ciMethod org/springframework/core/ResolvableType$WildcardBounds get (Lorg/springframework/core/ResolvableType;)Lorg/springframework/core/ResolvableType$WildcardBounds; 548 810 1490 0 -1
ciMethodData org/springframework/util/ConcurrentReferenceHashMap$ReferenceManager createReference (Lorg/springframework/util/ConcurrentReferenceHashMap$Entry;ILorg/springframework/util/ConcurrentReferenceHashMap$Reference;)Lorg/springframework/util/ConcurrentReferenceHashMap$Reference; 2 4456 orig 80 0 0 0 0 0 0 0 0 0 0 0 0 248 127 0 0 0 0 0 0 0 0 0 0 0 0 0 0 0 0 0 0 0 0 0 0 0 0 0 0 0 0 0 0 0 0 0 0 0 0 0 0 0 0 0 0 0 0 0 0 0 0 0 0 0 0 0 0 0 0 0 0 0 0 0 0 0 0 0 0 data 20 0xa0007 0xfe6 0x30 0x0 0x180002 0x0 0x270002 0xfe6 0x0 0x0 0x0 0x0 0x0 0x0 0x9 0x4 0x0 0x0 0x0 0x0 oops 0 methods 0
ciMethodData org/springframework/util/ConcurrentReferenceHashMap$SoftEntryReference <init> (Lorg/springframework/util/ConcurrentReferenceHashMap$Entry;ILorg/springframework/util/ConcurrentReferenceHashMap$Reference;Ljava/lang/ref/ReferenceQueue;)V 2 4456 orig 80 0 0 0 0 0 0 0 0 0 0 0 0 248 127 0 0 0 0 0 0 0 0 0 0 0 0 0 0 0 0 0 0 0 0 0 0 0 0 0 0 0 0 0 0 0 0 0 0 0 0 0 0 0 0 0 0 0 0 0 0 0 0 0 0 0 0 0 0 0 0 0 0 0 0 0 0 0 0 0 0 data 13 0x40002 0xfe6 0x0 0x0 0x0 0x0 0x9 0x5 0x3e 0x0 0x0 0x0 0x0 oops 0 methods 0
ciMethod org/springframework/beans/factory/BeanFactoryUtils isFactoryDereference (Ljava/lang/String;)Z 524 0 23270 0 192
ciMethod org/springframework/beans/factory/BeanFactoryUtils transformedBeanName (Ljava/lang/String;)Ljava/lang/String; 580 0 5724 0 256
ciMethod org/springframework/beans/factory/FactoryBean getObjectType ()Ljava/lang/Class; 0 0 1 0 -1
ciMethodData org/springframework/util/ConcurrentReferenceHashMap$Entry <init> (Ljava/lang/Object;Ljava/lang/Object;)V 2 2069 orig 80 0 0 0 0 0 0 0 0 0 0 0 0 248 127 0 0 0 0 0 0 0 0 0 0 0 0 0 0 0 0 0 0 0 0 0 0 0 0 0 0 0 0 0 0 0 0 0 0 0 0 0 0 0 0 0 0 0 0 0 0 0 0 0 0 0 0 0 0 0 0 0 0 0 0 0 0 0 0 0 0 data 11 0x10002 0x695 0x0 0x0 0x0 0x0 0x9 0x3 0x6 0x0 0x0 oops 0 methods 0
ciMethodData org/springframework/core/SimpleAliasRegistry canonicalName (Ljava/lang/String;)Ljava/lang/String; 2 32114 orig 80 0 0 0 0 0 0 0 0 0 0 0 0 248 127 0 0 0 0 0 0 0 0 0 0 0 0 0 0 0 0 0 0 0 0 0 0 0 0 0 0 0 0 0 0 0 0 0 0 0 0 0 0 0 0 0 0 0 0 0 0 0 0 0 0 0 0 0 0 0 0 0 0 0 0 0 0 0 0 0 0 data 32 0x70005 0x0 0x0 0x18b9f16bce0 0x7c51 0x0 0x0 0xc0104 0x0 0x0 0x0 0x0 0x0 0x0 0x110007 0x7c51 0x20 0x0 0x170007 0x0 0xffffffffffffff70 0x7c51 0x0 0x0 0x0 0x0 0x0 0x0 0x9 0x2 0x0 0x0 oops 1 3 java/util/concurrent/ConcurrentHashMap methods 0
ciMethodData org/springframework/beans/factory/support/AbstractBeanFactory transformedBeanName (Ljava/lang/String;)Ljava/lang/String; 2 32111 orig 80 0 0 0 0 0 0 0 0 0 0 0 0 248 127 0 0 0 0 0 0 0 0 0 0 0 0 0 0 0 0 0 0 0 0 0 0 0 0 0 0 0 0 0 0 0 0 0 0 0 0 0 0 0 0 0 0 0 0 0 0 0 0 0 0 0 0 0 0 0 0 0 0 0 0 0 0 0 0 0 0 data 19 0x20002 0x7c4d 0x50005 0x0 0x0 0x18be7783680 0x7c4d 0x0 0x0 0x0 0x0 0x0 0x0 0x0 0x0 0x9 0x2 0x0 0x0 oops 1 5 org/springframework/beans/factory/support/DefaultListableBeanFactory methods 0
ciMethodData org/springframework/beans/factory/BeanFactoryUtils transformedBeanName (Ljava/lang/String;)Ljava/lang/String; 2 5724 orig 80 0 0 0 0 0 0 0 0 0 0 0 0 248 127 0 0 0 0 0 0 0 0 0 0 0 0 0 0 0 0 0 0 0 0 0 0 0 0 0 0 0 0 0 0 0 0 0 0 0 0 0 0 0 0 0 0 0 0 0 0 0 0 0 0 0 0 0 0 0 0 0 0 0 0 0 0 0 0 0 0 data 51 0x30002 0x153a 0x70005 0x153a 0x0 0x0 0x0 0x0 0x0 0xa0007 0x0 0x78 0x153a 0xf0005 0x153a 0x0 0x0 0x0 0x0 0x0 0x140007 0x44 0x20 0x14f6 0x1d000a 0x44 0x1 0x18be7864ba0 0x220005 0x0 0x0 0x18b9f16bce0 0x44 0x0 0x0 0x270004 0x0 0x0 0x18b9f168b10 0x44 0x0 0x0 0x0 0x0 0x0 0x0 0x0 0x0 0x9 0x1 0x0 oops 3 27 org/springframework/beans/factory/BeanFactoryUtils$$Lambda$501+0x0000018ba12d0c10 31 java/util/concurrent/ConcurrentHashMap 38 java/lang/String methods 0
ciMethodData org/springframework/util/ClassUtils isAssignable (Ljava/lang/Class;Ljava/lang/Class;)Z 2 5430 orig 80 0 0 0 0 0 0 0 0 0 0 0 0 248 127 0 0 0 0 0 0 0 0 0 0 0 0 0 0 0 0 0 0 0 0 0 0 0 0 0 0 0 0 0 0 0 0 0 0 0 0 0 0 0 0 0 0 0 0 0 0 0 0 0 0 0 0 0 0 0 0 0 0 0 0 0 0 0 0 0 0 data 100 0x30002 0x1432 0x90002 0x1432 0xe0005 0x1432 0x0 0x0 0x0 0x0 0x0 0x110007 0x1426 0x20 0xc 0x170005 0x1426 0x0 0x0 0x0 0x0 0x0 0x1a0007 0x1426 0xc8 0x0 0x210005 0x0 0x0 0x0 0x0 0x0 0x0 0x260004 0x0 0x0 0x0 0x0 0x0 0x0 0x2c0007 0x0 0x38 0x0 0x300003 0x0 0x18 0x360005 0x1426 0x0 0x0 0x0 0x0 0x0 0x390007 0x1426 0x120 0x0 0x400005 0x0 0x0 0x0 0x0 0x0 0x0 0x450004 0x0 0x0 0x0 0x0 0x0 0x0 0x4a0007 0x0 0x90 0x0 0x4f0005 0x0 0x0 0x0 0x0 0x0 0x0 0x520007 0x0 0x38 0x0 0x560003 0x0 0x18 0x0 0x0 0x0 0x0 0x0 0x0 0x9 0x2 0xffffffffffffffff 0xffffffffffffffff oops 0 methods 0
ciMethodData org/springframework/beans/factory/BeanFactoryUtils isFactoryDereference (Ljava/lang/String;)Z 2 23400 orig 80 0 0 0 0 0 0 0 0 0 0 0 0 248 127 0 0 0 0 0 0 0 0 0 0 0 0 0 0 0 0 0 0 0 0 0 0 0 0 0 0 0 0 0 0 0 0 0 0 0 0 0 0 0 0 0 0 0 0 0 0 0 0 0 0 0 0 0 0 0 0 0 0 0 0 0 0 0 0 0 0 data 38 0x10007 0x0 0xe8 0x5a62 0x50005 0x5a62 0x0 0x0 0x0 0x0 0x0 0x80007 0x0 0x90 0x5a62 0xd0005 0x5a62 0x0 0x0 0x0 0x0 0x0 0x120007 0x5971 0x38 0xf1 0x160003 0xf1 0x18 0x0 0x0 0x0 0x0 0x0 0x0 0x9 0x1 0x0 oops 0 methods 0
ciMethodData org/springframework/beans/factory/support/DefaultSingletonBeanRegistry getSingleton (Ljava/lang/String;Z)Ljava/lang/Object; 2 7352 orig 80 0 0 0 0 0 0 0 0 0 0 0 0 248 127 0 0 0 0 0 0 0 0 0 0 0 0 0 0 0 0 0 0 0 0 0 0 0 0 0 0 0 0 0 0 0 0 0 0 0 0 0 0 0 0 0 0 0 0 0 0 0 0 0 0 0 0 0 0 0 0 0 0 0 0 0 0 0 0 0 0 data 152 0x50005 0x0 0x0 0x18b9f16bce0 0x1b36 0x0 0x0 0xc0007 0xc0a 0x428 0xf2c 0x110005 0x0 0x0 0x18be7783680 0xf2c 0x0 0x0 0x140007 0xf2c 0x3d0 0x0 0x1c0005 0x0 0x0 0x0 0x0 0x0 0x0 0x230007 0x0 0x378 0x0 0x270007 0x0 0x358 0x0 0x2e0005 0x0 0x0 0x0 0x0 0x0 0x0 0x330007 0x0 0x20 0x0 0x3d0005 0x0 0x0 0x0 0x0 0x0 0x0 0x440007 0x0 0x220 0x0 0x4c0005 0x0 0x0 0x0 0x0 0x0 0x0 0x530007 0x0 0x1c8 0x0 0x5b0005 0x0 0x0 0x0 0x0 0x0 0x0 0x600004 0x0 0x0 0x0 0x0 0x0 0x0 0x670007 0x0 0x138 0x0 0x6c0005 0x0 0x0 0x0 0x0 0x0 0x0 0x770005 0x0 0x0 0x0 0x0 0x0 0x0 0x7c0007 0x0 0x70 0x0 0x850005 0x0 0x0 0x0 0x0 0x0 0x0 0x8b0003 0x0 0x50 0x930005 0x0 0x0 0x0 0x0 0x0 0x0 0x9d0005 0x0 0x0 0x0 0x0 0x0 0x0 0xa20003 0x0 0x50 0xab0005 0x0 0x0 0x0 0x0 0x0 0x0 0x0 0x0 0x0 0x0 0x0 0x0 0x0 0x9 0x3 0x0 0x0 0x0 oops 2 3 java/util/concurrent/ConcurrentHashMap 14 org/springframework/beans/factory/support/DefaultListableBeanFactory methods 0
ciMethodData org/springframework/beans/factory/support/DefaultSingletonBeanRegistry containsSingleton (Ljava/lang/String;)Z 2 54389 orig 80 0 0 0 0 0 0 0 0 0 0 0 0 248 127 0 0 0 0 0 0 0 0 0 0 0 0 0 0 0 0 0 0 0 0 0 0 0 0 0 0 0 0 0 0 0 0 0 0 0 0 0 0 0 0 0 0 0 0 0 0 0 0 0 0 0 0 0 0 0 0 0 0 0 0 0 0 0 0 0 0 data 17 0x50005 0x0 0x0 0x18b9f16bce0 0xd374 0x0 0x0 0x0 0x0 0x0 0x0 0x0 0x0 0x9 0x2 0x0 0xffffffffffffffff oops 1 3 java/util/concurrent/ConcurrentHashMap methods 0
ciMethodData org/springframework/beans/factory/support/DefaultListableBeanFactory containsBeanDefinition (Ljava/lang/String;)Z 2 7199 orig 80 0 0 0 0 0 0 0 0 0 0 0 0 248 127 0 0 0 0 0 0 0 0 0 0 0 0 0 0 0 0 0 0 0 0 0 0 0 0 0 0 0 0 0 0 0 0 0 0 0 0 0 0 0 0 0 0 0 0 0 0 0 0 0 0 0 0 0 0 0 0 0 0 0 0 0 0 0 0 0 0 data 19 0x30002 0x1c04 0xb0005 0x0 0x0 0x18b9f16bce0 0x1c04 0x0 0x0 0x0 0x0 0x0 0x0 0x0 0x0 0x9 0x2 0x0 0xffffffffffffffff oops 1 5 java/util/concurrent/ConcurrentHashMap methods 0
ciMethodData org/springframework/beans/factory/support/AbstractBeanFactory getMergedLocalBeanDefinition (Ljava/lang/String;)Lorg/springframework/beans/factory/support/RootBeanDefinition; 2 8166 orig 80 1 0 0 0 0 0 0 0 0 0 0 0 248 127 0 0 0 0 0 0 0 0 0 0 0 0 0 0 0 0 0 0 0 0 0 0 0 0 0 1 0 0 0 0 0 0 0 0 0 0 0 0 0 0 0 0 0 0 0 0 0 0 0 0 0 0 0 0 0 0 0 0 0 0 0 0 0 0 0 0 data 46 0x50005 0x0 0x0 0x18b9f16bce0 0x1f71 0x0 0x0 0xa0104 0x0 0x0 0x18be77839f0 0x124a 0x18be7783aa0 0xcd1 0xf0007 0x56 0x40 0x1f1b 0x8000000600160007 0x4 0x20 0x1f18 0x1f0005 0x0 0x0 0x18be7783680 0x5a 0x0 0x0 0x220005 0x0 0x0 0x18be7783680 0x5a 0x0 0x0 0x0 0x0 0x0 0x0 0x0 0x0 0x9 0x2 0xffffffffffffffff 0xffffffffffffffff oops 5 3 java/util/concurrent/ConcurrentHashMap 10 org/springframework/beans/factory/support/RootBeanDefinition 12 org/springframework/context/annotation/ConfigurationClassBeanDefinitionReader$ConfigurationClassBeanDefinition 25 org/springframework/beans/factory/support/DefaultListableBeanFactory 32 org/springframework/beans/factory/support/DefaultListableBeanFactory methods 0
ciMethodData org/springframework/core/ResolvableType hasGenerics ()Z 2 2459 orig 80 0 0 0 0 0 0 0 0 0 0 0 0 248 127 0 0 0 0 0 0 0 0 0 0 0 0 0 0 0 0 0 0 0 0 0 0 0 0 0 0 0 0 0 0 0 0 0 0 0 0 0 0 0 0 0 0 0 0 0 0 0 0 0 0 0 0 0 0 0 0 0 0 0 0 0 0 0 0 0 0 data 23 0x10005 0x0 0x0 0x18be7783940 0x83c 0x18be7781880 0x51 0x50007 0x83c 0x38 0x51 0x90003 0x51 0x18 0x0 0x0 0x0 0x0 0x0 0x0 0x9 0x1 0xffffffffffffffff oops 2 3 org/springframework/core/ResolvableType$1 5 org/springframework/core/ResolvableType methods 0
ciMethodData org/springframework/beans/factory/support/AbstractBeanFactory isTypeMatch (Ljava/lang/String;Lorg/springframework/core/ResolvableType;Z)Z 2 20854 orig 80 1 0 0 0 0 0 0 0 0 0 0 0 248 127 0 0 0 0 0 0 0 0 0 0 0 0 0 0 0 0 0 0 0 0 0 0 0 0 0 0 0 0 0 0 0 0 0 0 0 0 0 0 0 0 0 0 0 0 0 0 0 0 0 0 0 0 0 0 0 0 0 0 0 0 0 0 0 0 0 0 data 658 0x20005 0x0 0x0 0x18be7783680 0x5048 0x0 0x0 0x80002 0x5048 0x110005 0x0 0x0 0x18be7783680 0x5048 0x0 0x0 0x180007 0x47c2 0x950 0x886 0x1d0005 0x886 0x0 0x0 0x0 0x0 0x0 0x230007 0x0 0x8f8 0x886 0x280004 0xfffffffffffff85e 0x0 0x18be7783730 0x3 0x18be77837e0 0x2 0x2b0007 0x7a2 0x500 0xe4 0x300004 0x0 0x0 0x18be7783890 0xe4 0x0 0x0 0x370007 0x72 0x4c8 0x72 0x3d0005 0x0 0x0 0x18be7783680 0x72 0x0 0x0 0x440007 0x72 0x20 0x0 0x4c0005 0x0 0x0 0x18be7783940 0x6e 0x18be7781880 0x4 0x4f0007 0x72 0x20 0x0 0x550005 0x0 0x0 0x18be7783940 0x6e 0x18be7781880 0x4 0x580007 0x6e 0x3a0 0x4 0x5e0005 0x0 0x0 0x18be7783680 0x4 0x0 0x0 0x610007 0x0 0x348 0x4 0x670005 0x0 0x0 0x18be7783680 0x4 0x0 0x0 0x750007 0x4 0x20 0x0 0x810007 0x4 0x20 0x0 0x880005 0x0 0x0 0x18be7781880 0x4 0x0 0x0 0x8f0007 0x0 0x240 0x4 0x970005 0x4 0x0 0x0 0x0 0x0 0x0 0x9a0007 0x0 0x1e8 0x4 0x9e0005 0x0 0x0 0x18be7781880 0x4 0x0 0x0 0xa50007 0x0 0x178 0x4 0xad0005 0x4 0x0 0x0 0x0 0x0 0x0 0xb00007 0x0 0x120 0x4 0xb70005 0x0 0x0 0x18be7781880 0x4 0x0 0x0 0xba0005 0x4 0x0 0x0 0x0 0x0 0x0 0xbd0007 0x0 0x90 0x4 0xc60005 0x0 0x0 0x18be7781880 0x4 0x0 0x0 0xc90005 0x0 0x0 0x18be7781880 0x4 0x0 0x0 0xcd0003 0x0 0x50 0xd30005 0x0 0x0 0x0 0x0 0x0 0x0 0xdb0007 0x7a2 0x20 0x0 0xe30005 0x0 0x0 0x18be7783940 0x7cc 0x18be7781880 0x48 0xe60007 0x813 0x20 0x1 0xec0005 0x0 0x0 0x18be7783940 0x7cb 0x18be7781880 0x48 0xef0007 0x7cb 0x2f0 0x48 0xf50005 0x0 0x0 0x18be7783680 0x48 0x0 0x0 0xf80007 0x40 0x298 0x8 0xfe0005 0x0 0x0 0x18be7783680 0x8 0x0 0x0 0x1050005 0x0 0x0 0x18be77839f0 0x8 0x0 0x0 0x10c0007 0x0 0x158 0x8 0x1130002 0x8 0x1160007 0x8 0x128 0x0 0x11a0005 0x0 0x0 0x0 0x0 0x0 0x0 0x1210007 0x0 0x78 0x0 0x1280005 0x0 0x0 0x0 0x0 0x0 0x0 0x12b0007 0x0 0x20 0x0 0x1330005 0x0 0x0 0x0 0x0 0x0 0x0 0x1360007 0x0 0x20 0x0 0x1440007 0x4 0x20 0x4 0x1500007 0x4 0x90 0x4 0x1560005 0x0 0x0 0x18be7781880 0x4 0x0 0x0 0x1590007 0x4 0x38 0x0 0x15d0003 0x0 0x18 0x1670005 0x0 0x0 0x18be7783680 0x47c3 0x0 0x0 0x16a0007 0x47c3 0x78 0x0 0x1700005 0x0 0x0 0x0 0x0 0x0 0x0 0x1730007 0x0 0x20 0x0 0x1790005 0x0 0x0 0x18be7783680 0x47c3 0x0 0x0 0x1800007 0x47c3 0xe8 0x0 0x1860005 0x0 0x0 0x0 0x0 0x0 0x0 0x1890007 0x0 0x90 0x0 0x1900005 0x0 0x0 0x0 0x0 0x0 0x0 0x1940005 0x0 0x0 0x0 0x0 0x0 0x0 0x19d0005 0x0 0x0 0x18be7783680 0x47c3 0x0 0x0 0x1a40005 0x0 0x0 0x18be7783aa0 0x26aa 0x18be77839f0 0x2119 0x1aa0005 0x0 0x0 0x18be7783940 0x4653 0x18be7781880 0x170 0x1b10007 0x47c3 0x20 0x0 0x1be0007 0x47c3 0x70 0x0 0x1c90004 0x0 0x0 0x0 0x0 0x0 0x0 0x1ca0003 0x0 0x88 0x1d60004 0x0 0x0 0x18b9f168ba0 0x47c3 0x0 0x0 0x1db0004 0x0 0x0 0x18b9f168ba0 0x47c3 0x0 0x0 0x1e30007 0x73 0x2a0 0x4750 0x1e80007 0x4750 0x280 0x0 0x1f00005 0x0 0x0 0x0 0x0 0x0 0x0 0x1f30007 0x0 0x228 0x0 0x1f80005 0x0 0x0 0x0 0x0 0x0 0x0 0x1fb0007 0x0 0x40 0x0 0x1ff0007 0x0 0x1b0 0x0 0x2050005 0x0 0x0 0x0 0x0 0x0 0x0 0x20a0005 0x0 0x0 0x0 0x0 0x0 0x0 0x20f0005 0x0 0x0 0x0 0x0 0x0 0x0 0x2170005 0x0 0x0 0x0 0x0 0x0 0x0 0x21e0005 0x0 0x0 0x0 0x0 0x0 0x0 0x2250007 0x0 0x78 0x0 0x22d0005 0x0 0x0 0x0 0x0 0x0 0x0 0x2300007 0x0 0x20 0x0 0x2390007 0x0 0x78 0x47c3 0x2430005 0x0 0x0 0x18be7783680 0x47c3 0x0 0x0 0x24a0007 0x47c3 0x20 0x0 0x2570005 0x47c3 0x0 0x0 0x0 0x0 0x0 0x25a0007 0x46df 0xf0 0xe4 0x25f0007 0x0 0x1d8 0xe4 0x2640007 0x73 0x1b8 0x71 0x26d0005 0x0 0x0 0x18be7783680 0x71 0x0 0x0 0x2740005 0x0 0x0 0x18be7781880 0x71 0x0 0x0 0x27b0007 0x71 0x128 0x0 0x2820007 0x46df 0x108 0x0 0x2930004 0x0 0x0 0x0 0x0 0x0 0x0 0x2940005 0x0 0x0 0x0 0x0 0x0 0x0 0x29b0007 0x0 0x78 0x0 0x2a30005 0x0 0x0 0x0 0x0 0x0 0x0 0x2a60007 0x0 0x20 0x0 0x2ad0007 0x71 0xb8 0x4752 0x2b90007 0x0 0x20 0x4752 0x2c50007 0x2035 0x78 0x271d 0x2ca0005 0x0 0x0 0x18be7781880 0x271d 0x0 0x0 0x2cf0007 0x0 0x20 0x271d 0x2d80007 0x2035 0x58 0x278e 0x2de0005 0x0 0x0 0x18be7783940 0x26ba 0x18be7781880 0xd4 0x2e50005 0x0 0x0 0x18be7783940 0x1f99 0x18be7781880 0x9c 0x0 0x0 0x0 0x0 0x0 0x0 0x0 0x0 0x0 0x0 0x0 0x0 0x0 0x0 0x0 0x0 0x0 0x9 0x4 0x0 0x0 0x0 0x0 oops 42 3 org/springframework/beans/factory/support/DefaultListableBeanFactory 12 org/springframework/beans/factory/support/DefaultListableBeanFactory 34 org/springframework/boot/context/ContextIdApplicationContextInitializer$ContextId 36 org/springframework/boot/autoconfigure/condition/ConditionEvaluationReport 45 org/springframework/boot/autoconfigure/SharedMetadataReaderFactoryContextInitializer$SharedMetadataReaderFactoryBean 56 org/springframework/beans/factory/support/DefaultListableBeanFactory 67 org/springframework/core/ResolvableType$1 69 org/springframework/core/ResolvableType 78 org/springframework/core/ResolvableType$1 80 org/springframework/core/ResolvableType 89 org/springframework/beans/factory/support/DefaultListableBeanFactory 100 org/springframework/beans/factory/support/DefaultListableBeanFactory 115 org/springframework/core/ResolvableType 137 org/springframework/core/ResolvableType 159 org/springframework/core/ResolvableType 177 org/springframework/core/ResolvableType 184 org/springframework/core/ResolvableType 205 org/springframework/core/ResolvableType$1 207 org/springframework/core/ResolvableType 216 org/springframework/core/ResolvableType$1 218 org/springframework/core/ResolvableType 227 org/springframework/beans/factory/support/DefaultListableBeanFactory 238 org/springframework/beans/factory/support/DefaultListableBeanFactory 245 org/springframework/beans/factory/support/RootBeanDefinition 303 org/springframework/core/ResolvableType 317 org/springframework/beans/factory/support/DefaultListableBeanFactory 339 org/springframework/beans/factory/support/DefaultListableBeanFactory 375 org/springframework/beans/factory/support/DefaultListableBeanFactory 382 org/springframework/context/annotation/ConfigurationClassBeanDefinitionReader$ConfigurationClassBeanDefinition 384 org/springframework/beans/factory/support/RootBeanDefinition 389 org/springframework/core/ResolvableType$1 391 org/springframework/core/ResolvableType 414 java/lang/Class 421 java/lang/Class 516 org/springframework/beans/factory/support/DefaultListableBeanFactory 546 org/springframework/beans/factory/support/DefaultListableBeanFactory 553 org/springframework/core/ResolvableType 609 org/springframework/core/ResolvableType 624 org/springframework/core/ResolvableType$1 626 org/springframework/core/ResolvableType 631 org/springframework/core/ResolvableType$1 633 org/springframework/core/ResolvableType methods 0
ciMethodData org/springframework/beans/factory/support/FactoryBeanRegistrySupport getTypeForFactoryBean (Lorg/springframework/beans/factory/FactoryBean;)Ljava/lang/Class; 1 201 orig 80 0 0 0 0 0 0 0 0 0 0 0 0 248 127 0 0 0 0 0 0 0 0 0 0 0 0 0 0 0 0 0 0 0 0 0 0 0 0 0 0 0 0 0 0 0 0 0 0 0 0 0 0 0 0 0 0 0 0 0 0 0 0 0 0 0 0 0 0 0 0 0 0 0 0 0 0 0 0 0 0 data 24 0x10005 0x0 0x0 0x18be7783890 0xc1 0x0 0x0 0xf0005 0x0 0x0 0x0 0x0 0x0 0x0 0x0 0x0 0x0 0x0 0x0 0x0 0x9 0x2 0xffffffffffffffff 0xffffffffffffffff oops 1 3 org/springframework/boot/autoconfigure/SharedMetadataReaderFactoryContextInitializer$SharedMetadataReaderFactoryBean methods 0
ciMethodData org/springframework/core/ResolvableType getGeneric ([I)Lorg/springframework/core/ResolvableType; 1 431 orig 80 0 0 0 0 0 0 0 0 0 0 0 0 248 127 0 0 0 0 0 0 0 0 0 0 0 0 0 0 0 0 0 0 0 0 0 0 0 0 0 0 0 0 0 0 0 0 0 0 0 0 0 0 0 0 0 0 0 0 0 0 0 0 0 0 0 0 0 0 0 0 0 0 0 0 0 0 0 0 0 0 data 54 0x10005 0x0 0x0 0x18be7781880 0xc4 0x0 0x0 0x60007 0x0 0x40 0xc4 0xb0007 0x0 0x58 0xc4 0x100007 0xbf 0x38 0x5 0x160003 0x5 0x18 0x2e0007 0x0 0xb0 0x0 0x390005 0x0 0x0 0x0 0x0 0x0 0x0 0x3f0007 0x0 0x40 0x0 0x460007 0x0 0x20 0x0 0x550003 0x0 0xffffffffffffff68 0x0 0x0 0x0 0x0 0x0 0x0 0x9 0x2 0xffffffffffffffff 0x0 oops 1 3 org/springframework/core/ResolvableType methods 0
ciMethodData org/springframework/core/ResolvableType isInstance (Ljava/lang/Object;)Z 2 2398 orig 80 0 0 0 0 0 0 0 0 0 0 0 0 248 127 0 0 0 0 0 0 0 0 0 0 0 0 0 0 0 0 0 0 0 0 0 0 0 0 0 0 0 0 0 0 0 0 0 0 0 0 0 0 0 0 0 0 0 0 0 0 0 0 0 0 0 0 0 0 0 0 0 0 0 0 0 0 0 0 0 0 data 35 0x10007 0x0 0xc8 0x8ce 0x60005 0x8ce 0x0 0x0 0x0 0x0 0x0 0x90005 0x0 0x0 0x18be7783940 0x885 0x18be7781880 0x49 0xc0007 0x8c6 0x38 0x8 0x100003 0x8 0x18 0x0 0x0 0x0 0x0 0x0 0x0 0x9 0x2 0xffffffffffffffff 0x0 oops 2 14 org/springframework/core/ResolvableType$1 16 org/springframework/core/ResolvableType methods 0
ciMethodData org/springframework/beans/factory/support/RootBeanDefinition getTargetType ()Ljava/lang/Class; 2 5848 orig 80 0 0 0 0 0 0 0 0 0 0 0 0 248 127 0 0 0 0 0 0 0 0 0 0 0 0 0 0 0 0 0 0 0 0 0 0 0 0 0 0 0 0 0 0 0 0 0 0 0 0 0 0 0 0 0 0 0 0 0 0 0 0 0 0 0 0 0 0 0 0 0 0 0 0 0 0 0 0 0 0 data 27 0x40007 0x7a 0x20 0x15bb 0x120007 0x7a 0x70 0x0 0x160005 0x0 0x0 0x0 0x0 0x0 0x0 0x190003 0x0 0x18 0x0 0x0 0x0 0x0 0x0 0x0 0x9 0x1 0x0 oops 0 methods 0
ciMethodData org/springframework/util/ClassUtils getUserClass (Ljava/lang/Object;)Ljava/lang/Class; 1 10 orig 80 0 0 0 0 0 0 0 0 0 0 0 0 248 127 0 0 0 0 0 0 0 0 0 0 0 0 0 0 0 0 0 0 0 0 0 0 0 0 0 0 0 0 0 0 0 0 0 0 0 0 0 0 0 0 0 0 0 0 0 0 0 0 0 0 0 0 0 0 0 0 0 0 0 0 0 0 0 0 0 0 data 20 0x40002 0xa 0x80005 0xa 0x0 0x0 0x0 0x0 0x0 0xb0002 0xa 0x0 0x0 0x0 0x0 0x0 0x0 0x9 0x1 0x0 oops 0 methods 0
ciMethodData org/springframework/beans/factory/support/AbstractAutowireCapableBeanFactory predictBeanType (Ljava/lang/String;Lorg/springframework/beans/factory/support/RootBeanDefinition;[Ljava/lang/Class;)Ljava/lang/Class; 2 5843 orig 80 0 0 0 0 0 0 0 0 0 0 0 0 248 127 0 0 0 0 0 0 0 0 0 0 0 0 0 0 0 0 0 0 0 0 0 0 0 0 0 0 0 0 0 0 0 0 0 0 0 0 0 0 0 0 0 0 0 0 0 0 0 0 0 0 0 0 0 0 0 0 0 0 0 0 0 0 0 0 0 0 data 124 0x40005 0x0 0x0 0x18be7783680 0x1630 0x0 0x0 0xb0007 0x0 0x348 0x1630 0xf0005 0x0 0x0 0x18be77839f0 0xae4 0x18be7783aa0 0xb4c 0x120007 0x77 0x2f0 0x15b9 0x160005 0x0 0x0 0x18be7783680 0x15b9 0x0 0x0 0x190007 0x15b9 0x298 0x0 0x1f0007 0x0 0x58 0x0 0x280007 0x0 0x38 0x0 0x2c0003 0x0 0x18 0x330005 0x0 0x0 0x0 0x0 0x0 0x0 0x390005 0x0 0x0 0x0 0x0 0x0 0x0 0x420005 0x0 0x0 0x0 0x0 0x0 0x0 0x470007 0x0 0x178 0x0 0x4c0005 0x0 0x0 0x0 0x0 0x0 0x0 0x510004 0x0 0x0 0x0 0x0 0x0 0x0 0x5b0005 0x0 0x0 0x0 0x0 0x0 0x0 0x640007 0x0 0x98 0x0 0x690007 0x0 0x78 0x0 0x710005 0x0 0x0 0x0 0x0 0x0 0x0 0x740007 0x0 0x20 0x0 0x7a0003 0x0 0xfffffffffffffe68 0x0 0x0 0x0 0x0 0x0 0x0 0x9 0x4 0xffffffffffffffff 0xffffffffffffffff 0xffffffffffffffff 0xffffffffffffffff oops 4 3 org/springframework/beans/factory/support/DefaultListableBeanFactory 14 org/springframework/beans/factory/support/RootBeanDefinition 16 org/springframework/context/annotation/ConfigurationClassBeanDefinitionReader$ConfigurationClassBeanDefinition 25 org/springframework/beans/factory/support/DefaultListableBeanFactory methods 0
ciMethodData org/springframework/beans/factory/support/AbstractAutowireCapableBeanFactory getTypeForFactoryBean (Ljava/lang/String;Lorg/springframework/beans/factory/support/RootBeanDefinition;Z)Lorg/springframework/core/ResolvableType; 1 195 orig 80 0 0 0 0 0 0 0 0 0 0 0 0 248 127 0 0 0 0 0 0 0 0 0 0 0 0 0 0 0 0 0 0 0 0 0 0 0 0 0 0 0 0 0 0 0 0 0 0 0 0 0 0 0 0 0 0 0 0 0 0 0 0 0 0 0 0 0 0 0 0 0 0 0 0 0 0 0 0 0 0 data 387 0x20005 0x0 0x0 0x18be7783680 0xbe 0x0 0x0 0xc0007 0xbe 0x20 0x0 0x120003 0xbe 0xa8 0x1c0005 0x0 0x0 0x0 0x0 0x0 0x0 0x220005 0x0 0x0 0x0 0x0 0x0 0x0 0x250002 0x0 0x280002 0x0 0x2d0005 0x0 0x0 0x18be77839f0 0xbe 0x0 0x0 0x300007 0xbe 0x1f8 0x0 0x380005 0x0 0x0 0x0 0x0 0x0 0x0 0x3f0005 0x0 0x0 0x0 0x0 0x0 0x0 0x420007 0x0 0x20 0x0 0x4a0005 0x0 0x0 0x0 0x0 0x0 0x0 0x4d0007 0x0 0x80 0x0 0x510005 0x0 0x0 0x0 0x0 0x0 0x0 0x540002 0x0 0x570003 0x0 0x18 0x5b0005 0x0 0x0 0x0 0x0 0x0 0x0 0x620005 0x0 0x0 0x0 0x0 0x0 0x0 0x650007 0x0 0x20 0x0 0x6c0005 0x0 0x0 0x18be77839f0 0xbe 0x0 0x0 0x720005 0x0 0x0 0x18be77839f0 0xbe 0x0 0x0 0x790007 0xbe 0x328 0x0 0x7e0007 0x0 0x2b0 0x0 0x840005 0x0 0x0 0x0 0x0 0x0 0x0 0x8b0004 0x0 0x0 0x0 0x0 0x0 0x0 0x8e0007 0x0 0x100 0x0 0x930004 0x0 0x0 0x0 0x0 0x0 0x0 0x9a0005 0x0 0x0 0x0 0x0 0x0 0x0 0x9d0007 0x0 0x70 0x0 0xa20005 0x0 0x0 0x0 0x0 0x0 0x0 0xa70003 0x0 0x88 0xaf0005 0x0 0x0 0x0 0x0 0x0 0x0 0xbd0005 0x0 0x0 0x0 0x0 0x0 0x0 0xc40007 0x0 0xb0 0x0 0xcc0005 0x0 0x0 0x0 0x0 0x0 0x0 0xd30005 0x0 0x0 0x0 0x0 0x0 0x0 0xd60007 0x0 0x20 0x0 0xdf0005 0x0 0x0 0x0 0x0 0x0 0x0 0xe20007 0x0 0x20 0x0 0xea0007 0xbe 0x198 0x0 0xee0005 0x0 0x0 0x0 0x0 0x0 0x0 0xf10007 0x0 0x70 0x0 0xf70005 0x0 0x0 0x0 0x0 0x0 0x0 0xfa0003 0x0 0x50 0x1000005 0x0 0x0 0x0 0x0 0x0 0x0 0x1070007 0x0 0x98 0x0 0x10d0005 0x0 0x0 0x0 0x0 0x0 0x0 0x1140007 0x0 0x30 0x0 0x1190002 0x0 0x1210002 0x0 0x1270007 0x0 0x108 0xbe 0x12b0005 0x0 0x0 0x18be77839f0 0xbe 0x0 0x0 0x12e0007 0x0 0xb0 0xbe 0x1330007 0xbe 0x90 0x0 0x1380005 0x0 0x0 0x0 0x0 0x0 0x0 0x13d0005 0x0 0x0 0x0 0x0 0x0 0x0 0x1420005 0x0 0x0 0x18be77839f0 0xbe 0x0 0x0 0x1450007 0x0 0x1f8 0xbe 0x14d0005 0x0 0x0 0x18be7783680 0xbe 0x0 0x0 0x1540005 0x0 0x0 0x18be7781880 0xbe 0x0 0x0 0x1570007 0xbe 0x20 0x0 0x15f0005 0x0 0x0 0x18be77839f0 0xbe 0x0 0x0 0x1620007 0x0 0x80 0xbe 0x1660005 0x0 0x0 0x18be77839f0 0xbe 0x0 0x0 0x1690002 0xbe 0x16c0003 0xbe 0x18 0x1700005 0x0 0x0 0x18be7783680 0xbe 0x0 0x0 0x1770005 0x0 0x0 0x18be7781880 0xbe 0x0 0x0 0x17a0007 0x0 0x20 0xbe 0x0 0x0 0x0 0x0 0x0 0x0 0x0 0x0 0x0 0x0 0x9 0x4 0x0 0x0 0x0 0x0 oops 12 3 org/springframework/beans/factory/support/DefaultListableBeanFactory 35 org/springframework/beans/factory/support/RootBeanDefinition 105 org/springframework/beans/factory/support/RootBeanDefinition 112 org/springframework/beans/factory/support/RootBeanDefinition 275 org/springframework/beans/factory/support/RootBeanDefinition 304 org/springframework/beans/factory/support/RootBeanDefinition 315 org/springframework/beans/factory/support/DefaultListableBeanFactory 322 org/springframework/core/ResolvableType 333 org/springframework/beans/factory/support/RootBeanDefinition 344 org/springframework/beans/factory/support/RootBeanDefinition 356 org/springframework/beans/factory/support/DefaultListableBeanFactory 363 org/springframework/core/ResolvableType methods 0
ciMethodData org/springframework/core/ResolvableType$1 isAssignableFrom (Ljava/lang/Class;)Z 2 7863 orig 80 1 0 0 0 0 0 0 0 0 0 0 0 248 127 0 0 0 0 0 0 0 0 0 0 0 0 0 0 0 0 0 0 0 0 0 0 0 0 0 2 0 0 0 0 0 0 0 0 0 0 0 0 0 0 0 0 0 0 0 0 0 0 0 0 0 0 0 0 0 0 0 0 0 0 0 0 0 0 0 0 data 23 0x40007 0x0 0x50 0x1cfd 0xc0002 0x1cfd 0x80000006000f0007 0x1cfd 0x38 0x2 0x130003 0x2 0x18 0x0 0x0 0x0 0x0 0x0 0x0 0x9 0x2 0x0 0xffffffffffffffff oops 0 methods 0
ciMethodData org/springframework/core/ResolvableType$1 getGenerics ()[Lorg/springframework/core/ResolvableType; 2 1289 orig 80 0 0 0 0 0 0 0 0 0 0 0 0 248 127 0 0 0 0 0 0 0 0 0 0 0 0 0 0 0 0 0 0 0 0 0 0 0 0 0 0 0 0 0 0 0 0 0 0 0 0 0 0 0 0 0 0 0 0 0 0 0 0 0 0 0 0 0 0 0 0 0 0 0 0 0 0 0 0 0 0 data 5 0x0 0x0 0x9 0x1 0x0 oops 0 methods 0
ciMethodData org/springframework/core/ResolvableType$1 isAssignableFrom (Lorg/springframework/core/ResolvableType;)Z 2 9030 orig 80 0 0 0 0 0 0 0 0 0 0 0 0 248 127 0 0 0 0 0 0 0 0 0 0 0 0 0 0 0 0 0 0 0 0 0 0 0 0 0 0 0 0 0 0 0 0 0 0 0 0 0 0 0 0 0 0 0 0 0 0 0 0 0 0 0 0 0 0 0 0 0 0 0 0 0 0 0 0 0 0 data 34 0x10005 0x0 0x0 0x18be7781880 0x2246 0x0 0x0 0x60007 0x0 0x88 0x2246 0xd0007 0x0 0x50 0x2246 0x150002 0x2246 0x180007 0x222f 0x38 0x17 0x1c0003 0x17 0x18 0x0 0x0 0x0 0x0 0x0 0x0 0x9 0x2 0x0 0x0 oops 1 3 org/springframework/core/ResolvableType methods 0
ciMethodData org/springframework/core/ResolvableType isAssignableFrom (Ljava/lang/Class;)Z 1 309 orig 80 0 0 0 0 0 0 0 0 0 0 0 0 248 127 0 0 0 0 0 0 0 0 0 0 0 0 0 0 0 0 0 0 0 0 0 0 0 0 0 0 0 0 0 0 0 0 0 0 0 0 0 0 0 0 0 0 0 0 0 0 0 0 0 0 0 0 0 0 0 0 0 0 0 0 0 0 0 0 0 0 data 42 0x60004 0xffffffffffffffed 0x0 0x0 0x0 0x0 0x0 0x90007 0x13 0x80 0x0 0xd0004 0x0 0x0 0x0 0x0 0x0 0x0 0x130002 0x0 0x160003 0x0 0x60 0x1b0002 0x13 0x210005 0x13 0x0 0x0 0x0 0x0 0x0 0x0 0x0 0x0 0x0 0x0 0x0 0x9 0x2 0x0 0x0 oops 0 methods 0
ciMethodData org/springframework/core/ResolvableType isAssignableFrom (Lorg/springframework/core/ResolvableType;ZLjava/util/Map;Z)Z 1 802 orig 80 0 0 0 0 0 0 0 0 0 0 0 0 248 127 0 0 0 0 0 0 0 0 0 0 0 0 0 0 0 0 0 0 0 0 0 0 0 0 0 0 0 0 0 0 0 0 0 0 0 0 0 0 0 0 0 0 0 0 0 0 0 0 0 0 0 0 0 0 0 0 0 0 0 0 0 0 0 0 0 0 data 485 0x30002 0x1ce 0xa0007 0x1 0x40 0x1cd 0x110007 0x1cb 0x20 0x2 0x170007 0x1cb 0x78 0x0 0x1f0005 0x0 0x0 0x0 0x0 0x0 0x0 0x280007 0x0 0x1c0 0x0 0x350004 0xfffffffffffffe35 0x0 0x18b9fbd3760 0xa8 0x0 0x0 0x380007 0x1cb 0x168 0x0 0x3d0004 0x0 0x0 0x0 0x0 0x0 0x0 0x4a0004 0x0 0x0 0x0 0x0 0x0 0x0 0x4d0007 0x0 0xd8 0x0 0x520004 0x0 0x0 0x0 0x0 0x0 0x0 0x580007 0x0 0x70 0x0 0x5f0005 0x0 0x0 0x0 0x0 0x0 0x0 0x620003 0x0 0x28 0x690002 0x0 0x6f0007 0x1cb 0xd0 0x0 0x730005 0x0 0x0 0x0 0x0 0x0 0x0 0x760007 0x0 0x78 0x0 0x7a0005 0x0 0x0 0x0 0x0 0x0 0x0 0x7d0007 0x0 0x20 0x0 0x830005 0x0 0x0 0x18be7781880 0x1cb 0x0 0x0 0x860007 0x1cb 0x158 0x0 0x8a0005 0x0 0x0 0x0 0x0 0x0 0x0 0x8d0007 0x0 0x100 0x0 0x910005 0x0 0x0 0x0 0x0 0x0 0x0 0x950005 0x0 0x0 0x0 0x0 0x0 0x0 0x9c0005 0x0 0x0 0x0 0x0 0x0 0x0 0x9f0007 0x0 0x38 0x0 0xa30003 0x0 0x18 0xa90002 0x1cb 0xaf0002 0x1cb 0xb60007 0x1cb 0x260 0x0 0xbb0007 0x0 0x120 0x0 0xc20005 0x0 0x0 0x0 0x0 0x0 0x0 0xc50007 0x0 0xc8 0x0 0xcc0005 0x0 0x0 0x0 0x0 0x0 0x0 0xd00005 0x0 0x0 0x0 0x0 0x0 0x0 0xd30007 0x0 0x38 0x0 0xd70003 0x0 0x18 0xde0007 0x0 0x58 0x0 0xe50005 0x0 0x0 0x0 0x0 0x0 0x0 0xea0007 0x0 0xc8 0x0 0xee0007 0x0 0x70 0x0 0xf50005 0x0 0x0 0x0 0x0 0x0 0x0 0xf80003 0x0 0x50 0xff0005 0x0 0x0 0x0 0x0 0x0 0x0 0x1070007 0x1cb 0x58 0x0 0x10e0005 0x0 0x0 0x0 0x0 0x0 0x0 0x1130007 0x1cb 0x58 0x0 0x1170007 0x0 0x38 0x0 0x11b0003 0x0 0x18 0x12f0004 0xfffffffffffffe35 0x0 0x18b9fbd3760 0xa8 0x0 0x0 0x1320007 0x1cb 0x1f8 0x0 0x1370004 0x0 0x0 0x0 0x0 0x0 0x0 0x1400007 0x0 0xb0 0x0 0x1490005 0x0 0x0 0x0 0x0 0x0 0x0 0x1520007 0x0 0x58 0x0 0x1570005 0x0 0x0 0x0 0x0 0x0 0x0 0x15e0007 0x0 0xd0 0x0 0x1650007 0x0 0xb0 0x0 0x16e0005 0x0 0x0 0x0 0x0 0x0 0x0 0x1770007 0x0 0x58 0x0 0x17c0005 0x0 0x0 0x0 0x0 0x0 0x0 0x1860007 0x0 0x20 0x0 0x18e0007 0x0 0x58 0x1cb 0x1920005 0x0 0x0 0x18be7781880 0x1cb 0x0 0x0 0x1980005 0x0 0x0 0x18be7781880 0x1cb 0x0 0x0 0x19f0007 0x1cb 0x90 0x0 0x1a60005 0x0 0x0 0x0 0x0 0x0 0x0 0x1a90007 0x0 0xf8 0x0 0x1ac0003 0x0 0xd8 0x1b00007 0x1cb 0x90 0x0 0x1b70005 0x0 0x0 0x0 0x0 0x0 0x0 0x1ba0007 0x0 0x68 0x0 0x1bd0003 0x0 0x48 0x1c40002 0x1cb 0x1c70007 0x0 0x20 0x1cb 0x1ce0007 0x0 0x270 0x0 0x1d20005 0x0 0x0 0x0 0x0 0x0 0x0 0x1da0005 0x0 0x0 0x0 0x0 0x0 0x0 0x1dd0005 0x0 0x0 0x0 0x0 0x0 0x0 0x1e80007 0x0 0x20 0x0 0x1f00007 0x0 0x188 0x0 0x1f40007 0x0 0x30 0x0 0x1fc0002 0x0 0x2090005 0x0 0x0 0x0 0x0 0x0 0x0 0x2170007 0x0 0x100 0x0 0x22a0005 0x0 0x0 0x0 0x0 0x0 0x0 0x22d0007 0x0 0x38 0x0 0x2310003 0x0 0x18 0x2380005 0x0 0x0 0x0 0x0 0x0 0x0 0x23b0007 0x0 0x20 0x0 0x2430003 0x0 0xffffffffffffff18 0x0 0x0 0x0 0x0 0x0 0x0 0x0 0x0 0x0 0x0 0x0 0x0 0x0 0x0 0x0 0x9 0x5 0x0 0x0 0x0 0x0 0x0 oops 5 28 org/springframework/core/ResolvableType$SyntheticParameterizedType 106 org/springframework/core/ResolvableType 258 org/springframework/core/ResolvableType$SyntheticParameterizedType 332 org/springframework/core/ResolvableType 339 org/springframework/core/ResolvableType methods 0
ciMethodData org/springframework/core/ResolvableType isAssignableFrom (Lorg/springframework/core/ResolvableType;)Z 1 268 orig 80 0 0 0 0 0 0 0 0 0 0 0 0 248 127 0 0 0 0 0 0 0 0 0 0 0 0 0 0 0 0 0 0 0 0 0 0 0 0 0 0 0 0 0 0 0 0 0 0 0 0 0 0 0 0 0 0 0 0 0 0 0 0 0 0 0 0 0 0 0 0 0 0 0 0 0 0 0 0 0 0 data 17 0x50005 0x0 0x0 0x0 0x0 0x0 0x0 0x0 0x0 0x0 0x0 0x0 0x0 0x9 0x2 0xffffffffffffffff 0xffffffffffffffff oops 0 methods 0
compile org/springframework/beans/factory/support/AbstractBeanFactory isTypeMatch (Ljava/lang/String;Lorg/springframework/core/ResolvableType;Z)Z -1 4 inline 223 0 -1 org/springframework/beans/factory/support/AbstractBeanFactory isTypeMatch (Ljava/lang/String;Lorg/springframework/core/ResolvableType;Z)Z 1 2 org/springframework/beans/factory/support/AbstractBeanFactory transformedBeanName (Ljava/lang/String;)Ljava/lang/String; 2 2 org/springframework/beans/factory/BeanFactoryUtils transformedBeanName (Ljava/lang/String;)Ljava/lang/String; 3 3 org/springframework/util/Assert notNull (Ljava/lang/Object;Ljava/lang/String;)V 3 7 java/lang/String isEmpty ()Z 3 15 java/lang/String charAt (I)C 4 1 java/lang/String isLatin1 ()Z 4 12 java/lang/StringLatin1 charAt ([BI)C 3 29 java/lang/invoke/Invokers$Holder linkToTargetMethod (Ljava/lang/Object;)Ljava/lang/Object; 4 4 java/lang/invoke/LambdaForm$MH+0x0000018ba1000400 invoke (Ljava/lang/Object;)Ljava/lang/Object; 2 5 org/springframework/core/SimpleAliasRegistry canonicalName (Ljava/lang/String;)Ljava/lang/String; 3 7 java/util/concurrent/ConcurrentHashMap get (Ljava/lang/Object;)Ljava/lang/Object; 4 1 java/lang/String hashCode ()I 5 17 java/lang/String isLatin1 ()Z 5 27 java/lang/StringLatin1 hashCode ([B)I 4 4 java/util/concurrent/ConcurrentHashMap spread (I)I 4 34 java/util/concurrent/ConcurrentHashMap tabAt ([Ljava/util/concurrent/ConcurrentHashMap$Node;I)Ljava/util/concurrent/ConcurrentHashMap$Node; 4 73 java/lang/String equals (Ljava/lang/Object;)Z 4 149 java/lang/String equals (Ljava/lang/Object;)Z 1 8 org/springframework/beans/factory/BeanFactoryUtils isFactoryDereference (Ljava/lang/String;)Z 2 5 java/lang/String isEmpty ()Z 2 13 java/lang/String charAt (I)C 3 1 java/lang/String isLatin1 ()Z 3 12 java/lang/StringLatin1 charAt ([BI)C 1 76 org/springframework/core/ResolvableType$1 isAssignableFrom (Ljava/lang/Class;)Z 2 12 org/springframework/util/ClassUtils isAssignable (Ljava/lang/Class;Ljava/lang/Class;)Z 3 3 org/springframework/util/Assert notNull (Ljava/lang/Object;Ljava/lang/String;)V 3 9 org/springframework/util/Assert notNull (Ljava/lang/Object;Ljava/lang/String;)V 1 76 org/springframework/core/ResolvableType isAssignableFrom (Ljava/lang/Class;)Z 2 27 org/springframework/core/ResolvableType forClass (Ljava/lang/Class;)Lorg/springframework/core/ResolvableType; 3 5 org/springframework/core/ResolvableType <init> (Ljava/lang/Class;)V 4 1 java/lang/Object <init> ()V 1 85 org/springframework/core/ResolvableType hasGenerics ()Z 2 1 org/springframework/core/ResolvableType$1 getGenerics ()[Lorg/springframework/core/ResolvableType; 2 1 org/springframework/core/ResolvableType getGenerics ()[Lorg/springframework/core/ResolvableType; 3 41 java/lang/Class getTypeParameters ()[Ljava/lang/reflect/TypeVariable; 4 10 sun/reflect/generics/repository/GenericDeclRepository getTypeParameters ()[Ljava/lang/reflect/TypeVariable; 3 78 org/springframework/core/ResolvableType forType (Ljava/lang/reflect/Type;Lorg/springframework/core/ResolvableType;)Lorg/springframework/core/ResolvableType; 4 7 org/springframework/core/ResolvableType asVariableResolver ()Lorg/springframework/core/ResolvableType$VariableResolver; 5 14 org/springframework/core/ResolvableType$DefaultVariableResolver <init> (Lorg/springframework/core/ResolvableType;)V 6 1 java/lang/Object <init> ()V 4 13 org/springframework/core/ResolvableType forType (Ljava/lang/reflect/Type;Lorg/springframework/core/ResolvableType$VariableResolver;)Lorg/springframework/core/ResolvableType; 5 3 org/springframework/core/ResolvableType forType (Ljava/lang/reflect/Type;Lorg/springframework/core/SerializableTypeWrapper$TypeProvider;Lorg/springframework/core/ResolvableType$VariableResolver;)Lorg/springframework/core/ResolvableType; 6 36 org/springframework/core/ResolvableType <init> (Ljava/lang/reflect/Type;Lorg/springframework/core/ResolvableType;Lorg/springframework/core/SerializableTypeWrapper$TypeProvider;Lorg/springframework/core/ResolvableType$VariableResolver;)V 7 1 java/lang/Object <init> ()V 7 32 org/springframework/core/ResolvableType resolveClass ()Ljava/lang/Class; 8 70 org/springframework/core/ResolvableType resolve ()Ljava/lang/Class; 6 43 org/springframework/util/ConcurrentReferenceHashMap purgeUnreferencedEntries ()V 7 23 org/springframework/util/ConcurrentReferenceHashMap$Segment restructureIfNecessary (Z)V 8 4 java/util/concurrent/atomic/AtomicInteger get ()I 8 34 org/springframework/util/ConcurrentReferenceHashMap$ReferenceManager pollForPurge ()Lorg/springframework/util/ConcurrentReferenceHashMap$Reference; 9 4 java/lang/ref/ReferenceQueue poll ()Ljava/lang/ref/Reference; 10 17 java/lang/ref/ReferenceQueue reallyPoll ()Ljava/lang/ref/Reference; 6 53 org/springframework/core/ResolvableType <init> (Ljava/lang/reflect/Type;Lorg/springframework/core/SerializableTypeWrapper$TypeProvider;Lorg/springframework/core/ResolvableType$VariableResolver;)V 7 1 java/lang/Object <init> ()V 7 26 org/springframework/core/ResolvableType calculateHashCode ()I 7 29 java/lang/Integer valueOf (I)Ljava/lang/Integer; 8 28 java/lang/Integer <init> (I)V 9 1 java/lang/Number <init> ()V 10 1 java/lang/Object <init> ()V 6 61 org/springframework/util/ConcurrentReferenceHashMap get (Ljava/lang/Object;)Ljava/lang/Object; 7 14 org/springframework/util/ConcurrentReferenceHashMap$SoftEntryReference get ()Lorg/springframework/util/ConcurrentReferenceHashMap$Entry; 8 1 java/lang/ref/SoftReference get ()Ljava/lang/Object; 7 29 org/springframework/util/ConcurrentReferenceHashMap$Entry getValue ()Ljava/lang/Object; 6 85 org/springframework/core/ResolvableType <init> (Ljava/lang/reflect/Type;Lorg/springframework/core/SerializableTypeWrapper$TypeProvider;Lorg/springframework/core/ResolvableType$VariableResolver;Ljava/lang/Integer;)V 7 1 java/lang/Object <init> ()V 7 32 org/springframework/core/ResolvableType resolveClass ()Ljava/lang/Class; 8 70 org/springframework/core/ResolvableType resolve ()Ljava/lang/Class; 6 97 org/springframework/util/ConcurrentReferenceHashMap put (Ljava/lang/Object;Ljava/lang/Object;)Ljava/lang/Object; 7 4 org/springframework/util/ConcurrentReferenceHashMap put (Ljava/lang/Object;Ljava/lang/Object;Z)Ljava/lang/Object; 8 25 org/springframework/util/ConcurrentReferenceHashMap$1 <init> (Lorg/springframework/util/ConcurrentReferenceHashMap;[Lorg/springframework/util/ConcurrentReferenceHashMap$TaskOption;ZLjava/lang/Object;)V 9 19 org/springframework/util/ConcurrentReferenceHashMap$Task <init> (Lorg/springframework/util/ConcurrentReferenceHashMap;[Lorg/springframework/util/ConcurrentReferenceHashMap$TaskOption;)V 10 6 java/lang/Object <init> ()V 10 27 java/util/EnumSet of (Ljava/lang/Enum;[Ljava/lang/Enum;)Ljava/util/EnumSet; 11 1 java/lang/Enum getDeclaringClass ()Ljava/lang/Class; 11 4 java/util/EnumSet noneOf (Ljava/lang/Class;)Ljava/util/EnumSet; 12 1 java/util/EnumSet getUniverse (Ljava/lang/Class;)[Ljava/lang/Enum; 13 0 jdk/internal/access/SharedSecrets getJavaLangAccess ()Ljdk/internal/access/JavaLangAccess; 13 4 java/lang/System$2 getEnumConstantsShared (Ljava/lang/Class;)[Ljava/lang/Enum; 14 1 java/lang/Class getEnumConstantsShared ()[Ljava/lang/Object; 15 10 java/lang/Class isEnum ()Z 15 36 java/lang/Class$3 <init> (Ljava/lang/Class;Ljava/lang/reflect/Method;)V 16 11 java/lang/Object <init> ()V 15 39 java/security/AccessController doPrivileged (Ljava/security/PrivilegedAction;)Ljava/lang/Object; 16 5 java/security/AccessController executePrivileged (Ljava/security/PrivilegedAction;Ljava/security/AccessControlContext;Ljava/lang/Class;)Ljava/lang/Object; 17 56 java/lang/ref/Reference reachabilityFence (Ljava/lang/Object;)V 17 60 java/lang/ref/Reference reachabilityFence (Ljava/lang/Object;)V 15 49 java/lang/reflect/Method invoke (Ljava/lang/Object;[Ljava/lang/Object;)Ljava/lang/Object; 16 21 java/lang/reflect/Modifier isStatic (I)Z 12 49 java/util/RegularEnumSet <init> (Ljava/lang/Class;[Ljava/lang/Enum;)V 13 3 java/util/EnumSet <init> (Ljava/lang/Class;[Ljava/lang/Enum;)V 14 1 java/util/AbstractSet <init> ()V 15 1 java/util/AbstractCollection <init> ()V 16 1 java/lang/Object <init> ()V 11 10 java/util/RegularEnumSet add (Ljava/lang/Object;)Z 12 5 java/util/RegularEnumSet add (Ljava/lang/Enum;)Z 13 2 java/util/EnumSet typeCheck (Ljava/lang/Enum;)V 13 17 java/lang/Enum ordinal ()I 11 39 java/util/RegularEnumSet add (Ljava/lang/Object;)Z 12 5 java/util/RegularEnumSet add (Ljava/lang/Enum;)Z 13 2 java/util/EnumSet typeCheck (Ljava/lang/Enum;)V 13 17 java/lang/Enum ordinal ()I 8 28 org/springframework/util/ConcurrentReferenceHashMap doTask (Ljava/lang/Object;Lorg/springframework/util/ConcurrentReferenceHashMap$Task;)Ljava/lang/Object; 9 2 org/springframework/util/ConcurrentReferenceHashMap getHash (Ljava/lang/Object;)I 10 5 org/springframework/core/ResolvableType hashCode ()I 11 11 java/lang/Integer intValue ()I 11 18 org/springframework/core/ResolvableType calculateHashCode ()I 9 8 org/springframework/util/ConcurrentReferenceHashMap getSegmentForHash (I)Lorg/springframework/util/ConcurrentReferenceHashMap$Segment; 9 14 org/springframework/util/ConcurrentReferenceHashMap$Segment doTask (ILjava/lang/Object;Lorg/springframework/util/ConcurrentReferenceHashMap$Task;)Ljava/lang/Object; 10 4 org/springframework/util/ConcurrentReferenceHashMap$Task hasOption (Lorg/springframework/util/ConcurrentReferenceHashMap$TaskOption;)Z 11 5 java/util/RegularEnumSet contains (Ljava/lang/Object;)Z 12 41 java/lang/Enum ordinal ()I 10 13 org/springframework/util/ConcurrentReferenceHashMap$Task hasOption (Lorg/springframework/util/ConcurrentReferenceHashMap$TaskOption;)Z 11 5 java/util/RegularEnumSet contains (Ljava/lang/Object;)Z 12 41 java/lang/Enum ordinal ()I 10 22 org/springframework/util/ConcurrentReferenceHashMap$Segment restructureIfNecessary (Z)V 11 4 java/util/concurrent/atomic/AtomicInteger get ()I 11 34 org/springframework/util/ConcurrentReferenceHashMap$ReferenceManager pollForPurge ()Lorg/springframework/util/ConcurrentReferenceHashMap$Reference; 12 4 java/lang/ref/ReferenceQueue poll ()Ljava/lang/ref/Reference; 13 17 java/lang/ref/ReferenceQueue reallyPoll ()Ljava/lang/ref/Reference; 10 29 org/springframework/util/ConcurrentReferenceHashMap$Task hasOption (Lorg/springframework/util/ConcurrentReferenceHashMap$TaskOption;)Z 11 5 java/util/RegularEnumSet contains (Ljava/lang/Object;)Z 12 41 java/lang/Enum ordinal ()I 10 54 java/util/concurrent/locks/ReentrantLock lock ()V 11 4 java/util/concurrent/locks/ReentrantLock$Sync lock ()V 12 1 java/util/concurrent/locks/ReentrantLock$NonfairSync initialTryLock ()Z 13 7 java/util/concurrent/locks/AbstractQueuedSynchronizer compareAndSetState (II)Z 13 15 java/util/concurrent/locks/AbstractOwnableSynchronizer setExclusiveOwnerThread (Ljava/lang/Thread;)V 13 21 java/util/concurrent/locks/AbstractOwnableSynchronizer getExclusiveOwnerThread ()Ljava/lang/Thread; 13 29 java/util/concurrent/locks/AbstractQueuedSynchronizer getState ()I 13 51 java/util/concurrent/locks/AbstractQueuedSynchronizer setState (I)V 10 63 org/springframework/util/ConcurrentReferenceHashMap$Segment getIndex (I[Lorg/springframework/util/ConcurrentReferenceHashMap$Reference;)I 10 82 org/springframework/util/ConcurrentReferenceHashMap$Segment findInChain (Lorg/springframework/util/ConcurrentReferenceHashMap$Reference;Ljava/lang/Object;I)Lorg/springframework/util/ConcurrentReferenceHashMap$Reference; 11 10 org/springframework/util/ConcurrentReferenceHashMap$SoftEntryReference getHash ()I 11 21 org/springframework/util/ConcurrentReferenceHashMap$SoftEntryReference get ()Lorg/springframework/util/ConcurrentReferenceHashMap$Entry; 12 1 java/lang/ref/SoftReference get ()Ljava/lang/Object; 11 35 org/springframework/util/ConcurrentReferenceHashMap$Entry getKey ()Ljava/lang/Object; 11 43 org/springframework/util/ObjectUtils nullSafeEquals (Ljava/lang/Object;Ljava/lang/Object;)Z 11 54 org/springframework/util/ConcurrentReferenceHashMap$SoftEntryReference getNext ()Lorg/springframework/util/ConcurrentReferenceHashMap$Reference; 10 112 java/lang/invoke/LambdaForm$MH+0x0000018ba1025000 linkToTargetMethod (Ljava/lang/Object;Ljava/lang/Object;ILjava/lang/Object;ILjava/lang/Object;)Ljava/lang/Object; 11 11 java/lang/invoke/LambdaForm$DMH+0x0000018ba1024800 newInvokeSpecial (Ljava/lang/Object;Ljava/lang/Object;Ljava/lang/Object;ILjava/lang/Object;I)Ljava/lang/Object; 12 1 java/lang/invoke/DirectMethodHandle allocateInstance (Ljava/lang/Object;)Ljava/lang/Object; 12 7 java/lang/invoke/DirectMethodHandle constructorMethod (Ljava/lang/Object;)Ljava/lang/Object; 12 26 org/springframework/util/ConcurrentReferenceHashMap$Segment$$Lambda$22+0x0000018ba1026e90 <init> (Lorg/springframework/util/ConcurrentReferenceHashMap$Segment;Ljava/lang/Object;ILorg/springframework/util/ConcurrentReferenceHashMap$Reference;I)V 13 1 java/lang/Object <init> ()V 10 126 org/springframework/util/ConcurrentReferenceHashMap$1 execute (Lorg/springframework/util/ConcurrentReferenceHashMap$Reference;Lorg/springframework/util/ConcurrentReferenceHashMap$Entry;Lorg/springframework/util/ConcurrentReferenceHashMap$Entries;)Ljava/lang/Object; 11 40 org/springframework/util/Assert state (ZLjava/lang/String;)V 11 48 org/springframework/util/ConcurrentReferenceHashMap$Segment$$Lambda$22+0x0000018ba1026e90 add (Ljava/lang/Object;)V 12 21 org/springframework/util/ConcurrentReferenceHashMap$Segment lambda$doTask$0 (Ljava/lang/Object;ILorg/springframework/util/ConcurrentReferenceHashMap$Reference;ILjava/lang/Object;)V 13 7 org/springframework/util/ConcurrentReferenceHashMap$Entry <init> (Ljava/lang/Object;Ljava/lang/Object;)V 14 1 java/lang/Object <init> ()V 13 20 org/springframework/util/ConcurrentReferenceHashMap$ReferenceManager createReference (Lorg/springframework/util/ConcurrentReferenceHashMap$Entry;ILorg/springframework/util/ConcurrentReferenceHashMap$Reference;)Lorg/springframework/util/ConcurrentReferenceHashMap$Reference; 14 39 org/springframework/util/ConcurrentReferenceHashMap$SoftEntryReference <init> (Lorg/springframework/util/ConcurrentReferenceHashMap$Entry;ILorg/springframework/util/ConcurrentReferenceHashMap$Reference;Ljava/lang/ref/ReferenceQueue;)V 15 4 java/lang/ref/SoftReference <init> (Ljava/lang/Object;Ljava/lang/ref/ReferenceQueue;)V 16 3 java/lang/ref/Reference <init> (Ljava/lang/Object;Ljava/lang/ref/ReferenceQueue;)V 13 38 java/util/concurrent/atomic/AtomicInteger incrementAndGet ()I 10 132 java/util/concurrent/locks/ReentrantLock unlock ()V 11 5 java/util/concurrent/locks/AbstractQueuedSynchronizer release (I)Z 12 2 java/util/concurrent/locks/ReentrantLock$Sync tryRelease (I)Z 13 1 java/util/concurrent/locks/AbstractQueuedSynchronizer getState ()I 13 8 java/util/concurrent/locks/AbstractOwnableSynchronizer getExclusiveOwnerThread ()Ljava/lang/Thread; 13 41 java/util/concurrent/locks/AbstractOwnableSynchronizer setExclusiveOwnerThread (Ljava/lang/Thread;)V 13 46 java/util/concurrent/locks/AbstractQueuedSynchronizer setState (I)V 10 139 org/springframework/util/ConcurrentReferenceHashMap$Task hasOption (Lorg/springframework/util/ConcurrentReferenceHashMap$TaskOption;)Z 11 5 java/util/RegularEnumSet contains (Ljava/lang/Object;)Z 12 41 java/lang/Enum ordinal ()I 3 162 org/springframework/core/ResolvableType forType (Ljava/lang/reflect/Type;Lorg/springframework/core/ResolvableType$VariableResolver;)Lorg/springframework/core/ResolvableType; 4 3 org/springframework/core/ResolvableType forType (Ljava/lang/reflect/Type;Lorg/springframework/core/SerializableTypeWrapper$TypeProvider;Lorg/springframework/core/ResolvableType$VariableResolver;)Lorg/springframework/core/ResolvableType; 5 36 org/springframework/core/ResolvableType <init> (Ljava/lang/reflect/Type;Lorg/springframework/core/ResolvableType;Lorg/springframework/core/SerializableTypeWrapper$TypeProvider;Lorg/springframework/core/ResolvableType$VariableResolver;)V 6 1 java/lang/Object <init> ()V 6 32 org/springframework/core/ResolvableType resolveClass ()Ljava/lang/Class; 7 70 org/springframework/core/ResolvableType resolve ()Ljava/lang/Class; 5 43 org/springframework/util/ConcurrentReferenceHashMap purgeUnreferencedEntries ()V 6 23 org/springframework/util/ConcurrentReferenceHashMap$Segment restructureIfNecessary (Z)V 7 4 java/util/concurrent/atomic/AtomicInteger get ()I 7 34 org/springframework/util/ConcurrentReferenceHashMap$ReferenceManager pollForPurge ()Lorg/springframework/util/ConcurrentReferenceHashMap$Reference; 8 4 java/lang/ref/ReferenceQueue poll ()Ljava/lang/ref/Reference; 9 17 java/lang/ref/ReferenceQueue reallyPoll ()Ljava/lang/ref/Reference; 5 53 org/springframework/core/ResolvableType <init> (Ljava/lang/reflect/Type;Lorg/springframework/core/SerializableTypeWrapper$TypeProvider;Lorg/springframework/core/ResolvableType$VariableResolver;)V 6 1 java/lang/Object <init> ()V 6 26 org/springframework/core/ResolvableType calculateHashCode ()I 6 29 java/lang/Integer valueOf (I)Ljava/lang/Integer; 7 28 java/lang/Integer <init> (I)V 8 1 java/lang/Number <init> ()V 9 1 java/lang/Object <init> ()V 5 61 org/springframework/util/ConcurrentReferenceHashMap get (Ljava/lang/Object;)Ljava/lang/Object; 6 14 org/springframework/util/ConcurrentReferenceHashMap$SoftEntryReference get ()Lorg/springframework/util/ConcurrentReferenceHashMap$Entry; 7 1 java/lang/ref/SoftReference get ()Ljava/lang/Object; 6 29 org/springframework/util/ConcurrentReferenceHashMap$Entry getValue ()Ljava/lang/Object; 5 85 org/springframework/core/ResolvableType <init> (Ljava/lang/reflect/Type;Lorg/springframework/core/SerializableTypeWrapper$TypeProvider;Lorg/springframework/core/ResolvableType$VariableResolver;Ljava/lang/Integer;)V 6 1 java/lang/Object <init> ()V 6 32 org/springframework/core/ResolvableType resolveClass ()Ljava/lang/Class; 7 70 org/springframework/core/ResolvableType resolve ()Ljava/lang/Class; 5 97 org/springframework/util/ConcurrentReferenceHashMap put (Ljava/lang/Object;Ljava/lang/Object;)Ljava/lang/Object; 6 4 org/springframework/util/ConcurrentReferenceHashMap put (Ljava/lang/Object;Ljava/lang/Object;Z)Ljava/lang/Object; 7 25 org/springframework/util/ConcurrentReferenceHashMap$1 <init> (Lorg/springframework/util/ConcurrentReferenceHashMap;[Lorg/springframework/util/ConcurrentReferenceHashMap$TaskOption;ZLjava/lang/Object;)V 8 19 org/springframework/util/ConcurrentReferenceHashMap$Task <init> (Lorg/springframework/util/ConcurrentReferenceHashMap;[Lorg/springframework/util/ConcurrentReferenceHashMap$TaskOption;)V 9 6 java/lang/Object <init> ()V 9 27 java/util/EnumSet of (Ljava/lang/Enum;[Ljava/lang/Enum;)Ljava/util/EnumSet; 10 1 java/lang/Enum getDeclaringClass ()Ljava/lang/Class; 10 4 java/util/EnumSet noneOf (Ljava/lang/Class;)Ljava/util/EnumSet; 11 1 java/util/EnumSet getUniverse (Ljava/lang/Class;)[Ljava/lang/Enum; 12 0 jdk/internal/access/SharedSecrets getJavaLangAccess ()Ljdk/internal/access/JavaLangAccess; 12 4 java/lang/System$2 getEnumConstantsShared (Ljava/lang/Class;)[Ljava/lang/Enum; 13 1 java/lang/Class getEnumConstantsShared ()[Ljava/lang/Object; 14 10 java/lang/Class isEnum ()Z 14 36 java/lang/Class$3 <init> (Ljava/lang/Class;Ljava/lang/reflect/Method;)V 15 11 java/lang/Object <init> ()V 14 39 java/security/AccessController doPrivileged (Ljava/security/PrivilegedAction;)Ljava/lang/Object; 15 5 java/security/AccessController executePrivileged (Ljava/security/PrivilegedAction;Ljava/security/AccessControlContext;Ljava/lang/Class;)Ljava/lang/Object; 16 29 java/lang/Class$3 run ()Ljava/lang/Object; 16 56 java/lang/ref/Reference reachabilityFence (Ljava/lang/Object;)V 16 60 java/lang/ref/Reference reachabilityFence (Ljava/lang/Object;)V 14 49 java/lang/reflect/Method invoke (Ljava/lang/Object;[Ljava/lang/Object;)Ljava/lang/Object; 15 21 java/lang/reflect/Modifier isStatic (I)Z 1 136 org/springframework/core/ResolvableType resolve ()Ljava/lang/Class; 1 158 org/springframework/core/ResolvableType resolve ()Ljava/lang/Class; 1 282 org/springframework/core/ResolvableType resolve ()Ljava/lang/Class; 1 377 org/springframework/beans/factory/support/AbstractBeanFactory getParentBeanFactory ()Lorg/springframework/beans/factory/BeanFactory; 1 420 org/springframework/beans/factory/support/RootBeanDefinition getDecoratedDefinition ()Lorg/springframework/beans/factory/config/BeanDefinitionHolder; 1 426 org/springframework/core/ResolvableType resolve ()Ljava/lang/Class; 1 628 org/springframework/core/ResolvableType resolve ()Ljava/lang/Class; 1 714 org/springframework/core/ResolvableType resolve ()Ljava/lang/Class;
